id,student_link,question_no,content,teacher_feedback,version_label,updated_at
fe23628c-ef9d-495a-9ccc-f6ee6366e4ef,AvECxiSriksN8Ie,1,"[상세분할]농구 경기를 관람하다가 나는 실제 슈팅 성공률이라는 익숙하지 않은 통계 지표를 발견하였고 이 지표가 어떻게 생겨났고 어떠한 역할을 가지는지 탐구해 보고 싶어졌다. 실제 슈팅 성공률은 필드골 성공률, 자유투 성공률, 3점슛 성공률을 종합적으로 계산하기 위해 만들어진 통계 지표라는 것을 알게 되었다. 실제 슈팅 성공률을 계산할 때 이용하는 공식은 '총 득점/야투 시도+0.44x자유투 시도' 이다. 그래서 저는 이 공식이 무엇을 의미하는지 탐구해 보았다. 먼저 이 공식은 총 득점을 공격 기회 횟수루 나누어 선수의 공격 성공률을 나타낸다. 기본적으로 공격 기회 1회는 2점슛 한번을 쏘는 것이다.
야투 시도는 1번당 공격 기회 1번이지만, 자유투는 상황에 따라 2개, 3개, 혹은 1개만 주어지기도 한다. 따라서 그동안의 농구 경기에서 빅데이터를 분석해 자유투 1개가 소비하는 실제 공격 기회 비율을 계산해 보니 약 0.44번이라는 값이 나와 자유투 시도 횟수에 0.44를 곱하게 되었다.
'야투 시도 + (0.44 × 자유투 시도)'로 선수가 득점을 위해 소모한 전체 공격 기회 수를 구하고, 여기에 2를 곱해 득점 기준점을 만든 뒤, 선수가 실제로 올린 총 득점을 나누어 최종 효율성을 퍼센트로 나타낸 것이 실제 슈팅 성공률 값이란 것 을 알게 되었다.

이 탐구를 진행하면서 나는 제대로 이해되지 않는 것이 있을 때 깊이 고민하고 탐구해본 결과, 일상 생활 속 궁금증들을 수학적으로 해결하는 법을 배웠다.",,최신,2026-08-06 15:01:08.295+00
a39aafa4-06df-4bee-acca-49febc465c3f,AvECxiSriksN8Ie,6,"효율적인 하중 분산을 위한 최적의 빨대 구조물 탐구 및 아치와 트러스 구조의 비교 및 적용[상세분할]먼저, 아치형 구조가 가장 안정적인 것은 알았지만 빨대만을 이용하여 구조를 만들기 어려웠다. 그래서 나는 빨대로 만들기가 안정적인 또 다른 건축 구조인 트러스 구조를 이용하여서 큰 무게도 버틸 수 있는 안정적인 빨대 구조물을 만들 수 있었다. 이 경험을 바탕으로 나는 이론적으로 뛰어난 구조라도 실제로는 적용하기 어려울 수 있다는 것을 깨달았다. 아치 구조의 실패에 머무르지 않고 빨대의 특성에 맞는 트러스 구조를 찾아내어 문제를 해결하면서, 건축이나 공학에서는 과학적 이론뿐만 아니라 상황에 맞는 선택들이 필요하다는 것을 배웠다.",,최신,2026-08-06 14:59:17.986+00
82d90805-422b-4a75-b3d7-f05124227c46,AvECxiSriksN8Ie,4,"농구 골대에 따른 슈팅 성공률의 변화 경험을 통한 가장 적합한 백보드 재질에 대한 연구[상세분할]실험 전 인식도 조사를 통해 공이 백보드에 잘 튕겨 나가는 백보드가 선호도가 높다는 결과를 얻었다. 그래서 나는 바닥에 아크릴 판, 철 판, 나무 판을 각각 놓고 일정한 높이에서 농구공을 떨어뜨리는 방식으로 반발 계수를 측정했다. 아크릴 판의 반발 계수가 0.7, 철 판이 0.75, 나무 판이 0.6으로 철 판이 가장 높았다. 철이 가장 적합하지만 관중들의 시야 방해 등으로 사용하지 않는다는 것을 알게 되었다. 평소 취미를 과학적 관점으로 바라보며 숨겨져 있는 과학적 원리를 새롭게 배우고 깊이 이해할 수 있다는 것을 알게 되었다.",,최신,2026-08-06 14:56:54.457+00
2abd4f13-4f1c-46cb-8b80-113e8aeb4f91,AvECxiSriksN8Ie,5,"[상세분할]농구라는 스포츠를 하다 보면 손목 힘으로 공에 회전을 주어서 백보드 가장자리를 맞고도 공이 골대로 가는 기이한 현상들을 자주 볼 수 있다. 상황이나 위치에 따라 다른 스핀 방향을 주는 것을 보면서 공에 부여된 스핀은 단순히 반사각만 바꾸는 것이 아니라, 공이 공중에 머무는 낙하 시간에도 영향을 미칠 것이라는 가설을 세웠다. 그래서 저는 공의 스핀 방향에 따른 낙하 시간과 슈팅 성공률을 연관 지어서 탐구해 보았습니다.

선수들이 슛을 쏠 때 백스핀을 주
먼저 일정한 거리에서 농구공에 각각 전진회전과 역회전을 주어서 일정한 지점에 충돌 시키고 충돌 후 바닥에 닿기까지의 체공 시간과 벽에 충돌 후 바닥에 튕겨 나온 거리를 측정하여 비교하였습니다. 측정한 결과는 전진 회전이 약 0.8초의 체공 시간을 가지며 48.2 cm 튕겨 나왔고, 역회전이 약 0.4초의 체공 시간을 가지며 31.4 cm 튕겨 나왔습니다. 기하학적으로 농구공이 림에 진입할 때, 림의 수평면과 완벽하게 수직에 가까운 각도로 위에서 아래로 떨어질수록 공이 통과할 수 있는 면적이 최대로 넓어지며 슈팅 성공률이 높아집니다. 그러므로 백보드에 부딪힌 후 림에 가깝게 떨어지는 역회전이 슈팅에 더욱 유리하다는 결과가 나왔습니다. 이 실험을 통해 작은 동작들에도 과학적 원리가 숨겨져 있다는 것을 배웠고 앞으로 일상 생활 속 적용되어 있는 과학을 파헤쳐 보고 싶다는 생각이 들었다.",,최신,2026-08-06 14:56:54.457+00
514cbf81-2e22-4ea2-b011-0aa07f8ef2ee,AvECxiSriksN8Ie,6,"효율적인 힘 분산을 이용한 빨대 구조물 만들기[상세분할]먼저, 아치형 구조가 가장 안정적인 것은 알았지만 빨대만을 이용하여 구조를 만들기 어려웠다. 그래서 나는 빨대로 만들기가 안정적인 또 다른 건축 구조인 트러스 구조를 이용하여서 큰 무게도 버틸 수 있는 안정적인 빨대 구조물을 만들 수 있었다. 이 경험을 바탕으로 나는 이론적으로 뛰어난 구조라도 실제로는 적용하기 어려울 수 있다는 것을 깨달았다. 아치 구조의 실패에 머무르지 않고 빨대의 특성에 맞는 트러스 구조를 찾아내어 문제를 해결하면서, 건축이나 공학에서는 과학적 이론뿐만 아니라 상황에 맞는 선택들이 필요하다는 것을 배웠다.",,최신,2026-08-06 14:56:54.457+00
66eabeba-b4d4-4c14-a0ee-edd384c15c7e,2opqZTOFa37VK3v,4,"고무판을 이용한 미끄럼 방지와 모세관 원리를 이용한 주변이 젖는 현상을 방지한 컵홀더 제작[상세분할]경사면에 미끄럼방지패드 소재들의 마찰계수를 비교한 결과 마찰계수가 가장 높게 측정된 고무패드를 평평한 원판 형태로 붙였다. 그러나 컵홀더 밑면에 물이 묻었을 때 쉽게 미끄러지는 문제가 발생했고, 패드를 격자형 패턴으로 바꿔 물이 돌기 사이에 들어가게 하며 문제를 해결했다. 모양이 같고 섬유 밀도가 다른 스펀지에 물 200mL 넣어 흡수력을 비교하고 탈부착 가능하게 설계하여 세척이 용이하게 하였다. 이렇게 일상 속의 불편함을 해결할 방법을 고민하면서 아주 기초적이고 간단한 원리로도 일상생활에 큰 도움을 줄 수 있다는 것을 알게되었다.",,최신,2026-08-06 14:45:31.94+00
68f79a00-872b-436b-a67f-0b6f0d614763,2opqZTOFa37VK3v,4,"고무판을 이용한 미끄럼 방지와 모세관 원리를 이용한 주변이 젖는 현상을 방지한 컵홀더 제작[상세분할]경사면에 미끄럼방지패드 소재들의 마찰계수를 비교한 결과 마찰계수가 가장 높게 측정된 고무패드를 평평한 원판 형태로 붙였다. 하지만 컵홀더 밑면에 물이 묻었을 때 쉽게 미끄러지는 문제가 발생했고, 패드를 격자형 패턴으로 바꿔 물이 돌기 사이에 들어가게 하며 문제를 해결했다. 모양이 같고 섬유 밀도가 다른 스펀지에 물 200mL 넣어 흡수력을 비교하고 탈부착 가능하게 설계하여 세척이 용이하게 하였다. 이렇게 일상 속의 불편함을 해결할 방법을 고민하면서 아주 기초적이고 간단한 원리로도 일상생활에 큰 도움을 줄 수 있다는 것을 알게되었다.",,최신,2026-08-06 14:45:18.233+00
bd7d47f8-8f2c-4f00-8c63-0684dc410030,2opqZTOFa37VK3v,5,"소장의 길고 구불구불한 구조를 이용한 낙하 시간 지연 구슬 경사로 제작 및 협동 탐구[상세분할]처음에는 3cm 길이의 빨대 조각들을 5mm 간격으로 틈을 두어 점선처럼 설치했는데, 구슬을 굴렸을때 틈에 걸려 멈추거나 경로를 이탈했다. 이를 보완하고자 소장의 구조를 응용해 경사로를 완만하고 굴곡지게 설계하여 이동거리를 늘리고 외벽에서의 충돌,마찰,관성으로 속도의 증폭을 억제했다. 설계대로 경사로를 만들던 중 빨대가 부족했다. 이쑤시개를 레일처럼 만들어 경사로에 덧대어 보완한 결과 구슬이 50초 이상 머무르게 하는 데 성공했다. 이 과정에서 아이디어 공유와 협동의 중요성을 깨달았고, 생체모방을 적용해 문제를 해결한 경험을 바탕으로 생명공학에 관심을 갖게 되었다.",,최신,2026-08-06 14:44:32.89+00
a4f958e7-6607-4745-83df-af6260ae1541,2opqZTOFa37VK3v,4,"고무판을 이용한 미끄럼 방지와 모세관 원리를 이용한 주변이 젖는 현상을 방지한 컵홀더 제작[상세분할]경사면에 미끄럼방지패드 소재들의 마찰계수를 비교한 결과 마찰계수가 가장 높게 측정된 고무패드를 평평한 원판 형태로 붙였다. 그러나 컵홀더 밑면에 물이 묻었을 때 쉽게 미끄러지는 문제가 발생했고, 패드를 격자형 패턴으로 바꿔 물이 돌기 사이에 들어가게 하며 문제를 해결했다. 모양이 같고 섬유 밀도가 다른 스펀지에 물 200mL 넣어 흡수력을 비교하고 탈부착 가능하게 설계하여 세척이 용이하게 하였다. 이렇게 일상 속의 불편함을 해결할 방법을 고민하면서 아주 기초적이고 간단한 원리로도 일상생활에 큰 도움을 줄 수 있다는 것을 알게되었다.",,최신,2026-08-06 14:40:19.768+00
ef200ec9-6c5f-4732-b950-29e43255bc30,mo8vdRSQHGpoxY7,5,"[상세분할]학교 동아리 활동에서 한옥 만들기 키트를 활용해서 한옥 지붕에 사용된 과학적 원리를 탐구했다. 이 활동에서 빗물에 지붕이 녹슬지 않도록 빗물이 빨리 빠지게 설계된 원리인 사이클로이드 곡선에 흥미를 갖게 되었다. 연구하면서, 사이클로이드 곡선을 뒤집은 등시 곡선은 구슬을 어디서 굴리든 바닥까지 도달하는 시간이 정확히 똑같다는 성질을 가진다는 것을 알게되었다 이를 직접 확인하기 위해 키트를 활용해, 궤도의 꼭대기와 중간 지점에서 쇠구슬을 동시에 굴렸을 때 바닥에 도달하는 시간이 같음을 확인하는 등시성 실험을 직접 진행했다. 등시 곡선의 증명 과정에는 적분이 포함돼 제대로 증명할 수 없었지만, 역학적 에너지 보존 법칙을 통해 속력을 높이에 따른 식으로 나타냈고, 적분을 사용해야 하는 이유를 생각해보면서 이해할 수 있었다. 이 활동을 통해 물류 레일이나 놀이기구 미끄럼틀의 곡선 설계에 사이클로이드 곡선을 적용해 본다면 효율성을 높일 수 있음을 깨달았다. 무언가 배울 때 받아들이기만 하지 않고 궁금한 점을 더 찾아보고 계속 생각해보는 게 진짜 과학적 활동이라는 것을 깨달았다",,최신,2026-08-06 14:26:54.241+00
ef0f5d24-dbba-47a6-bac6-995f6d9e220e,YMqRLEUmmu4DQGu,6,"안면 부위별 가림 실험에 통한 특징점 분석과 AI 안면 인식 알고리즘 작동 메커니즘 탐구[상세분할]친구의 핸드폰이 다른 아이의 얼굴을 인식하고 잠금이 해제되는 것을 확인했다. 차례로 눈, 볼, 코, 미간에 차례로 검은 종이를 붙이고 안면 인식을 시도하였더니 눈과 코에 붙인 경우에 다른 사람으로 인식하였다. 이 과정을 통해 부위에 따른 차이가 있다는 점을 확인할 수 있었다. 실제로 안면인식은 눈, 코, 입술 등의 ‘특징점’을 기준으로 얼굴을 나눈후, 각 구역의 이미지를 AI를 통해 데이터화 시켜 이를 기존의 데이터와 비교하여 동일한 인물인지를 판단한다. 이렇듯 궁금증에서 시작한 의문을 단순한 호기심으로 끝내는 것이 아니라, 탐구 과정으로 구체화 시키므로써 양질의 지식을 획득 할 수 있었다. 이 경험을 통해 모르는 것에 대해 탐구하는 것을 두려워하지 않게 되었고 다른 공부를 할 때에도 모르는 것은 즉각 찾아보는 습관을 형성하여 학습의 질 향상을 이끌어내었다.",,최신,2026-08-06 14:17:53.952+00
0e155ec3-f357-46eb-8a35-4a4f23a2355b,YMqRLEUmmu4DQGu,6,"안면 부위별 가림 실험에 통한 특징점 분석과 AI 안면 인식 알고리즘 작동 메커니즘 탐구[상세분할]친구의 핸드폰이 다른 아이의 얼굴을 인식하고 잠금이 해제되는 것을 확인했다. 차례로 눈, 볼, 코, 미간에 차례로 검은 종이를 붙이고 안면 인식을 시도하였더니 눈과 코에 붙인 경우에 다른 사람으로 인식하였다. 이 과정을 통해 부위에 따른 차이가 있다는 점을 확인할 수 있었다. 실제로 안면인식은 눈, 코, 입술 등의 ‘특징점’을 기준으로 얼굴을 나눈후, 각 구역의 이미지를 AI를 통해 데이터화 시켜 이를 기존의 데이터와 비교하여 동일한 인물인지를 판단한다. 이렇듯 궁금증에서 시작한 의문을 단순한 호기심으로 끝내는 것이 아니라, 탐구 과정으로 구체화 시키므로써 양질의 지식을 획득 할 수 있었다. 이 경험을 통해 모르는 것에 대해 탐구하는 것을 두려워하지 않게 되었고 다른 공부를 할 때에도 모르는 것은 즉각 찾아보는 습관을 형성하여",,최신,2026-08-06 14:15:30.288+00
431907d3-6cfb-4fe6-85cb-8a6e252f30d8,mo8vdRSQHGpoxY7,2,"[상세분할]명제에서 루트2가 무리수임을 증명하는 문제를 귀류법으로 해결하는 것을 배웠다.  그러다가 문득 파이가 무리수라는 것은 어떻게 증명할 수 있는지 궁금해졌다. 파이는 다른 무리수들처럼 귀류법으로 증명할 수 없을까하고 찾아보다 람베르트의 증명법을 알게되었다. 람베르트의 증명법에서도 무리수 증명법처럼 파이를 유리수로 가정한 다음, 유리수를 대입했을 때 항상 무리수가 되는 무한연분수의 모순을 찾아 파이가 무리수임을 증명했습니다. 이 증명법을 공부하면서 수학이 논리적인 사고 과정을 중시하는 학문이라는 것을 알게 되었고 완벽해 보이는 이론을 보더라도 의심하고 왜 그런지 증명해보게 되었다.",,최신,2026-08-06 14:14:13.273+00
63fe3525-0680-47c0-a304-98fc42e7c5cc,mo8vdRSQHGpoxY7,4,"[상세분할]비타민C의 보관온도, 같이 놔둔 고체 금속를 달리하여 비타민C 산화환원 적정 실험을 진행했다. 아이오딘이랑 비타민C가 산환환원 반응을 해 아이오딘이 녹말 지시약과 반응하여 색이 변할 때까지 넣은 양을 토대로 산화된 양을 비교했다.

 변인이 같아야 정확한 실험이 가능하기 때문에 같이 넣은 금속인 황산구리, 질산은,  철, 구리, 아연을 넣을때 무게를 같게 넣었다. 처음엔 비타민을 과도하게 넣어서  요오드-요오드화 칼륨 용액이 과소모되어 실험을 중단했다. 비타민c와  요오드-요오드화 칼륨 용액의 몰농도를 고려해서 실험이 너무 빠르거나 느리지 않게 비타민c를 넣어서 다시 실험했다.  통해서 반응 비율을 고려한 시료의 양 조절의 중요성을 알게 되었다. 또한, 실험을 하면서 어려움을 겪었지만 실패원인을 분석하고 포기하지 않은 이 경험을 통해 그 다음부터 실험이나 공부를 할 때 실패하더라도 계속해서 노력해 해결해나가는 태도를 갖추게 되었다.",,최신,2026-08-06 14:14:13.273+00
33b299e2-d2cc-4d1f-9253-1b998db7ef0d,YMqRLEUmmu4DQGu,6,"안면 부위별 가림 실험에 통한 특징점 분석과 AI 안면 인식 알고리즘 작동 메커니즘 탐구[상세분할]친구의 핸드폰이 다른 아이의 얼굴을 인식하고 잠금이 해제되는 것을 확인했다. 차례로 눈, 볼, 코, 미간에 차례로 검은 종이를 붙이고 안면 인식을 시도하였더니 눈과 코에 붙인 경우에 다른 사람으로 인식하였다. 이 과정을 통해 부위에 따른 차이가 있다는 점을 확인할 수 있었다. 실제로 안면인식은 눈, 코, 입술 등의 ‘특징점’을 기준으로 얼굴을 나눈후, 각 구역의 이미지를 AI를 통해 데이터화 시켜 이를 기존의 데이터와 비교하여 동일한 인물인지를 판단한다. 이렇듯 궁금증에서 시작한 의문을 단순한 호기심으로 끝내는 것이 아니라, 탐구 과정으로 구체화 시키므로써 양질의 지식을 획득 할 수 있었다.",,최신,2026-08-06 14:07:07.633+00
c979c7a9-b690-4704-8434-460777e517d7,AvECxiSriksN8Ie,2,"[상세분할]농구 슈팅 성공률을 높이기 위한 농구공이 림에 들어갈 때의 최적의 각도는 45도라는 것을 알게 되었습니다. 그러나, 공의 발사 지점에서의 높이와 림에 들어갈 때의 높이가 다르기 때문에 공이 발사될 때의 최적의 각도는 다르게 나온다는 것을 알게 되었습니다. 그래서 나는 농구 슈팅 성공률을 높이기 위한 최적의 발사각은 무엇인지 탐구해 보았습니다.
먼저 공의 발사 지점을 원점으로 설정하고 3점 슛 거리와 골대의 높이를 고려하여 (6.75, 3)으로 놓고, 이 두 점을 지나는 이차함수를 공의 포물선이라고 생각합니다. 그리고, 림에 들어가는 각도가 45도임을 이용하여 이차함수와의 접선의 기울기를 구하고 
접선의 기울기를 이용해서 탄젠트를 이용해서 구했다.",,최신,2026-08-06 14:06:09.349+00
8061020c-e34a-4ab8-ad36-bb24ff898e16,AvECxiSriksN8Ie,4,"[상세분할]오랫동안 농구라는 스포츠를 즐겨하면서 저에게 농구는 단순한 취미가 아닌 더욱 깊게 연구하고 싶은 대상이 되었습니다. 여러 농구장들을 다니면서 나는 한가지 특이한 점을 발견했고, 그것은 바로 농구 골대의 백보드 재질에 따라 슈팅 성공률이 달라진다는 것이었습니다. 실험 전 인식도 조사를 통해 공이 백보드에 잘 튕겨 나가는 백보드가 선호도가 높다는 결과를 얻었습니다. 그래서 저는 각기 다른 농구 골대들의 백보드 재질들의 반발 계수, 즉 두 물체의 충돌 전 후의 속도의 비율을 비교해 보았습니다. 바닥에 아크릴 판, 철 판, 나무 판을 각각 놓고 일정한 높이에서 농구공을 떨어뜨리고 충돌 후 농구공이 튀어 오른 높이를 측정하였습니다. 그리고 반발 계수 공식인 '루트 (튀어오른 높이/낙하한 높이)'를 이용하여 각 판의 반발 계수를 구하였습니다. 측정한 값을 구해보니 아크릴 판의 반발 계수가 약 0.7, 철 판이 약 0.75, 나무 판이 약 0.6으로 철 판이 가장 높았습니다. 결과적으로 철 판의 반발 계수가 가장 높게 나왔으므로 철이 가장 이상적인 농구 골대의 백보드 재질이라는 결과가 나왔습니다. 다만, 이번 탐구를 통해 과학적 수치인 반발 계수만으로 현실의 최적 재질을 결론지을 수는 없다는 점도 깨달았습니다. 실험 결과만 보면 반발 계수가 가장 높은 철이 가장 이상적인 백보드 재질이라는 결론을 지을 수 있지만, 실제 농구장에서는 시야 확보, 과도한 반발력으로 인한 슛 조절의 어려움, 무게와 구조적 안전성 등 다양한 현실적 요소들을 함께 고려해야 함을 알게 되었습니다. 결국 과학이란 단지 이론과 공식에 그치는 것이 아니라, 스포츠의 경기력 향상과 사용자의 안전, 관람의 편의성까지 종합적으로 고려되어 일상에 적용된다는 것을 배울 수 있었습니다. 평소 즐겨 하던 농구라는 스포츠를 단순한 운동을 넘어 과학적 관점으로 바라보면서, 우리의 일상과 스포츠 현장에 물리적 원리가 깊숙이 숨겨져 있다는 것을 이 실험을 통해 깨달을 수 있었습니다.",,최신,2026-08-06 14:06:09.349+00
cf89eab0-f122-4214-ae29-9751aba6fd15,AvECxiSriksN8Ie,6,"[상세분할]저는 교내 과학의 달 행사를 맞이하여 빨대로 만든 구조물 위에 책을 올려 놓는 빨대 구조물 만들기에 참여하였습니다. 그래서 저는 어떠한 구조가 힘을 분산하는데에 효율적인지 탐구해보았습니다. 먼저, 아치형 구조물은 곡선으로 쌓인 모양으로 인해 위에 실린 하중이 곡선을 따라 밑으로 이동하면서 힘을 분산 시킨다는 것을 알게 되었습니다. 그러나, 모의 실험을 해본 결과 빨대만을 연결 시켜서 곡선 형태의 구조물을 만드는 것은 매우 까다로웠습니다. 그래서 저는 빨대로 만들기가 더욱 안정적인 또 다른 건축 구조 트러스 구조를 이용해보았습니다. 트러스 구조는 삼각형 모양의 뼈대로 이루어져 있어 세 변이 고정되면 외력이 가해져도 구조가 변하지 않게 됩니다. 저는 이러한 트러스 구조를 이용하여서 큰 무게도 버틸 수 있는 안정적인 빨대 구조물을 만들 수 있었습니다. 이 경험을 바탕으로 저는 이론적으로 뛰어난 구조라도 실제로는 적용하기 어려울 수 있다는 것을 깨달았습니다. 아치 구조의 실패에 머무르지 않고 빨대의 특성에 맞는 트러스 구조를 찾아내어 문제를 해결하면서, 건축이나 공학에서는 과학적 이론뿐만 아니라 상황에 맞는 선택들이 필요하다는 것을 배웠습니다.",,최신,2026-08-06 14:06:09.349+00
c7b62aba-7ab6-4c58-8f66-6adbef9b3c5b,YMqRLEUmmu4DQGu,4,전자기기의 기울기 변화 조사를 통해 알게된 자이로센서의 원리와 돌림힘 탐구[상세분할](개인) 전자기기들이 어떻게 기울기의 변화를 감지하는지 궁금해졌다. 조사해보니 자이로센서와 이를 이용한 자이로센서와 토크라는 개념이 등장했다. 돌림힘(토크)의 원리에 의해 자이로스코프가 지면과 일정한 각도를 유지하며 돌 수 있고 이 각도의 변화를 통해 기울기의 변화를 측정하는 것이 자이로 센서였다. 이 개념들을 이해하기 위해 책이나 영상도 찾아보고 직접 팔을 벌리고 돌아 보기도 하였다. 그리고 이 탐구를 발표자료로 재구성해 발표하는 과정을 진행하였다. 탐구를 진행하면서 복잡한 것도 나누어 이해한 후 다시 접목시키는 방식을 터득하였다. 예를 들어 국어 지문 같은 것을 분석할 때도 각부분의 재제와 핵심 논리를 파악한 후에 그 핵심들을 뭉쳐서 글전체의 요점을 파악하는 방식으로 활용하였다.,,최신,2026-08-06 13:50:41.465+00
702f6962-2b06-43af-92fe-077baf014711,YMqRLEUmmu4DQGu,6,"안면 부위별 가림 실험에 통한 특징점 분석과 AI 안면 인식 알고리즘 작동 메커니즘 탐구[상세분할](개인) 어느날, 친구의 핸드폰이 다른 아이의 얼굴을 인식하고 잠금이 해제되는 것을 확인했다. 이 현상에 궁금증을 느껴 안면인식에 대해 ‘특정 기준 부위를 중점으로 판단 할 것이다.’라는 가설을 세우고 탐구를 시작하게되었다. 차례로 눈, 볼, 코, 미간에 차례로 검은 종이를 붙이고 안면 인식을 시도하였더니 눈과 코에 붙인 경우에 다른 사람으로 인식하였다. 이 과정을 통해 부위에 따른 차이가 있다는 점을 확인할 수 있었다. 이후 실제로 쓰이는 안면인식은 어떻게 작동하는지를 찾아 보았다. 기본적으로 눈, 코, 입, 귀, 입술 등의 ‘특징점’을 기준으로 얼굴을 나눈후, 각 구역의 이미지를 AI를 통해 데이터화 시킨다. 이를 기존의 데이터와 비교하여 최종적으로 동일한 인물인지 아닌지를 판단한다.",,최신,2026-08-06 13:44:52.339+00
ec698c2f-a9f8-4426-9677-737aae05c34f,YMqRLEUmmu4DQGu,5,"활동주제:엔트로피(임시)[상세분할](개인) 과학 책을 읽으면서 엔트로피라 불리우는 개념이 등장했다. 그런데 책에 나와있는 정보만으로는 이해가 되지 않아서 직접 찾아보기로 했다. 먼저 개념의 사전적 정의부터 찾아보았다. 그리고 책에 나와있던 단편적인 지식을 조합하여 전체적인 갈피를 잡았다. 이후에 엔트로피에 대해 전문적으로 설명한 글과 영상을 찾아보며 내가 이해한 내용이 맞는지 확인하고, 동시에 내용을 보충하면서 이해한 내용을 말로써 정리하였다. 또한 조사한 내용을 발표로 재구성하면서 엔트로피가 실제로 사용되거나, 설명 될 수 있는 현상이나 볼풀장의 공들이나 주사위 등의 일상생활 상황을 예로 들어 설명함으로써 이해를 굳혔다. 간단하게 열기관의 효율을 계산하는 방식을 보여주고 왜 효율이 100%가 될 수 없는지를 보이며 실제로 엔트로피가 어느곳에서 어떻게 사용되었는지를 설명하였다.",,최신,2026-08-06 13:40:38.806+00
35513212-6772-4ac4-a73b-87f9f91d291e,YMqRLEUmmu4DQGu,5,"활동주제:엔트로피(임시)[상세분할](개인) 과학 책을 읽으면서 엔트로피라 불리우는 개념이 등장했다. 그런데 책에 나와있는 정보만으로는 이해가 되지 않아서 직접 찾아보기로 했다. 먼저 개념의 사전적 정의부터 찾아보았다. 그리고 책에 나와있던 단편적인 지식을 조합하여 전체적인 갈피를 잡았다. 이후에 엔트로피에 대해 전문적으로 설명한 글과 영상을 찾아보며 내가 이해한 내용이 맞는지 확인하고, 동시에 내용을 보충하면서 이해한 내용을 말로써 정리하였다. 또한 조사한 내용을 발표로 재구성하면서 엔트로피가 실제로 사용되거나, 설명 될 수 있는 현상이나 볼풀장의 공들이나 주사위 등의 일상생활 상황의 예를 들어 설명함으로써 이해를 공고히 하였다. (배운점,느낀점 추가) 그러나 수학적인 측면에서는 이해하지 못한 부분이 있어 보충이 필요하다.",,최신,2026-08-06 13:36:02.693+00
617d8ce1-2b21-4ea7-a71d-d3d8d17b74bc,2g6pgsJlna5wAK,4,"[상세분할](개인)스윙바이에 대해 연구하면서 스윙바이의 원리, 사례, 장단점, 보이저 2호의 스윙바이 전후 속도와 행성의 공전속도로 행성 진입 각도 계산및 궤도 분석하기를 연구했다. 보이저2호의 스윙바이 후 속도를 구하는 과정에서 우주선과 행성이동궤도가 이루는 각도 때문에 평행사변형법으로 속도를 계산해야 했다. 평행사변형의 이웃한 두 변의 길이와 사이각도를 알면 대각선의 길이, 즉 스윙바이 후 속도를 계산하기 위해 직접 제2코사인법칙을 유도하였다. 그리고 나는 스윙바이에 대해 연구한 내용을 발표했다. 스윙바이에 대해 발표할때 쉽게 설명하기 위해 달려오는 기차로 향하는 공의 충돌후 속도변화로 비유해서 설명했다. 운동량 보존 법칙에 의해 충돌 전후 두 물체의 상대속도는 변하지 않기 때문에 공이 a,기차가b속력으로 서로 충돌하면 기차 질량에 비해 공 질량은 무시할수있다. 따라서 기차의 속도 변화는 없고 공의 속도는 기차와 같은 방향으로 a+2b가 된다. 스윙바이에서 운동량보존법칙과 제2코사인 법칙은 속도의 벡터량과 관련됬다는것을 배웠다. 구하는 과정은 복잡하지만 원리는 간단해서 이해하기 쉬웠다. 












(개인)스윙바이에 대해 연구하면서 스윙바이의 원리, 사례, 장단점, 보이저 2호의 스윙바이 전후 속도와 행성의 공전속도로 행성 진입 각도 계산및 궤도 분석하기 미래의 스윙바이 기술에 대해 연구했다. 보이저2호의 스윙바이 후 속도를 구하는 과정에서 우주선과 행성이동궤도가 이루는 각도 때문에 평행사변형법으로 속도를 계산해야 했다. 평행사변형의 이웃한 두 변의 길이와 사이각도를 알면 대각선의 길이, 즉 스윙바이 후 속도를 계산하기 위해 직접 제2코사인법칙을 유도하였다. 그리고 나는 스윙바이에 대해 연구한 내용을 발표했다. 스윙바이에 대해 발표할때 쉽게 설명하기 위해 달려오는 기차로 향하는 공의 충돌후 속도변화로 비유해서 설명했다. 운동량 보존 법칙에 의해 충돌 전후 두 물체의 상대속도는 변하지 않기 때문에 공이 a,기차가b속력으로 서로 충돌하면 기차 질량에 비해 공 질량은 무시할수있다. 따라서 기차의 속도 변화는 없고 공의 속도는 기차와 같은 방향으로 a+2b가 된다. 스윙바이에서 운동량보존법칙과 제2코사인 법칙은 속도의 벡터량과 관련됬다는것을 배웠다. 구하는 과정은 복잡하지만 원리는 간단해서 이해하기 쉬웠다. 미래의 스윙바이 기술을 연구하는 동안 스윙바이의 정확도를 높이기 위해 우주에 인공구조물을 띄워서 미세중력을 이용하는 방법을 구상했다. 이때 인공구조물은 위치가 변하면 안되기 때문에 중력평형점에 안착시켜야한다. 중력평형지점인 라그랑주 포인트를 알게됐다. 라그랑주 포인트는 삼차원 공간에서 거리 제곱에 반비례한다는 관점에서 수학의 내분점, 외분점과 관련지었다. 스윙바이는 행성의 중력을 이용해서 적은 연료로 가속, 감속할수있고 방향도 바꿀수있다는 장점이 있지만 행성의 적절한 배치가 필요해서 기회가 적다는 단점이 있다. 분명한 장점과 단점을 가지고 있어서 미래에 발전할 가능성이 높다는것을 느꼈다.",,최신,2026-08-06 13:00:24.283+00
16b44ebd-e129-400e-9ada-c8575794b1d3,PBkjEb22z9NsW98,6,드론이 날라갈 때 유체역학적 원리와 기압계의 유무에 따른 드론의 움직임 차이와 조종의 차이[상세분할]기압계가 없는 드론을 사용했을 때 그 드론을 날릴 때 호버링과 움직이는 것도 어려웠다. 그 뒤에 나는 센서가 달린 드론을 사용하니 호버링도 쉽고굉장히 쉽게 나는 것이다. 기압계는 높이 차에 따른 기압의 상대적 차이를 이용하여 기압계 내부의 공기 주머니의 부피 정도를 측정 함으로써 드론의 프로펠러의 회전 수를 조절하는 것이다. 이것에 대해 생각해 보니 호버링의 원리가 중등에서 배운 보일의 법칙이라는 것을 알았다. 이 과정을 통해 나는 일상 생활에서 볼 수 있는 다양한 것들이 우리가 학교에서 배운 원리와 밀접한 관련있다는 것을 알았다.,,최신,2026-08-06 12:55:55.809+00
dcd30f52-ee31-4ad8-a5f9-0b95d867ff89,8rlu4miujn3,1,,"[자소서 캠프용 개별 링크]

https://docs.google.com/spreadsheets/d/1yDcVNUW-Uu4EqeGggn4FhJiI-cFatvjm_weyxD7d_vg/edit?gid=188218415#gid=188218415",최신,2026-08-06 12:54:56.3+00
69d11ac8-122d-4219-9ef9-917dc54a3132,yttpd54kq9,1,,"[자소서 캠프용 개별 링크]

https://docs.google.com/spreadsheets/d/1eYDPJerF88xy4PxZClQ92X66fKHxUbcoL6bXplFI3YQ/edit?gid=188218415#gid=188218415",최신,2026-08-06 12:54:21.695+00
db650ae3-135e-4d54-a6cf-86620e87e358,pjpu606l1f,1,,"[자소서 캠프용 개별 링크]

https://docs.google.com/spreadsheets/d/14ElZNkbLk4PW6WUApfzKODDuiMYmktix4Au2sgugZ68/edit?gid=188218415#gid=188218415",최신,2026-08-06 12:54:00.276+00
37d5a5cd-da84-4e8c-a2ed-7de0d0891799,10fw2i9vpsbc,1,,"[자소서 캠프용 개별 링크]

https://docs.google.com/spreadsheets/d/1NMbjS0yE1ip4KGpBoO7k296STlxXq9TSzT9Zqb5XtIo/edit?gid=188218415#gid=188218415",최신,2026-08-06 12:53:04.437+00
80339b67-cf43-4ed8-935b-026b70fd09ac,rh8ral2mig,1,,"[자소서 캠프용 개별 링크]

https://docs.google.com/spreadsheets/d/14D-MFXXC6K0PmpBd7DCi_XoBKYMijKggsnK1ec6qysE/edit?gid=188218415#gid=188218415",최신,2026-08-06 12:52:02.765+00
5316f6bb-f0d5-4234-b55e-b6a736ad65ad,osh9x4np83i,1,,"[지소서 캠프용 개별 링크]

https://docs.google.com/spreadsheets/d/1TEDMmMod5l1vOiUgLiTRevm0Kdx68ECrvrwksmqy_n4/edit?gid=188218415#gid=188218415",최신,2026-08-06 12:50:44.344+00
0efe1637-4abb-48fd-8847-3e6085e7aa79,082xkfdyygkh,1,,"[자소서 캠프용 개별 링크]

https://docs.google.com/spreadsheets/d/1pw0Wofti2qIiBdXhEyrxo2m6wnKPLNGcqLyDsdauxe8/edit?gid=188218415#gid=188218415",최신,2026-08-06 12:49:36.327+00
bcd2a605-ad6e-4121-99c4-63a820a53ec1,PBkjEb22z9NsW98,6,"드론이 날라갈 때 유체역학적 원리와 기압계의 유무에 따른 드론의 움직임 차이와 조종의 차이[상세분할]기압계가 없는 드론을 사용했을 때 그 드론을 날릴 때 호버링과 움직이는 것도 어려웠다. 그 뒤에 나는 센서가 달린 드론을 사용하니 호버링도 쉽고굉장히 쉽게 나는 것이다. 기압계는 높이 차에 따른 기압의 상대적 차이를 이용하여 기압계 내부의 공기 주머니의 부피 정도를 측정 함으로써 드론의 프로펠러의 회전 수를 조절하는 것이다. 드론은 자동으로 공중에 멈출 수 있다. 이를 통해 기압계의 중요성을 알았다. 이 과정을 통해 나는 겉으로만 보이는 것이 아닌, 내부에 들어있는 것의 원리를 탐구해야 겉에 있는 원리를 알 수 있다는 것을 배웠다.",,최신,2026-08-06 12:43:22.292+00
c003c5b0-6f30-49c9-8c17-e06ef663ef80,2g6pgsJlna5wAK,5,"식변광성과 맥동변광성의 주기와 광도 관계와 절대등급과 겉보기 등급을 통한 거리측정 영상제작[상세분할]맥동변광성의 주기, 광도사이 비례관계가 이해가 잘 되지 않았다. 그래서 찾아보니 수학적으로 풀이 된 것이 잘 이해가 되지 않아 추론해보았다. 별의 광도가 클수록 온도와 크기가 크기 때문에  별의 팽창 수축도 크므로 주기가 길다는 결론을 내릴 수 있었다. 광도를 알면 절대등급을 구할 수 고 지구에서 겉보기 등급이 측정이 되니 밝기가 거리제곱에 반비례하는 원리로 별까지의 거리를 알수있다는것을 깨달았다. 수학적 풀이가 막혔을때 원래 알고있던 지식으로 추론을 해서 직관적으로 결론을 내렸다. 그래서 어려운 내용을 배우면 기존에 알고있던 지식으로 나만의 논리를 펼친다. 내 논리가 항상 맞는건 아니었다. 틀려도 내 논리의 잠못된 부분을 고쳐서 얻는게 많다. 특히 물리 광학영역에서 중요한 직관력을 키우는데 큰 도움이 되었다.",,최신,2026-08-06 12:40:10.1+00
18fb3691-fa49-4589-8a8d-7095a6e76e6d,PBkjEb22z9NsW98,4,우장춘 삼각형에서 십자화속 식물에 대해 삼각형의 꼭짓점끼리 교배를 통한 염색체의 수의 관계[상세분할]우장춘 삼각형은 내가 원래 알던 종의 의미와 다른 새로운 정리였다. 서로 다른 종을 교배 시켰더니 새로운 종이 만들어 지는 것은 찰스 다윈이 제시한 원래의 종의 정의에서 벗어난 새로운 이론이었다. 양배추의 염색체 수인 9와 배추의 8을 더하여 유채꽃인 17이 나오는 것이다. 이 과정을 진행하면서 배추와 양배추를 교배해서 완전히 다르게 생긴 유채꽃이 나오는지 이해가 안 갔다. 그래서 다양한 농사 전문가의 자료를 찾아보고 비교하여 이해하였다. 이를 통해 배우던 중 막히는 부분이 나오면 찾아보면서 알아보는 과정이 중요하다는 것을 알았다.,,최신,2026-08-06 12:33:28.991+00
acd8d3e3-0f7d-445c-a85e-e5c648d59a0a,PBkjEb22z9NsW98,6,"드론이 날라갈 때 유체역학적 원리와 기압계의 유무에 따른 드론의 움직임 차이와 조종의 차이[상세분할]기압계가 없는 드론을 사용했을 때 그 드론을 날릴 때 가만히 띄우는 것과 움직이는 것도 어려웠다. 그 뒤에 나는 센서가 달린 드론을 사용하니 굉장히 쉽게 나는 것이다. 기압계가 없으면 드론은 공중에서 가만히 날 수가 없다. 하지만 기압계가 있으면 드론은 자동으로 공중에 멈출 수 있다. 이 과정을 통하여 기압계의 중요성. 이 과정을 통해 나는 겉으로만 보이는 것이 아닌, 내부에 들어있는 것의 원리를 탐구해야 겉에 있는 원리를 알 수 있다는 것을 배웠다.",,최신,2026-08-06 12:33:28.991+00
087566c8-51f5-459f-80d5-1d195d371510,2g6pgsJlna5wAK,5,"식변광성과 맥동변광성의 주기와 광도 관계와 절대등급과 겉보기 등급을 통한 거리측정 영상제작[상세분할]맥동변광성의 주기, 광도사이 비례관계가 이해가 잘 되지 않았다. 그래서 찾아보니 수학적으로 풀이 된 것이 잘 이해가 되지 않아 추론해보았다. 별의 광도가 클수록 온도와 크기가 크기 때문에  별의 팽창 수축도 크므로 주기가 길다는 결론을 내릴 수 있었다. 광도를 알면 절대등급을 구할 수 고 지구에서 겉보기 등급이 측정이 되니 밝기가 거리제곱에 반비례하는 원리로 별까지의 거리를 알수있다는것을 깨달았다.",,최신,2026-08-06 12:31:00.02+00
e7e27ac5-006d-40f8-ab6b-c922cb41a76e,PBkjEb22z9NsW98,4,우장춘 삼각형에서 십자화속 식물에 대해 삼각형의 꼭짓점끼리 교배를 통한 염색체의 수의 관계[상세분할]우장춘 삼각형은 내가 원래 알던 종의 의미와 다른 새로운 정리였다. 서로 다른 종을 교배 시켰더니 새로운 종이 만들어 지는 것은 찰스 다윈이 제시한 원래의 종의 정의에서 벗어난 새로운 이론이었다. 교배를 통해 나온 새로운 종의 염색체 수는 부모의 염색체 수의 합이 되는 것이다. 이 과정을 하면서 배추와 양배추를 교배해서 완전히 다르게 생긴 유채꽃이 나오는지 이해가 안 갔다. 그래서 다양한 농사 전문가의 자료를 찾아보고 비교하여 이해하였다. 이를 통해 배우던 중 막히는 부분이 나오면 찾아보면서 알아보는 과정이 중요하다는 것을 알았다.,,최신,2026-08-06 12:28:50.143+00
f91eff57-b414-448d-bb0b-b7c276bf9544,PBkjEb22z9NsW98,5,"1m 아크릴 관에서의 부피가 동일한 쇠공과 점토공의 낙하 속력 비교를 통한 공기저항력 분석[상세분할]속력값을 보니 쇠구슬의 값이 더 컸다. 공의 크기가 동일하니 공기저항력이 한 일이 일정하다고 가정하여 역학적 에너지 소모량을 각각 계산해 보니 점토공에서 소모된 에너지량이 쇠구슬은 0.0015, 점토 구슬은 0.0033으로 2배정도 더 큰 것을 알게 되었다. 가정이 틀린 이유는 낙하경로마다 공기마찰력의 크기가 다르고 질량이 작은 물체가 더 느리게 되기 때문에 소모되는 에너지가 크다는 사실을 알게 되었다. 이 실험을 하면서 내가 모르는 것이 많다는 것을 알았고, 이것을 만족시키기 위해서는 더 확장된 공부를 해야 한다는 것을 깨달았다.",,최신,2026-08-06 12:16:46.305+00
1f874928-4941-4955-b0d6-563d912b8328,2g6pgsJlna5wAK,4,"[상세분할](개인)스윙바이에 대해 연구하면서 스윙바이의 원리, 사례, 장단점, 보이저 2호의 스윙바이 전후 속도와 행성의 공전속도로 행성 진입 각도 계산및 궤도 분석하기 미래의 스윙바이 기술에 대해 연구했다. 보이저2호의 스윙바이 후 속도를 구하는 과정에서 우주선과 행성이동궤도가 이루는 각도 때문에 평행사변형법으로 속도를 계산해야 했다. 평행사변형의 이웃한 두 변의 길이와 사이각도를 알면 대각선의 길이, 즉 스윙바이 후 속도를 계산하기 위해 직접 제2코사인법칙을 유도하였다. 그리고 나는 스윙바이에 대해 연구한 내용을 발표했다. 스윙바이에 대해 발표할때 쉽게 설명하기 위해 달려오는 기차로 향하는 공의 충돌후 속도변화로 비유해서 설명했다. 운동량 보존 법칙에 의해 충돌 전후 두 물체의 상대속도는 변하지 않기 때문에 공이 a,기차가b속력으로 서로 충돌하면 기차 질량에 비해 공 질량은 무시할수있다. 따라서 기차의 속도 변화는 없고 공의 속도는 기차와 같은 방향으로 a+2b가 된다. 스윙바이에서 운동량보존법칙과 제2코사인 법칙은 속도의 벡터량과 관련됬다는것을 배웠다. 구하는 과정은 복잡하지만 원리는 간단해서 이해하기 쉬웠다. 미래의 스윙바이 기술을 연구하는 동안 스윙바이의 정확도를 높이기 위해 우주에 인공구조물을 띄워서 미세중력을 이용하는 방법을 구상했다. 이때 인공구조물은 위치가 변하면 안되기 때문에 중력평형점에 안착시켜야한다. 중력평형지점인 라그랑주 포인트를 알게됐다. 라그랑주 포인트는 삼차원 공간에서 거리 제곱에 반비례한다는 관점에서 수학의 내분점, 외분점과 관련지었다. 스윙바이는 행성의 중력을 이용해서 적은 연료로 가속, 감속할수있고 방향도 바꿀수있다는 장점이 있지만 행성의 적절한 배치가 필요해서 기회가 적다는 단점이 있다. 분명한 장점과 단점을 가지고 있어서 미래에 발전할 가능성이 높다는것을 느꼈다.",,최신,2026-08-06 12:12:45.35+00
376403c5-ba72-44f8-b734-0db01b8da21e,2g6pgsJlna5wAK,5,"[상세분할](모둠2명) 우주에는 다양한 천체가 존재한다. 이에 흥미를 느껴서 식변광성과 맥동변광성이 밝기가 변하는 이유에 대해 소개하는 영상을 만들었다. 영상내용에 대한 자막과 음성녹음을 했다. 이때 만드는 영상의 길이가 짧아서 근본적인 원리와 핵심내용을 파악하고 반 친구들이 이해하기 쉽게 영상에 사진을 띄웠다.  근본적인 원리는 식변광성은 쌍성계에서 별이 서로를 가리면서 밝기가 변하고 맥동변광성은 별이 팽창, 수축하면서 밝기가 변한다는것이고 핵심 내용은 식변광성의 밝기 주기변화는 공전주기와 같아서 일정하다.책에서 맥동변광성의 주기, 광도사이 비례관계가 이해되지 않았다. 그래서 추론해보면 광도가 클수록 수소 핵융합이 많이 일어나기 때문에 별의 크기가 크다는것을 알수 있다. 별의 크기가 크면 별의 팽창 수축도 크므로 주기가 길다. 주기, 광도사이 비례관계로 주기를 알면 절대등급을 구할 수 있어서 겉보기 등급과 절대등급을 이용해 거리를 측정할 수 있다는것이다. 이런 핵심 내용들만 골라서 자막으로 사용했다. 자막으로 쓸 내용을 고르는 작업은 어려운 내용을 이해해서 핵심 내용을 추려내는 작업이라 어떻게 할지 몰랐다. 우선 내용을 천천히 이해해보려고 노력했다. 친구와 함께 토론하면서 내용을 이해했고 결국 핵심내용을 찾아서 자막에 넣었다. 처음에는 나 혼자하면 더 잘될거란 생각이 들었다. 그치만 친구와 토론하면서 하니 이해가 더 잘됐다. 친구덕분에 밝기가 거리제곱에 반비례하기 때문에 겉보기 등급과 절대등급을 알면 별까지의 거리를 알수있다는것을 깨달았다.이걸로 밝기가 거리제곱에 반비례하다는것을 학교에서 배우기 전에 미리 알게돼서 별과 우주단원의 개념 이해가 쉬웠다.",,최신,2026-08-06 12:12:45.35+00
41493929-1a46-4737-80f3-e6945729f362,2g6pgsJlna5wAK,6,"전동기 실험에서 실험과정에 대한 이론적 부분에 대한 탐구와 과학적 원리에 대한 이해[상세분할]전동기 실험에서 에나멜선 한쪽 끝을 사포로 반만 갈아야 되는 이유를 공부했다. 반바퀴 회전할때 마다 전류를 차단시키고 회전관성을 이용해 계속 한 방향으로 돌 수 있는 정류자 역할을 하는 것을 알게되었다. 네오디뮴 자석의 자기력선과 도선의 자기력선을 다른 색으로 그렸다. 이후 두 벡터합을 각각 구한 자기력선을 다시 그렸다. 이런 시각화를 통해 전동기의 원리를 더 잘 이해 할 수 있었다. 이 때의 경험을 통해 기하문제나, 부등식문제를 풀때 도형구조법으로 부등식을 시각화 하여 풀어보니 이해 안되던 문제도 잘 해결이 되었다. 처음에 전동기 원리가 잘 이해 안됬던거",,최신,2026-08-06 12:12:45.35+00
c2185d26-66a7-4767-a80c-cc97fee8c4e8,PBkjEb22z9NsW98,4,우장춘 삼각형에서 십자화속 식물에 대해 삼각형의 꼭짓점끼리 교배를 통한 유전적 관계와 이를 통해 종의 정의 재구성[상세분할]나는 카놀라유의 유채꽃이 유전자 조작을 해서 몸에 안 좋다는 말을 자주 들었다. 하지만 내가 알기로는 유채꽃에 항산화 물질이 있어 몸에 좋은 것으로 알고있다. 이것과 관련된 자료를 찾던중 우장춘 삼각형에 대해 알게되었다. 이것은 내가 원래 알던 종의 의미와 다른 새로운 정리였다. 서로 다른 종을 교배 시켰더니 새로운 종이 만들어 지는 것은 원래의 종의 정의에서 벗어난 새로운 이론 이었다. 이 과정을 하면서 배추와  양배추를 교배해서 완전히 다르게 생긴 유채꽃이 나오는지 이해가 안 갔다. 그래서 다양한 농사 전문가의 자료를 찾아보고 비교하여 이해하였다. 이를 통해 배우던 중 막히는 부분이 나오면 찾아보면서 알아보는 과정이 중요하다는 것을 알았다.,,최신,2026-08-06 12:08:17.305+00
ab314dc8-0d8a-41dd-b6cf-0a483025c925,PBkjEb22z9NsW98,5,"1m 아크릴 관에서의 부피가 동일한 쇠공과 점토공의 낙하 속력 비교를 통한 공기저항력 분석[상세분할]속력값을 보니 쇠구슬의 값이 더 컸다. 공의 크기가 동일하니 공기저항력이 한 일이 일정하다고 가정하여 역학적 에너지 소모량을 각각 계산해 보니 점토공에서 소모된 에너지량이 쇠구슬은 0.0015, 점토 구슬은 0.0033으로 2배정도 더 큰 것을 알게 되었다. 가정이 틀린 이유는 낙하경로마다 공기마찰력의 크기가 다르고 질량이 작은 물체가 더 느리게 되기 때문에 소모되는 에너지가 크다는 사실을 알게 되었다. 이 실험을 통해 사람들이 주로 생각하는 무게가 클수록 공기저항도 클것이라는 생각도 실험을 통해 알던 것들이 틀림을 알 수 있었다.",,최신,2026-08-06 12:08:17.305+00
db87c533-4317-4f79-8e6e-b5334196034e,PBkjEb22z9NsW98,4,"우장춘 삼각형에서 십자화속 식물에 대해 삼각형의 꼭짓점끼리 교배를 통한 유전적 관계와 이를 통해 종의 정의 재구성[상세분할]나는 카놀라유의 유채꽃이 유전자 조작을 해서 몸에 안 좋다는 말을 자주 들었다. 하지만 내가 알기로는 유채꽃에 항산화 물질이 있어 몸에 좋은 것으로 알고있다. 이것과 관련된 자료를 찾던중 우장춘 삼각형에 대해 알게되었다. 이것은 내가 원래 알던 종의 의미와 다른 새로운 정리였다. 서로 다른 종을 교배 시켰더니 새로운 종이 만들어 지는 것은 원래의 종의 정의에서 벗어난 새로운 이론 이었다. 이 과정을 하면서 배추와  양배추를 교배해서 완전히 다르게 생긴 유채꽃이 나오는지 이해가 안 갔다. 그래서 다양한 농사 전문가의 자료를 찾아보고 비교하여 이해하였다. 이를 통해 배우던 중 막히는 부분이 나오면 찾아보면서 알아보는 과정이 중요하다는 것을 알았다.

이해의 과정 적기",,최신,2026-08-06 11:12:30.77+00
187ea923-98e0-4d6a-92a2-51897e1bfd15,2g6pgsJlna5wAK,6,"(개인) 전동기의 에나멜선의 피복과 회전관성을 이용한 정류자와 자석 반전을 통한 자기력 원리 탐구[상세분할]전동기 실험에서 정류자 장치를 만들 수 없어서 에나멜선 한쪽 끝을 사포로 반만 갈아 반바퀴 회전할때 마다 전류를 차단시켜 회전관성을 이용해 계속 한 방향으로 돌 수 있다. 네오디뮴 자석을 뒤집으면 회전 방향이 바뀌는 것을 보고 자기력선을 종이에 그려 이론과 비교했다. 이론적으로 배운 내용에서는 정류자 장치가 있었고 네오디뮴 자석이 아니라 양쪽에 N,S극 자석을 놓은 모습이었다. 여러 요소를 바꿔서 실험하는 과정을 통해 네오디뮴자석의 자기력선을 추론해보는것이 사고력을 키웠고 정류자장치를 만들지 않고도 정류자 역할을 하게 만드는것이 정류자 원리를 이해하는데 도움이되었다.",,최신,2026-08-06 10:56:08.046+00
7b7475cc-62b6-4f68-b5b3-d1b7556eb67d,2g6pgsJlna5wAK,4,"[상세분할](개인)스윙바이에 대해 연구하면서 스윙바이의 원리, 사례, 장단점, 보이저 2호의 스윙바이 전후 속도와 행성의 공전속도로 행성 진입 각도 계산및 궤도 분석하기 미래의 스윙바이 기술에 대해 연구했다. 스윙바이의 원를 이해하려는 중에 운동량 보존 법칙을 알게됐다.  보이저2호의 스윙바이후 속도를 구하는 과정에서 우주선과 행성이동궤도가 이루는 각도 때문에 평행사변형법으로 속도를 계산해야 했다. 평행사변형의 이웃한 두 변의 길이와 사이각도를 알면 대각선의 길이, 즉 스윙바이 후 속도를 계산하기 위해 직접 제2코사인법칙을 유도하였다. 그리고 나는 스윙바이에 대해 연구한 내용을 발표했다. 스윙바이에 대해 발표할때 쉽게 설명하기 위해 달려오는 기차로 향하는 공의 충돌후 속도변화로 비유해서 설명했다. 운동량 보존 법칙에 의해 충돌 전후 두 물체의 상대속도는 변하지 않기 때문에 공이 a,기차가b속력으로 서로 충돌하면 기차 질량에 비해 공 질량은 무시할수있다. 따라서 기차의 속도 변화는 없고 공의 속도는 기차와 같은 방향으로 a+2b가 된다. 스윙바이에서 운동량보존법칙과 제2코사인 법칙은 속도의 벡터량과 관련됬다는것을 배웠다. 구하는 과정은 복잡하지만 원리는 간단해서 이해하기 쉬웠다. 미래의 스윙바이 기술을 연구하는 동안 스윙바이의 정확도를 높이기 위해 우주에 인공구조물을 띄워서 미세중력을 이용하는 방법을 구상했다. 이때 인공구조물은 위치가 변하면 안되기 때문에 중력평형점에 안착시켜야한다. 중력평형지점인 라그랑주 포인트를 알게됐다. 라그랑주 포인트는 삼차원 공간에서 거리 제곱에 반비례한다는 관점에서 수학의 내분점, 외분점과 관련지었다. 스윙바이는 행성의 중력을 이용해서 적은 연료로 가속, 감속할수있고 방향도 바꿀수있다는 장점이 있지만 행성의 적절한 배치가 필요해서 기회가 적다는 단점이 있다. 분명한 장점과 단점을 가지고 있어서 미래에 발전할 가능성이 높다는것을 느꼈다.",,최신,2026-08-06 10:46:58.102+00
8696bc50-35c0-45d2-9d01-0a4dc3750b7c,2g6pgsJlna5wAK,4,"[상세분할](개인)스윙바이에 대해 연구하면서 스윙바이의 원리, 사례, 장단점, 보이저 2호의 스윙바이 전후 속도와 행성의 공전속도로 행성 진입 각도 계산및 궤도 분석하기 미래의 스윙바이 기술에 대해 연구했다. 스윙바이의 원리에 대해 조사하던중 운동량 보존 법칙을 알게됐다.  보이저2호의 스윙바이후 속도를 구하는 과정에서 우주선과 행성이동궤도가 이루는 각도 때문에 평행사변형법으로 속도를 계산해야 했다. 평행사변형의 이웃한 두 변의 길이와 사이각도를 알면 대각선의 길이, 즉 스윙바이 후 속도를 계산하기 위해 직접 제2코사인법칙을 유도하였다. 스윙바이에 대해 발표할때 쉽게 설명하기 위해 달려오는 기차로 향하는 공의 충돌후 속도변화로 비유해서 설명했다. 충돌 전후 두 물체의 상대속도는 변하지 않기 때문에 공이 a,기차가b속력으로 서로 충돌하면 기차 질량에 비해 공 질량은 무시할수있다. 따라서 기차의 속도 변화는 없고 공의 속도는 기차와 같은 방향으로 a+2b가 된다. 스윙바이에서 운동량보존법칙과 제2코사인 법칙은 속도의 벡터량과 관련됬다는것을 배웠다. 구하는 과정은 복잡하지만 원리는 간단해서 이해하기 쉬웠다. 미래의 스윙바이 기술을 연구하는 동안 스윙바이의 정확도를 높이기 위해 우주에 인공구조물을 띄워서 미세중력을 이용하는 방법을 구상했다. 이때 인공구조물은 위치가 변하면 안되기 때문에 중력평형점에 안착시켜야한다. 중력평형지점인 라그랑주 포인트를 알게됐다. 라그랑주 포인트는 삼차원 공간에서 거리 제곱에 반비례한다는 관점에서 수학의 내분점, 외분점과 관련지었다. 스윙바이는 행성의 중력을 이용해서 적은 연료로 가속, 감속할수있고 방향도 바꿀수있다는 장점이 있지만 행성의 적절한 배치가 필요해서 기회가 적다는 단점이 있다. 분명한 장점과 단점을 가지고 있어서 미래에 발전할 가능성이 높다는것을 느꼈다.",,최신,2026-08-06 10:41:12.943+00
f72eba30-ff22-4027-aa5a-68408592e82f,AvECxiSriksN8Ie,2,"[상세분할]농구 슈팅 성공률을 높이기 위한 농구공이 림에 들어갈 때의 최적의 각도는 45도라는 것을 알게 되었다. 그러나, 공의 발사 지점에서의 높이와 림에 들어갈 때의 높이가 다르기 때문에 공이 발사될 때의 최적의 각도는 다르게 나온다는 것을 알게 되었다. 그래서 나는 농구 슈팅 성공률을 높이기 위한 최적의 발사각은 무엇인지 탐구해 보았다.
먼저 공의 발사 지점을 원점으로 설정하고 
접선의 기울기를 이용해서 탄젠트를 이용해서 구했다.",,최신,2026-08-06 09:01:46.404+00
534715e0-8f01-46a7-b86c-ec9dd46420ec,2opqZTOFa37VK3v,5,"소장의 길고 구불구불한 구조를 이용한 낙하 시간 지연 구슬 경사로 제작 및 협동 탐구[상세분할]처음에는 3cm 길이의 빨대 조각들을 5mm 간격으로 틈을 두어 점선처럼 설치했는데, 구슬을 굴렸을때 틈에 걸려 멈추거나 경로를 이탈했다. 이를 보완하고자 소장의 구조를 응용해 경사로를 완만하고 굴곡지게 설계하여 이동거리를 늘리고 외벽에서의 충돌,마찰,관성으로 속도의 증폭을 억제했다. 설계대로 경사로를 만들던 중 빨대가 부족하여 이쑤시개를 레일처럼 만들어 경사로에 덧대어 문제를 해결했다. 결과적으로 구슬이 50초 이상 머무르게 하는 데 성공했다. 이 과정에서 아이디어 공유와 협동의 중요성을 깨달았고, 생체모방을 적용해 문제를 해결한 경험을 바탕으로 생명공학에 관심을 갖게 되었다.",,최신,2026-08-06 08:09:30.108+00
deca8a99-d42c-48e4-b49b-a6257d76634a,AvECxiSriksN8Ie,1,"[상세분할]농구 경기를 관람하다가 저는 실제 슈팅 성공률이라는 익숙하지 않은 통계 지표를 발견하였고 이 지표가 어떻게 생겨났고 어떠한 역할을 가지는지 탐구해 보고 싶어졌습니다. 실제 슈팅 성공률은 필드골 성공률, 자유투 성공률, 3점슛 성공률을 종합적으로 계산하기 위해 만들어진 통계 지표라는 것을 알게 되었습니다. 실제 슈팅 성공률을 계산할 때 이용하는 공식은 '총 득점/야투 시도+0.44x자유투 시도' 입니다. 그래서 저는 이 공식이 무엇을 의미하는지 탐구해 보았습니다. 먼저 이 공식은 총 득점을 공격 기회 횟수루 나누어 선수의 공격 성공률을 나타냅니다. 기본적으로 공격 기회 1회는 2점슛 한번을 쏘는 것입니다.
야투 시도는 1번당 공격 기회 1번이지만, 자유투는 상황에 따라 2개, 3개, 혹은 1개만 주어지기도 합니다. 따라서 그동안의 농구 경기에서 빅데이터를 분석해 자유투 1개가 소비하는 실제 공격 기회 비율을 계산해 보니 약 0.44번이라는 값이 나와 자유투 시도 횟수에 0.44를 곱하게 되었습니다.
'야투 시도 + (0.44 × 자유투 시도)'로 선수가 득점을 위해 소모한 전체 공격 기회 수를 구하고, 여기에 2를 곱해 득점 기준점을 만든 뒤, 선수가 실제로 올린 총 득점을 나누어 최종 효율성을 퍼센트로 나타낸 것이 실제 슈팅 성공률 값입니다.

이 탐구를 진행하면서 저는 제대로 이해되지 않는 것이 있을 때 깊이 고민하고 탐구해본 결과, 일상 생활 속 궁금증들을 수학적으로 해결하는 법을 배웠습니다.",,최신,2026-08-06 08:03:53.687+00
af4b63ef-8a1f-40f0-ae34-6d1a7dfb841a,YMqRLEUmmu4DQGu,4,자이로스코프(임시)[상세분할](개인) 전자기기들이 어떻게 기울기의 변화를 감지하는지 궁금해졌다. 조사해보니 자이로센서와 이를 이용한 자이로센서와 토크라는 개념이 등장했다. 돌림힘(토크)의 원리에 의해 자이로스코프가 지면과 일정한 각도를 유지하며 돌 수 있고 이 각도의 변화를 통해 기울기의 변화를 측정하는 것이 자이로 센서였다. 이 개념들을 이해하기 위해 책이나 영상도 찾아보고 직접 팔을 벌리고 돌아 보기도 하였다. 그리고 이 탐구를 발표자료로 재구성해 발표하는 과정을 진행하였다. 탐구를 진행하면서 복잡한 것도 나누어 이해한 후 다시 접목시키는 방식을 터득하였다. 예를 들어 국어 지문 같은 것을 분석할 때도 각부분의 재제와 핵심 논리를 파악한 후에 그 핵심들을 뭉쳐서 글전체의 요점을 파악하는 방식으로 활용하였다.,,최신,2026-08-06 07:43:42.994+00
6a753d12-8d0b-444d-ad70-b1a77c96e94d,YMqRLEUmmu4DQGu,4,자이로스코프(임시)[상세분할](개인) 전자기기들이 어떻게 기울기의 변화를 감지하는지 궁금해졌다. 조사해보니 자이로센서와 이를 이용한 자이로센서와 토크라는 개념이 등장했다. 돌림힘(토크)의 원리에 의해 자이로스코프가 지면과 일정한 각도를 유지하며 돌 수 있고 이 각도의 변화를 통해 기울기의 변화를 측정하는 것이 자이로 센서였다. 이 개념들을 이해하기 위해 책이나 영상도 찾아보고 직접 팔을 벌리고 돌아 보기도 하였다. 그리고 이 탐구를 발표자료로 재구성해 발표하는 과정을 진행하였다. 탐구를 진행하면서 복잡한 것도 나누어 이해한 후 다시 접목시키는 방식을 터득하였다. 예를 들어,,최신,2026-08-06 07:38:57.519+00
013c1bf3-618a-4204-b684-e06a41f5ffd8,AvECxiSriksN8Ie,1,"[상세분할]농구 경기를 관람하다가 저는 선수들의 TS% (True Shooting percentage), 실제 슈팅 성공률이라는 익숙하지 않은 통계 자료를 발견하였습니다. 그리고 이 통계 자료가 어떻게 생겨났고 어떠한 역할을 가지는지 탐구해 보고 싶어졌습니다. 먼저 실제 슈팅 성공률은 필드골 성공률, 자유투 성공률, 3점슛 성공률을 종합적으로 계산하기 위해",,최신,2026-08-06 07:14:24.43+00
88adb7fb-3f4e-4e18-abed-a3b7eaa99a5c,V0xhoiHLP133A,1,"Python을 활용한 피보나치 수열의 황금비 수렴 과정과 점화식 계수 변화에 따른 성장 특성 비교 탐구[상세분할](개인) 피보나치 수열을 학습하면서 단순한 점화식으로 만들어지는 수열이 자연현상, 건축, 예술 등 다양한 분야와 연결되며 연속한 두 항의 비가 황금비에 가까워진다는 사실에 흥미를 느꼈다. 특히 이러한 현상이 왜 나타나는지 궁금해 직접 Python 프로그램을 활용하여 피보나치 수열을 생성하고, 연속한 두 항의 비를 계산해 황금비로 수렴하는 과정을 표와 그래프로 분석하였다. 더 나아가 점화식의 계수를 변화시킨 여러 수열을 만들어 같은 방법으로 비교하며 수렴값과 성장 속도가 어떻게 달라지는지 탐구하였다. 그 결과 피보나치 수열의 성질은 단순히 하나의(or그) 수열만의 특징이 아니라 점화식의 구조에 의해 결정된다는 점을 확인할 수 있었다. 이 활동을 통해 수학적 추론을 프로그래밍으로 검증할 수 있다는 것을 알게 되었고, 하나의 규칙도 다양한 관점에서 분석하고 스스로 가설을 세워 확인하는 탐구 자세의 중요성을 배울 수 있었다.","1. 탐구 과정에서 힘들고 어려웠던 점.
어떻게 극복했고 그 과정에서 어떤 성정, 변화를 했는지 서술

2. 점화식 계수를 어떤식으로 변화 시켰는지?
왜 그렇게 변화시켰는지? 에 대한 내용이 포함되면 좋겠음.",최신,2026-08-06 06:48:27.704+00
56b0a1a0-53b1-4f76-b8d1-3ecbfdf1748b,V0xhoiHLP133A,2,"야구 통계 지표를 활용한 경기력 분석과 데이터 해석을 통한 수학적 탐구 과정[상세분할](개인) 저는 어릴 때부터 야구를 좋아했으며, 일상에서 나타나는 다양한 현상을 수치로 분석하는 것에도 큰 흥미를 느끼고 있습니다. 이러한 관심으로 『수학을 품은 야구공』을 읽으며 야구가 타율, OPS, 평균자책점, 승률 등 다양한 통계 지표를 통해 수학과 밀접하게 연결되어 있음을 이해하게 되었습니다. 단순히 경기를 관람하는 데 그치지 않고 타자의 타석 수와 안타 수를 이용해 타율을 직접 계산하고, 팀의 시즌 결과를 정리하여 승률의 변화를 분석해 보았습니다. 또한 같은 경기 결과라도 어떤 통계 지표를 활용하느냐에 따라 선수와 팀의 경기력을 다르게 해석할 수 있다는 점이 매우 인상 깊었습니다. 특히 시즌 초반 성적이 좋지 않더라도 출루율이나 OPS와 같은 세부 지표가 우수한 팀은 장기적으로 좋은 성적을 거둘 가능성이 높다는 점을 보며, 데이터를 단순히 계산하는 것을 넘어 해석하는 능력이 중요하다는 사실을 깨달았습니다. 더 나아가 타율이 가장 높은 선수조차 한 경기에서는 무안타에 그칠 수 있다는 사실을 보며 이론적으로 모든 경우를 동일한 가능성으로 계산하는 수학적 확률과 실제 경기 데이터를 바탕으로 가능성을 추정하는 통계적 확률은 서로 다른 개념이라는 점도 이해하게 되었습니다. 이를 통해 수학적 통계는 실제 현상을 객관적으로 이해하는 강력한 도구임을 알게 되었으며, 앞으로도 다양한 데이터를 스스로 분석하고 근거를 바탕으로 판단하는 탐구 자세를 꾸준히 키워 나가고자 합니다.",,최신,2026-08-06 06:48:27.704+00
376a0041-0fb8-4cd5-8155-3d97acb0efe2,V0xhoiHLP133A,3,"구분구적법을 활용하여 원뿔과 구의 부피 공식이 도출되는 원리와 수학적 사고의 탐구[상세분할](개인) 원뿔과 구의 부피 공식을 단순히 암기하는 것이 아니라 공식이 만들어지는 과정을 이해하고자 탐구를 진행하였다. 특히 입체도형을 매우 얇은 원기둥 모양의 단면으로 나누어 각 단면의 부피를 합하는 구분구적법에 초점을 맞추어, 무한히 작은 부분들의 합이 전체의 부피를 이루는 원리를 학습하였다. 또한 구분의 개수를 점점 늘릴수록 실제 입체도형의 부피에 가까워지는 과정을 살펴보며, 복잡한 입체도 작은 부분으로 나누어 분석하면 전체를 정확하게 설명할 수 있다는 수학적 사고를 이해할 수 있었다. 이 과정에서 하나의 공식을 단순히 결과로 받아들이기보다, 어떠한 논리와 과정을 거쳐 도출되는지를 탐구하는 것이 더욱 중요하다는 점을 깨달았다. 특히 구분구적법은 중학교에서 학습한 도형의 넓이와 부피 개념을 더욱 일반화한 방법이라는 점이 흥미로웠으며, 작은 요소를 체계적으로 분석하여 전체를 이해하는 수학의 논리성과 체계성을 느낄 수 있었다. 앞으로도 다양한 증명 방법을 탐구하며 수학적 개념의 원리를 깊이 이해하는 학습을 이어가고 싶다고 생각하게 되었다.","1. 마찬가지로 어려웠던 점.

2. 점점 가까워지는 것 직접 계산해보다
과정이 복잡해 코딩으로 확인해 봤다 라는 내용을 넣어도 괜찮음.",최신,2026-08-06 06:48:27.704+00
5050e2fe-7769-41c8-af96-83613cc6f8ac,2opqZTOFa37VK3v,3,"[상세분할]여름에 아이스크림을 먹던 중 사각기둥이나 원기둥모양의 아이스크림의 부피는 쉽게 구할 수 있는데 스크류바같이 꼬여있는 기둥모양의 입체도형의 부피는 어떻게 구할 수 있을지가 궁금해졌고, 이를 구할 방법을 찾다가 카발리에리의 원리에 대해 알게 되었다. 이를 이용해 스크류바의 부피를 구할 수 있었고 원뿔, 삼각뿔, 구 등 다른 입체도형의 부피와 구의 겉넓이도 유도해봤다. 학교에서 배운 공식을 단순히 아는 것에서 그치지 않고 직접 유도해보며 왜 이런 공식이 나오는지 확인해볼 수 있어 뜻깊은 경험이었다.","실제 부피를 구해보고 어느정도 차이가 있었는지?
왜 오차가 났을지? 단면적을 구하는 효율적인 방법이 무엇인지?
내용 추가

원뿔, 삼각뿔, 구의 부피를 유도해봤다? 이거 맞는건지 확인해",최신,2026-08-06 06:28:01.133+00
deb77a6a-c5ad-45d8-a4a7-4ca9a0ab7a10,2opqZTOFa37VK3v,3,"[상세분할]여름에 아이스크림을 먹던 중 사각기둥이나 원기둥모양의 아이스크림의 부피는 쉽게 구할 수 있는데 스크류바같이 꼬여있는 기둥모양의 입체도형의 부피는 어떻게 구할 수 있을지가 궁금해졌고, 이를 구할 방법을 찾다가 카발리에리의 원리에 대해 알게 되었다. 이를 이용해 스크류바의 부피를 구할 수 있었고, 원뿔, 삼각뿔, 구 등 다른 입체도형의 부피와 구의 겉넓이도 유도해봤다. 학교에서 배운 공식을 단순히 아는 것에서 그치지 않고 직접 유도해보며 왜 이런 공식이 나오는지 확인해볼 수 있어 뜻깊은 경험이었다.",,최신,2026-08-06 06:27:50.99+00
df7c6b17-8e5c-495a-b4e2-093ebf6ce98a,2opqZTOFa37VK3v,4,고무판을 이용한 미끄럼 방지와 모세관 원리를 이용한 주변이 젖지 않는 방지한 컵홀더 제작[상세분할]컵홀더가 미끄러지지 않게 높은 마찰계수를 가진 고무패드를 붙여 바닥과의 마찰력을 높였다. 컵홀더 바닥면에 홈에 스펀지를 설치하고 모세관 현상을 통해 떨어진 물방울이 빠르게 흡수되게 하였다. 탈부착 가능하게 설계하여 스펀지의 세척 등이 용이하도록 하였다. 이렇게 일상 속의 불편함을 해결할 방법을 고민하면서 아주 기초적이고 간단한 원리로도 일상생활에 큰 도움을 줄 수 있다는 것을 알게되었다. 이 깨달음을 바탕으로  오랫동안 집을 비워야 하는 상황에서 부직포를 화분과 물통에 연결하여 식물에 자동으로 물을 주는 장치를 만들고 실리콘 패드를 이용해 열기 힘든 뚜껑을 쉽게 열 수 있는 도구를 만드는 등 여러 원리를 일상생활에 활용하게 되었다.,"고무판을 이용한 미끄럼 방지와 모세관 원리를 이용한 주변이 젖지 않는 방지한 컵홀더 제작

1) 글자수부족
2) 이 활동을 통해 깨달은 것을 활용한 사례를 제시 필요

스펀지의 섬유 밀도나 부직포 두께에 따른 모세관 현상의 흡수 높이 및 속도를 정량적으로 비교 측정한 실험 단계를 추가할 필요 있음. - 바닥면의 경사각에 따른 고무패드의 마찰력 변화를 측정하거나 컵홀더 바닥 홈의 구조적 설계를 보완한 구체적 수치 데이터를 기술할 것을 권장함.",최신,2026-08-06 06:24:15.551+00
7ec49e04-d2ba-4c8c-bb49-9a8795d53582,ZKTVSlfX812R9nZ,2,"  동아리 시간에 영화 '오펜하이머'의 대본집을 읽고 중학생이 이해하기 쉬운 오펜하이머 해설서를 만드는 프로젝트를 진행했습니다. 저는 시간 순서가 복잡하게 뒤섞인 이야기를 정리하는 역할을 맡아 주인공의 생애를 타임라인으로 재구성하고 인물 관계도를 작성해 공유했습니다.
  오펜하이머를 이해하기 위해서 과학개념의 정리도 필요했습니다. 원자핵과 전자, 중성자에 대한 개념을 정리하고, 특히 중성자가 원자핵에 부딪혀 핵분열을 연쇄적으로 일으킨다는 것을 알게 되었으며 무엇보다 질량-에너지 등가원리(E=mc²)에 대해 처음 접할 수 있었습니다. 질량은 항상 보존된다고 했던 기존 생각과 달리, 핵반응 시 발생하는 아주 작은 질량 결손도 막대한 에너지로 전환된다는 점이 인상 깊었습니다.
  또한 원자력이 무기뿐 아니라 방사선 치료 등 다양하게 활용되는 것을 보며 동일한 과학 원리도 쓰임에 따라 결과가 달라짐을 배웠습니다. 이런 이해를 바탕으로 오펜하이머가 자신이 개발한 기술의 결과 앞에서 고뇌하는 모습을 보며 과학자적 호기심의 결과가 사회에 미치는 영향과 연구에 필요한 윤리를 고민하게 되었습니다.",,최신,2026-08-06 05:10:43.348+00
1e3a9497-af80-469c-995e-522f0db89a05,PBkjEb22z9NsW98,7,"나는 인류에게 이로운 공간을 설계하는 건축공학가가  되고 싶다. 레고로 다양한 구조물을 만들며 공간과 구조에 관심을 두게 되었고, 건축물이 단순히 보기 좋은 형태가 아니라 사람의 생활 방식과 환경에 영향을 주는 기술이라는 점을 생각하게 되었다. 기후 변화와 인류의 생활 방식의 변화에 따라 공간의 중요성은 더욱 커지고 있다. 미래에 지속 가능한 인간 중심적인 건축물을 설계하여, 건축의 발전이 인류의 삶의 질 향상과 행복에 이바지할 수 있다고 생각한다. 앞으로 기후 변화와 생활 방식의 변화가 커질수록, 건축은 에너지 사용과 탄소 배출을 줄이면서도 사람이 편안하게 머물 수 있는 방향으로 발전해야 한다고 생각한다. 특히 3D 프린팅 기술과 에어돔 구조를 결합해 내부 틀을 구성하고, 그 위에 재료를 덮는 방식 등의 효율적인 건축 기법을 탐구해 보고 싶다. 이를 위해 진산과학고등학교의 창의적 탐구 활동을 통하여 나의 꿈을 실현 시킬 수 있는 탐구 활동을 이어가고 싶다.",,최신,2026-08-06 04:56:11.201+00
ff987625-608f-4445-9d4d-463fdd0710aa,PBkjEb22z9NsW98,8,"나는 중학교 1, 3학년에 또래 학습 맨토링을 하면서 배려에 대하여 배웠다. 나는 나의 친구를 가르치면서, 친구는 성적이 오를 수 있었다. 그리고 나는 친구를 가르치면서 어떻게 해야 어려운 내용도 쉽게 가르칠 수 있는지 배웠다. 어떤 내용에 대하여 쉽게 하기 위해 비유를 사용하였다. 예를 들어 빛의 직진과 굴절에 관해 설명할 때, 썰매의 한쪽이 진흙에 먼저 닿으면 양쪽 속도가 달라져 방향이 휘는 상황에 비유했다. 또한 간단하게 실험할 수 있는 것은 실험하였다. 예를 들어, 눈에서 빛이 굴절되어 상이 맺히는 과정과 원시와 근시의 차이도 레이저와 볼록거울을 통해 설명했다. 이런 경험들을 통해 친구를 도울 때는 내가 아는 내용을 그대로 말하는 것이 아닌, 상대를 배려하여 친구 입장에서 이해할 수 있도록 전달하는 방법을 배웠다. 멘토링 준비과정을 통해 나 스스로도 개념을 다시 정리할 수 있었고, 상대를 배려하는 것이 나 또한 발전시킬 수 있음을 깨달았다.",,최신,2026-08-06 04:30:55.44+00
a18784b7-2866-4ec0-9256-6c884dd016d6,PBkjEb22z9NsW98,6,"드론이 날라갈 때 유체 역학적 원리와 기압계의 유무에 따른 드론의 움직임 차이와 조종의 차이[상세분할]나는 저렇게 작은 물체가 날아갈 수 있다는 것이 신기했다. 새처럼 날개가 있는 것도 아니고, 오로지 프로펠러 만으로 날아가고 가만히 떠있는 것이 신기했다. 이때부터 드론에 흥미가 생겨 연구하게 되었다. 처음에는 기압계가 없는 드론을 사용했다. 그 드론을 날릴 때 가만히 띄우는 것과 움직이는 것도 어려웠다. 그 뒤에 나는 센서가 달린 드론을 사용하니 굉장히 쉽게 나는 것이다. 기압계가 없으면 드론은 공중에서 가만히 날 수가 없다. 하지만 기압계가 있으면 드론은 자동으로 공중에 멈출수 있다. 이때 기압계의 중요성을 느꼈다. 이 과정을 통해 나는 겉으로만 보이는 것이 아닌, 내부에 들어있는 것의 원리를 탐구해야 겉에 있는 원리를 알 수 있다는 것을 배웠다.",,최신,2026-08-06 04:20:20.801+00
80e7c3e3-b7ba-49b8-b89a-19dccb408e5c,PBkjEb22z9NsW98,5,"질량이 다른 공의 낙하로 역학적 에너지에서 두 공의 공기 저항의 차이에 의한 오차 파악[상세분할]자유낙하에 관한 실험을 할 때, 질량이 다른 공을 가지고 낙하 시킬 때, 분명 조작 변인인 질량을 제외하고 모두 같은 조건이었는데도 불구하고 속력이 약간 차이가 발생했다. 나는 이것에 대해 궁금증을 느꼈다. 이 이것에 대해 실험하면서 크기의 변인을 통제하는 것과 유리관의 수직을 맞추는 것이 어려웠다. 이것을 해결하기 위해 점토를 활용하여 쇠구슬과 크기는 같으면서도 질량은 다른 공을 만들었다. 또한, 유리관이 기울어진 것은 삼각자를 활용하여 수직을 맞추었다. 5번 측정한 뒤, 이 값의 평균을 계산하여 속력값을 얻었다. 측정값을 보니 쇠구슬의 값이 더 컸다. 이론적으로 공의 크기가 동일하니 공기 저항력은 같고, 역학적 에너지를 통해 속력도 동일한데, 이러한 값이 왜 나오는지 이해가 안 되었다. 알고 보니, 공기 저항은 동일하지만 F=ma에서 질량이 쇠구슬이 더 크므로 결과적으로 가속도가 쇠구슬이 더 빠르게 되는 것이다. 이것을 통해 공기저항력을 계산할 수 있다. 이를 보니 쇠구슬의 공기저항력이 점토 구슬의 것보다 작았다. 이를 통해 질량이 무거울 수록 공기 저항력이 작다는 것을 알았다. 이 실험을 통해 우리 가 보편적으로 알고있는 것들, 그러니까 무게가 클수록 공기 저항도 클것이라는 생각들도 실험을 통해 알던 것들이 틀림을 입증할 수 있었다.",,최신,2026-08-06 04:17:52.442+00
8a838f82-7bc2-4ca0-a6d2-2d5acdef4623,2opqZTOFa37VK3v,1,"[상세분할]확률을 주제로 수학신문을 만들어보던 중 몬티홀 딜레마에 대해 알게 되었고, 문을 바꾸는것이 왜 유리한지 어느정도 이해가 되었지만, 이를 정확하게 증명하고 싶어 방법을 탐구하게 되었다. 이 과정에서 조건부확률에 대해 알게 되었고, 이를 이용하여 문을 바꿨을때 경품을 얻을 확률이 그렇지 않을때의 확률보다 높은것을 알게 되었다. 그 후 문의 개수가 늘어나는 등 조건이 바뀔 때는 확률이 어떻게 바뀔지 궁금해졌고 여러 변형에서의 경품을 얻을 확률을 직접 구해보게 되었다. 이 과정에서 직관과 실제가 얼마나 다를 수 있을지를 깨달았고, 여러 변형에서의 확률을 구해보며 단순히 정해진 답 하나만이 아니라 한 원리를 바탕으로 새로운 규칙을 찾아내는 능력을 기르게 되었다.","1. 몬티홀의 문제의 조건을 어떻게 바꿨는지 바꿔서 어떻게 나왔는지 추가

2. 어려웠던 점 보완을 어떻게 했고 극복하면서 어떤 성장과 변화를 이뤘는지 추가",최신,2026-08-06 03:34:05.625+00
a48723c5-d0af-449b-8423-27d95a48ee79,2opqZTOFa37VK3v,6,"[상세분할]적자생존과 종 분화에 대해 배우고 나서 다른 남을 위해 자신을 희생하는 동물들은 자손을 남기지 못하고 죽을텐데, 이들의 이타적 행동이 어떻게 사라지지 않고 지금까지 유지되는지 의문이 들었다. 관련 자료를 찾다가 <이기적 유전자>를 읽게 되었고 이를 통해 중점은 개체가 아닌 그 유전자에 있음을 알게 되었다. 즉, 동물들의 이타적 행동은 유전자를 공유하는 친족 여럿을 살림으로서 한 유전자의 복사본을 더 많이 퍼뜨리기 위함임을 깨달았다. 이렇게 개념과 모순되어보이는 점을 책과의 연계를 통해 이해해가며 그 개념에 대해 더 확실하게 알 수 있었다. 또, 이 경험은 다른 개념들을 자세히 들여다보며 암기가 아닌 이해를 하려 노력하는 태도의 계기가 되었다.",,최신,2026-08-06 03:34:05.625+00
a2d2fee7-439c-48e1-a760-881399d040c3,wlqybygk3b,1,,,최신,2026-08-06 03:20:53.18+00
087b1da2-8570-42e6-bb03-d0d091be7ad4,ZKTVSlfX812R9nZ,1,"에너지와 환경 문제에 관심을 갖고 신재생에너지를 공부하다 태양광 발전은 친환경적이지만 날씨와 시간대에 따라 발전량이 불안정해 ESS(에너지저장장치)가 필요함을 알게 되었습니다. 과학 시간에 도시 광산에 대해 알아보다 폐가전제품에 다양한 금속 자원이 있어 ESS에 활용할 수 있다는 것을 인지해, 폐가전제품에서 얻은 배터리를 ESS로 활용하는 탐구를 진행했습니다. 그 결과 태양광 패널만 연결했을 때는 패널에서 생산된 전기의 전압이 밤에 0.1V로 떨어지지만, 배터리를 연결해 낮에 생성한 전기를 배터리에 저장했을 때는 밤에도 3.7V의 전압을 유지하는 것을 확인했습니다. 버려지는 자원으로도 에너지 문제를 해결할 수 있다는 사실에 흥미를 느꼈고 지속가능한 에너지를 효율적으로 만드는 방법을 연구하고 싶다는 목표를 갖게 되었습니다.
  이 꿈을 이루기 위해 분당중앙과학고에 진학한 후 물리학과 화학 등 기초 과학을 공부하며 에너지 관련 지식을 쌓고 신재생에너지 저장 기술을 발전시켜 안정적 전력 유지가 필수적인 데이터센터 등에 활용할 기술을 연구하겠습니다. 또한 과제연구를 통해 폐자원을 활용한 지속가능한 에너지 연구를 설계해, 에너지 기술 발전에 기여하는 신재생에너지 연구원으로 성장하겠습니다.",,최신,2026-08-06 03:13:18.03+00
b1b34d47-bc4a-4580-838e-6f14c3319988,ZKTVSlfX812R9nZ,5,"제가 생각하는 전 지구적 문제는 에너지 위기입니다. 화석 연료는 환경오염과 자원 고갈 문제가 있고, 최근 재조명받는 원자력도 폐기물과 사고 위험이 남아 있으며, 신재생에너지는 발전량이 적고 날씨에 따라 불안정하다는 한계가 있습니다.
  저는 신재생에너지 연구자가 되어 이 문제를 두 방향으로 풀고 싶습니다. 첫째, 폐가전에서 금속을 추출해 저장장치를 만들었던 탐구를 발전시켜 태양광과 풍력의 발전량이 낮은 날에도 에너지를 안정적으로 공급할 수 있는 저장 기술을 연구하겠습니다. 둘째, 단열재와 상변화물질을 결합해 에너지 손실을 줄였던 탐구처럼 다양한 소재의 특성을 데이터로 축적해 발전량과 효율을 높이는 신소재를 개발하겠습니다. 이렇게 신재생에너지의 약점을 보완해 화석 연료 의존도를 낮추고 원자력과도 함께 균형을 이루는 에너지 체계를 만드는 데 기여하겠습니다. 또한 이러한 기술의 혜택이 특정 집단에 편중되지 않고 모두에게 공평하게 돌아가도록 신중히 연구하는 책임감 있는 과학자가 되겠습니다.",,최신,2026-08-06 03:13:18.03+00
7acc954b-4685-4dcb-b44c-ecc6780d2a3c,ZKTVSlfX812R9nZ,1,"에너지와 환경 문제에 관심을 갖고 신재생에너지를 공부하다 태양광 발전은 친환경적이지만 날씨와 시간대에 따라 발전량이 불안정해 ESS(에너지저장장치)가 필요함을 알게 되었습니다. 과학 시간에 도시 광산에 대해 알아보다 폐가전제품에 다양한 금속 자원이 있어 ESS에 활용할 수 있다는 것을 인지해, 폐가전제품에서 얻은 배터리를 ESS로 활용하는 탐구를 진행했습니다. 그 결과 태양광 패널만 연결했을 때는 패널에서 생산된 전기의 전압이 밤에 0.1V로 떨어지지만, 배터리를 연결해 낮에 생성한 전기를 배터리에 저장했을 때는 밤에도 3.7V의 전압을 유지하는 것을 확인했습니다. 버려지는 자원으로도 에너지 문제를 해결할 수 있다는 사실에 흥미를 느꼈고 지속가능한 에너지를 효율적으로 만드는 방법을 연구하고 싶다는 목표를 갖게 되었습니다.
  이 꿈을 이루기 위해 분당중앙과학고에 진학한 후 물리학과 화학 등 기초 과학을 공부하며 에너지 관련 지식을 쌓고 신재생에너지 저장 기술을 발전시켜 안정적 전력 유지가 필수적인 데이터센터 등에 활용할 기술을 연구하겠습니다. 또한 과제연구를 통해 폐자원을 활용한 지속가능한 에너지 연구를 설계해, 에너지 기술 발전에 기여하는 신재생에너지 연구원으로 성장하겠습니다.

테스트",,최신,2026-08-06 03:12:10.269+00
6c3ef365-1978-4227-a095-5ea17a874f17,ZKTVSlfX812R9nZ,5,"제가 생각하는 전 지구적 문제는 에너지 위기입니다. 화석 연료는 환경오염과 자원 고갈 문제가 있고, 최근 재조명받는 원자력도 폐기물과 사고 위험이 남아 있으며, 신재생에너지는 발전량이 적고 날씨에 따라 불안정하다는 한계가 있습니다.
  저는 신재생에너지 연구자가 되어 이 문제를 두 방향으로 풀고 싶습니다. 첫째, 폐가전에서 금속을 추출해 저장장치를 만들었던 탐구를 발전시켜 태양광과 풍력의 발전량이 낮은 날에도 에너지를 안정적으로 공급할 수 있는 저장 기술을 연구하겠습니다. 둘째, 단열재와 상변화물질을 결합해 에너지 손실을 줄였던 탐구처럼 다양한 소재의 특성을 데이터로 축적해 발전량과 효율을 높이는 신소재를 개발하겠습니다. 이렇게 신재생에너지의 약점을 보완해 화석 연료 의존도를 낮추고 원자력과도 함께 균형을 이루는 에너지 체계를 만드는 데 기여하겠습니다. 또한 이러한 기술의 혜택이 특정 집단에 편중되지 않고 모두에게 공평하게 돌아가도록 신중히 연구하는 책임감 있는 과학자가 되겠습니다.

테스트",,최신,2026-08-06 03:12:10.269+00
572cf539-01dd-4369-88be-e7c6cd8f7d54,2opqZTOFa37VK3v,6,"asfasfasf[상세분할]적자생존과 종 분화에 대해 배우고 나서 다른 남을 위해 자신을 희생하는 동물들은 자손을 남기지 못하고 죽을텐데, 이들의 이타적 행동이 어떻게 사라지지 않고 지금까지 유지되는지 의문이 들었다. 관련 자료를 찾다가 <이기적 유전자>를 읽게 되었고 이를 통해 중점은 개체가 아닌 그 유전자에 있음을 알게 되었다. 즉, 동물들의 이타적 행동은 유전자를 공유하는 친족 여럿을 살림으로서 한 유전자의 복사본을 더 많이 퍼뜨리기 위함임을 깨달았다. 이렇게 개념과 모순되어보이는 점을 책과의 연계를 통해 이해해가며 그 개념에 대해 더 확실하게 알 수 있었다. 또, 이 경험은 다른 개념들을 자세히 들여다보며 암기가 아닌 이해를 하려 노력하는 태도의 계기가 되었다.",,최신,2026-08-06 02:58:24.735+00
aff88ed6-7353-457e-9440-da8e377cbc3b,2opqZTOFa37VK3v,1,"adgsadgsdg[상세분할]확률을 주제로 수학신문을 만들어보던 중 몬티홀 딜레마에 대해 알게 되었고, 문을 바꾸는것이 왜 유리한지 어느정도 이해가 되었지만, 이를 정확하게 증명하고 싶어 방법을 탐구하게 되었다. 이 과정에서 조건부확률에 대해 알게 되었고, 이를 이용하여 문을 바꿨을때 경품을 얻을 확률이 그렇지 않을때의 확률보다 높은것을 알게 되었다. 그 후 문의 개수가 늘어나는 등 조건이 바뀔 때는 확률이 어떻게 바뀔지 궁금해졌고 여러 변형에서의 경품을 얻을 확률을 직접 구해보게 되었다. 이 과정에서 직관과 실제가 얼마나 다를 수 있을지를 깨달았고, 여러 변형에서의 확률을 구해보며 단순히 정해진 답 하나만이 아니라 한 원리를 바탕으로 새로운 규칙을 찾아내는 능력을 기르게 되었다.",,최신,2026-08-06 02:58:20.028+00
e845f60d-2b28-4c0d-9a31-4f73a8252802,2g6pgsJlna5wAK,1,"[상세분할]1,2차방정식은 근의 공식이 있어서 쉽게 풀수있다. 하지만 3차이상의 방정식은 실수범위에서 인수분해가 불가능할때 어떻게 해결할지 궁금해서 고차방정식의 해법에 대해 탐구했다. 3차방정식의 해법은 카르다노의 해법이 있다. 이 해법은 3차방정식을 2차항이 없는 3차방정식을 만든 후 미지수를 서로다른 두개의 미지수 합으로 나타내고 2개의 미지수로 연립방정식을 세워서 해결하는 방법이다. 카르다노의 해법의 원리를 이해하고 직접 유도하면서 매개변수 치환법을 알게되었다. 4차방정식의 해법은 페라리, 오일러, 데카르트의 해법이 있다. 이중 가장 인상깊었던 해법은 오일러의 해법이다. 오일러의 해법은 페라리,데카르트의 해법과 달리 카르다노의 해법을 사용하지 않고 미정계수법을 사용한 풀이다. 오일러의 해법을 탐구하면서 미정계수법을 알게되었다. 5차이상의 방정식은 일반해가 없다는것을 알게되었다. 이것의 증명과정은 내가 잏하기에 어려워서 고등학생때 다시 도전해서 증명할것이다. 3,4차 방정식의 근의공식을 유도해보면서 근이 계수들로 나타내어지는 일반해가 존재한다는것이 직관적으로 이해되지는 않아서 직접 증명과정이 놀라웠다. 이 일을 계기로 배운것을 확장해서 일반해를 유도해보는 태도가 중요하다는것을 느꼈서 나의 태도도 변하게 됬다.",,최신,2026-08-06 02:42:19.425+00
50d9d8c3-d619-43a4-aec7-16f56f6def75,2g6pgsJlna5wAK,7,,,최신,2026-08-06 02:42:13.874+00
1067a860-a934-4b9f-8902-96553288b67a,2g6pgsJlna5wAK,7,fgjdfgjdjdgfjsdgsdg,,최신,2026-08-06 02:40:20.517+00
07fc374c-5454-4798-bd82-c220e4f18568,2g6pgsJlna5wAK,1,"ㅂetqeqwet[상세분할]1,2차방정식은 근의 공식이 있어서 쉽게 풀수있다. 하지만 3차이상의 방정식은 실수범위에서 인수분해가 불가능할때 어떻게 해결할지 궁금해서 고차방정식의 해법에 대해 탐구했다. 3차방정식의 해법은 카르다노의 해법이 있다. 이 해법은 3차방정식을 2차항이 없는 3차방정식을 만든 후 미지수를 서로다른 두개의 미지수 합으로 나타내고 2개의 미지수로 연립방정식을 세워서 해결하는 방법이다. 카르다노의 해법의 원리를 이해하고 직접 유도하면서 매개변수 치환법을 알게되었다. 4차방정식의 해법은 페라리, 오일러, 데카르트의 해법이 있다. 이중 가장 인상깊었던 해법은 오일러의 해법이다. 오일러의 해법은 페라리,데카르트의 해법과 달리 카르다노의 해법을 사용하지 않고 미정계수법을 사용한 풀이다. 오일러의 해법을 탐구하면서 미정계수법을 알게되었다. 5차이상의 방정식은 일반해가 없다는것을 알게되었다. 이것의 증명과정은 내가 잏하기에 어려워서 고등학생때 다시 도전해서 증명할것이다. 3,4차 방정식의 근의공식을 유도해보면서 근이 계수들로 나타내어지는 일반해가 존재한다는것이 직관적으로 이해되지는 않아서 직접 증명과정이 놀라웠다. 이 일을 계기로 배운것을 확장해서 일반해를 유도해보는 태도가 중요하다는것을 느꼈서 나의 태도도 변하게 됬다.",,최신,2026-08-06 02:40:00.911+00
a742f6b2-dbdf-4b6a-b750-00cdfc1ac076,2opqZTOFa37VK3v,1,"[상세분할]확률을 주제로 수학신문을 만들어보던 중 몬티홀 딜레마에 대해 알게 되었고, 문을 바꾸는것이 왜 유리한지 어느정도 이해가 되었지만, 이를 정확하게 증명하고 싶어 방법을 탐구하게 되었다. 이 과정에서 조건부확률에 대해 알게 되었고, 이를 이용하여 문을 바꿨을때 경품을 얻을 확률이 그렇지 않을때의 확률보다 높은것을 알게 되었다. 그 후 문의 개수가 늘어나는 등 조건이 바뀔 때는 확률이 어떻게 바뀔지 궁금해졌고 여러 변형에서의 경품을 얻을 확률을 직접 구해보게 되었다. 이 과정에서 직관과 실제가 얼마나 다를 수 있을지를 깨달았고, 여러 변형에서의 확률을 구해보며 단순히 정해진 답 하나만이 아니라 한 원리를 바탕으로 새로운 규칙을 찾아내는 능력을 기르게 되었다.",,최신,2026-08-06 00:58:09.841+00
6e8af67d-fe18-47ea-a8e7-ce020104ab2d,2opqZTOFa37VK3v,8,"학교 자율주제 연구 활동에서 발표에 쓸 자료를 위해 최대한 많은 학생들에게 설문조사를 진행해서 표를 만들어야 했는데, 설문조사지를 들고 사람들 한명한명에게 질문하기에는 너무 번거롭고 남은 시간이 촉박하다고 느꼈다. 그래서 모둠원들에게 설문조사 사이트를 활용하자 제안했고 직접 만들게 되었다. 하지만 이 사이트를 어떻게 단기간에 많은 사람들에게 알릴지에 대한 방법이 떠오르지 않아 문제가 발생했는데, 모둠원 1명이 QR코드를 만든 후 포스터로 인쇄하자 제안했고 포스터를 너무 많이 붙이지 않는 조건으로 선생님의 허락을 받아 나를 포함한 모둠 전체가 각자 포스터 디자인, 학교에서 학생들이 가장 많이 지나다니는 곳, 학교 개시물이 보통 붙여지는 높이 등을 분석하여 포스터를 붙이게 되었다. 그 결과 전교생 중 310명이 설문에 참여하게 되었고, 함께 문제를 해결해나가려 했던 이 경험은 협력의 기쁨과 사회적 관계 성장을 주었다.",,최신,2026-08-06 00:58:09.841+00
19339034-dac6-4a95-947e-7935baf8632f,ZKTVSlfX812R9nZ,5,"제가 생각하는 전 지구적 문제는 에너지 위기입니다. 화석 연료는 환경오염과 자원 고갈 문제가 있고, 최근 재조명받는 원자력도 폐기물과 사고 위험이 남아 있으며, 신재생에너지는 발전량이 적고 날씨에 따라 불안정하다는 한계가 있습니다.
  저는 신재생에너지 연구자가 되어 이 문제를 두 방향으로 풀고 싶습니다. 첫째, 폐가전에서 금속을 추출해 저장장치를 만들었던 탐구를 발전시켜 태양광과 풍력의 발전량이 낮은 날에도 에너지를 안정적으로 공급할 수 있는 저장 기술을 연구하겠습니다. 둘째, 단열재와 상변화물질을 결합해 에너지 손실을 줄였던 탐구처럼 다양한 소재의 특성을 데이터로 축적해 발전량과 효율을 높이는 신소재를 개발하겠습니다. 이렇게 신재생에너지의 약점을 보완해 화석 연료 의존도를 낮추고 원자력과도 함께 균형을 이루는 에너지 체계를 만드는 데 기여하겠습니다. 또한 이러한 기술의 혜택이 특정 집단에 편중되지 않고 모두에게 공평하게 돌아가도록 신중히 연구하는 책임감 있는 과학자가 되겠습니다.",,최신,2026-08-06 00:55:15.421+00
8fc3ddd3-642a-4dba-acf4-c5d81ca305e0,2opqZTOFa37VK3v,8,"학교 자율주제 연구 활동에서 발표에 쓸 자료를 위해 최대한 많은 학생들에게 설문조사를 진행해서 표를 만들어야 했는데, 설문조사지를 들고 사람들 한명한명에게 질문하기에는 너무 번거롭고 남은 시간이 촉박하다고 느꼈다. 그래서 모둠원들에게 설문조사 사이트를 활용하자 제안했고 직접 만들게 되었다. 하지만 이 사이트를 어떻게 단기간에 많은 사람들에게 알릴지에 대한 방법이 떠오르지 않아 문제가 발생했는데, 모둠원 1명이 QR코드를 만든 후 포스터로 인쇄하자 제안했고 포스터를 너무 많이 붙이지 않는 조건으로 선생님의 허락을 받아 나를 포함한 모둠 전체가 각자 포스터 디자인, 학교에서 학생들이 가장 많이 지나다니는 곳, 학교 개시물이 보통 붙여지는 높이 등을 분석하여 포스터를 붙이게 되었다. 그 결과 전교생 중 310명이 설문에 참여하게 되었고, 함께 문제를 해결해나가려 했던 이 경험은 협력의 기쁨과 사회적 관계 성장을 주었다.

테스트333",,최신,2026-08-06 00:35:46.441+00
8ca01ddb-31a5-4ca7-a94d-561102a2a923,2opqZTOFa37VK3v,1,"테스트222[상세분할]확률을 주제로 수학신문을 만들어보던 중 몬티홀 딜레마에 대해 알게 되었고, 문을 바꾸는것이 왜 유리한지 어느정도 이해가 되었지만, 이를 정확하게 증명하고 싶어 방법을 탐구하게 되었다. 이 과정에서 조건부확률에 대해 알게 되었고, 이를 이용하여 문을 바꿨을때 경품을 얻을 확률이 그렇지 않을때의 확률보다 높은것을 알게 되었다. 그 후 문의 개수가 늘어나는 등 조건이 바뀔 때는 확률이 어떻게 바뀔지 궁금해졌고 여러 변형에서의 경품을 얻을 확률을 직접 구해보게 되었다. 이 과정에서 직관과 실제가 얼마나 다를 수 있을지를 깨달았고, 여러 변형에서의 확률을 구해보며 단순히 정해진 답 하나만이 아니라 한 원리를 바탕으로 새로운 규칙을 찾아내는 능력을 기르게 되었다.",,최신,2026-08-06 00:35:36.549+00
e5bd3e64-ba43-4724-872e-5aab25280ff5,E2WaX8Gu4unR8Bm,7,"수에 관해 관심이 있어서 정수를 주로 연구하는 수학자를 꿈꾸게 되었다. 정수 중 약수와 배수에 관심이 생겨서 배수 판별법과 소수 판별법, 합동식 등에 대해 탐구했다. 정수론 수학자가 되는 과정 중 카이스트 수리과학과를 가는 것으로 진로를 택하였다. 이 목표를 위해 중학교 1학년 2학기 중반까지 수학, 과학을 고1 과정까지 개념을 익혀 보니 조합에서 큐브의 경우의 수를 구할 수 있다는 것을 알아서 2학기 말에 탐구하였다. 2학년 때는 한 수가 어떤 수의 배수인지 더 쉽고 빠르게 알고 싶어 배수 판별법을 탐구했다. 그리고 3학년 때는 소수를 탐구 중이다. 이 학교에 합격하게 되면 1학년 때 사원 수에 대해 탐구하여 수를 확장해 볼 것이고 2학년 때 여러 소수 판별법을 탐구하여 소수에 대해 더 알아볼 것이다. 3학년 때는 소수 종류 중 하나인 메르센 소수에 대해 탐구할 것이다. 카이스트 수리과학과에 들어가 정수론 수학자가 되면, 소수에 관련된 난제인 골드바흐의 추측이나 리만 가설 등을 연구하고 증명할 것이다.",,최신,2026-08-05 23:47:02.637+00
d38c9064-f945-4fff-8ab2-d0e751642cc5,E2WaX8Gu4unR8Bm,8,"개인의 역량보다 팀원 간의 조화가 더 큰 시너지를 발휘한다는 것을 밴드부 활동으로 알게 되었다. 밴드부에서 일렉기타 포지션을 맡았다. 우린 5월에 첫 공연을 앞두고 문제가 생겼다. 합주하는데 합주의 조화가 안 맞는 기분이었다. 그래서 팀원끼리 무엇이 문제인지 서로 소통해 보며 피드백을 해나갔다. 보컬은 노래를 힘차게 부르고 어느 부분에는 약하게 어느 부분에는 세게 부르는 등 발성의 세기를 부분마다 바꿨다. 그리고 다른 악기들은 어떤 강세와 어떤 때 임팩트를 주어야 하는지 서로 의견을 내보며 소통하고 조율해 나갔다. 그리고 공연인 만큼 호응 유도를 넣고 즐기면서 부르려 하였다. 결국 공연 때 완벽한 합주를 보일 수 있었다. 우린 합주를 통해 자신만 잘하기보다는 모두 합을 맞추는 게 더 좋은 결과를 얻을 수 있다는 것을 알았다. 이를 통해 다양한 모둠 활동을 할 때, 한 사람만 잘하는 것이 아닌 모든 사람의 의견을 들어주고 조율해 나가며 서로 이익이 되는 활동을 하게 되었다.",,최신,2026-08-05 23:47:02.637+00
1c9bc7ae-61ac-4e35-aacd-5c699c504e55,E2WaX8Gu4unR8Bm,1,"‘내일은 수학왕’이라는 책에서 큐브의 경우의 수를 보았고 이를 구하는 과정이 궁금해졌다.[상세분할]먼저 333 큐브를 각각 6개의 센터, 8개의 코너, 12개의 엣지 조각으로 나누어서 곱의 법칙으로 구했다. 그러나 탐구 도중 큐브에 특성에 의해 일부 경우에서는 조각의 위치가 정해지는 성질이 있다는 것을 알았고 그것을 증명하는 데 어려움을 겪었다. 하지만 포기하지 않았고 다양한 방법을 시도해 보며 문제를 해결해 나갔다. 그리고 큐브가 돌아가는 원리를 이용하여 여러 짧은 공식을 만들었다. 이 공식을 이용함으로써 큐브 평균 기록을 단축하게 할 수 있었을 뿐만 아니라 큐브를 돌리는 원리와 비슷한 지괴 문제에 많은 도움이 되었다.",,최신,2026-08-05 23:46:45.624+00
dfd18d10-d447-4684-8827-a4f02a54737b,E2WaX8Gu4unR8Bm,2,소수가 간단한 정의인데 소수들의 여러 추측을 증명하지 못한 것에 흥미를 느껴 탐구하였다.[상세분할]소수에도 여러 종류가 있다는 것을 알았다. 그리고 소수의 특징을 살펴보던 중 학교에서 배운 피타고라스를 배경으로 한 페르마의 두 제곱수 정리가 눈에 들어왔다. 이 정리를 증명하려면 라그랑주 정리를 먼저 증명해야 하고 그 정리를 증명하는 데 비둘기집 원리 등의 여러 정리가 필요했다. 나는 페르마의 두 제곱수 정리를 탐구하고 증명하는 데 어려움이 있었지만 하나씩 정리를 증명하다 보니 생각보다 금방 증명할 수 있었다. 이를 이용해 학교에서 모눈종이를 활용해 넓이가 자연수인 정사각형의 한 변의 길이를 쉽게 만들 수 있었다.,,최신,2026-08-05 23:46:45.624+00
05dc4df2-13a5-4d1f-a133-58e9914098e4,E2WaX8Gu4unR8Bm,3,[상세분할],,최신,2026-08-05 23:46:45.624+00
d0c36109-63a3-408a-9a9c-c97873c24e3c,E2WaX8Gu4unR8Bm,4,"방음벽 부작용에 대한 문제의식과 친환경 방음벽의 단점을 해결하기 위한 커피벽돌 방음벽 고안[상세분할](모둠 2) 방음벽이 통풍을 침해하고 조류들이 방음벽에 충돌하여 사망하는 안타까운 사건도 심심치 않게 발생해 나에게 충격을 안겨주게 되었다. 해결 방안으로 자연 친환경 방음벽을 생각해 보니 넓은 공간과 화재에 약한 단점이 있었다. 이것에 대한 대안으로 커피 벽돌을 생각해 보았다. 커피 벽돌은 화재에 약하지만, 점토와 섞으면 화재에 강해지게 되고 재활용이나 재사용이 가능하기에 해결 방안으로 생각해 보았다. 이 토론을 통해 인간이 편해서 지은 것들도 자연에서 여러 부작용이 있다는 것을 다시 한번 느끼게 되는 계기가 되었다. 이를 통해 수학 문제 풀이에도 장단점을 분석해 가장 효율적인 풀이를 찾을 수 있었다.","제목 : 방음벽 부작용에 대한 문제의식과 친환경 방음벽의 단점을 해결하기 위한 커피벽돌 방음벽 고안

1) 이 활동을 통해 배우고 적용한 사례 제시 ",최신,2026-08-05 23:46:45.624+00
3dc05922-5bc2-40db-8aea-0cbef728f8e8,E2WaX8Gu4unR8Bm,5,"물리 공식과 이항정리 기반 L2 라그랑주점 위치 계산 및 제임스 웹 우주망원경의 이점 탐구[상세분할]L2 라그랑주점 계산하기 위해서는 원심력과 지구와 태양 만유인력의 평형점을 이용하여 계산했다. 계산하던 부분에서 어려움을 겪었고 이를 해결하기 위해 방법을 찾아보니 이항 근사라는 개념을 적용해야 하는 것을 알았다. 이항 근사식을 유도하려면 이항정리가 필요하고 이를 이용하여 L2 지점을 계산할 수 있었다. 실제로 제임스 웹 만원경이 있다는 것을 알았고 여러 이점을 이유로 L2에 있다는 것도 알았다. 그리고 미래에는 우주정거장, 인공 행성 등 라그랑주점을 많이 이용할 거라 예상했다. 이 탐구는 나에게 우주에 대한 호기심과 시야를 확장하는 데 도움이 되었고 더 우주에 대해 이해할 수 있는 계기가 되었다. 이를 이용해 등속운동을 하는 물체에서 힘의 평형에 대한 문제를 수월하게 해결할 수 있었다.","물리 공식과 이항정리 기반 L2 라그랑주점 위치 계산 및 제임스 웹 우주망원경의 이점 탐구

1) 이 활동을 통해 배우고 적용한 사례 제시 ",최신,2026-08-05 23:46:45.624+00
7436c2d2-fa2c-4e5b-927e-1a1abc0ca302,E2WaX8Gu4unR8Bm,6,단일 슬릿에 대해 탐구하고 실험하며 빛의 파장을 계산해 보았다.[상세분할](모둠 3) 빛을 주제로 공부해 보다가 단일 슬릿에 대해 알게 되었는데 빛을 쐈을 때 생기는 회절 무늬가 너무 신기해서 탐구하고 실험해 보았다. 먼저 밝고 어두운 무늬가 생기는 것은 빛의 광로차에 의해 생기는 사실을 알았고 직접 파장을 구하는 식을 유도해 보았다. 슬릿 끝에서 지나는 두 빛의 각도가 거의 0이기 때문에 sin 0을 0이라 두고 유도했다. 그리고 직접 실험하여 실험에 사용한 레이저의 파장을 계산하려고 하였다. 그런데 실험할 작은 슬릿을 구하기 어려웠다. 그래서 찾아보니 바비네의 원리에 의해 구멍이 막혀있어도 구멍이 있을 때와 동일한 회절 무늬가 나타난다는 사실을 알고 샤프심으로 실험하였다. 하지만 이번엔 회절 무늬가 명확하게 보이지 않았다. 이를 해결하기 위해 스크린과 샤프심 사이의 거리를 늘리고 레이저와 샤프심의 거리를 줄이니 잘 보였다. 줄자를 스크린에 접촉한 후 약한 빛에 카메라로 찍어 회절 무늬의 간격을 잰 후 파장을 계산해 보니 약 416.7nm가 나왔다. 하지만 실제 레이저의 파장은 약 640nm이며 230nm의 오차가 났다. 오차의 원인을 분석해 보니 정확하지 않은 무늬의 경계 등을 찾을 수 있었고 2mm에서 3mm로 수정해 보니 625nm로 더 정확한 값을 구할 수 있었다. 이 실험에서 모둠원과의 소통을 통해 오차의 원인을 생각하고 수정해 가며 더 정확한 값을 도출해 낼 수 있었다.,"1) 오차의 원인에 대한 정량적 분석이 필요함.
2) 계산방법에 대한 제시가 없음",최신,2026-08-05 23:46:45.624+00
47c6194e-a736-47f2-b3a1-c49d4a9a0e5f,gkYc5vJT4eqL,4,"가족과 수학에 대해 이야기 하던 중 0의 발견에 대해 이야기를 들을 수 있었습니다. 자세한 설명은 아니었지면 0의 발견이 수학적으로 대단한 의미가 있다고하여 챗지피티 및 인터넷 등을 통해 알아보니 0의 개념이 철학적인 면도 있다는 것을 알게되었습니다.
0은 수학적인 발견인 동시에 철학적으로도 매우 갚은 의미를 지닌 개념으로 ‘아무것도 없음’을 단순한 빈칸이 아니라 하나의 존재로 인정한다는 점에서 철학의 역사에도 큰 영향을 주었습니다.
503이라는 숫자가 있다면 백의자리가 5이며 1의 자리가 3입니다. 그러나 십의자리는 없음에도 없음을 표현할 수 있는 숫자를 발견한 것으로 수학에 큰 발전을 이룰 수 있는 개념이었음을 알게 되었습니다.
또한 철학적으로 
‘무를 생각하게 만들었고, 아무것도 없다면 왜 0이라는 개념은 존재하는가? 정말 0은 아무것도 아닌가? 즉 0은 없음과 존재의 경계를 생각하게 만들었습니다.",,최신,2026-08-05 23:44:01.509+00
04daa367-6ed6-4db5-8a53-351f913c37cd,gkYc5vJT4eqL,5,이제 저장이 잘 됩니다!,,최신,2026-08-05 23:44:01.509+00
696eef0b-6541-478b-a6b8-a1fd5d478b60,gkYc5vJT4eqL,6,이제 저장이 잘 됩니다!,,최신,2026-08-05 23:44:01.509+00
4efa243a-49ee-48c3-8f8b-1fcd154634b5,mo8vdRSQHGpoxY7,1,"[상세분할]일상생활에서의 관심이 수학과 과학을 공부하는데 도움이 된다는 것을 알게 되었다. 평소에 사다리타기를 하면서 결과가 중복되거나 누락되는 경우가 없었고 사다리타기가 진짜 공정한지 확인하기 위해 수학적 원리에 대해서 연구했다. 연구를 진행하면서 사다리타기가 중복되거나 누락되지 않는 이유를 일대일 대응 함수를 통해 이해했다. 가로선을 통한 자리바꿈을 호환이라고 하는데, 여러번의 호환을 해도 일대일 대응 함수가 되는 이유는 합성함수와 관련지었다. 또한, 사다리 타기에서 가운데는 왼쪽과 오른쪽에서 온 경로가 만나는 지점이지만, 양 끝은 상대적으로 가짓수가 적어 확률이 낮다는 것을 사다리타기 모형을 직접 만들어서 확인했다. 사다리타기를 수학적으로 탐구해 보면서 수학이 단지 이론적 학문이 아닌 실생활의 원리를 설명하는 과목임을 느꼈고, 일상생활 속에서 수학적 원리를 찾아보게 된 계기가 되었다.",,최신,2026-08-05 23:40:48.417+00
40111ac7-df68-4ac2-af29-e0befc087595,mo8vdRSQHGpoxY7,2,"[상세분할]명제에서 루트2가 무리수임을 증명하는 문제를 귀류법으로 해결하는 것을 배웠다.  그러다가 문득 파이가 무리수라는 것은 어떻게 증명할 수 있는지 궁금해졌다. 파이는 다른 무리수들처럼 귀류법으로 증명할 수 없을까하고 찾아보다 람베르트의 증명법을 알게되었다. 람베르트의 증명법에서도 무리수 증명법처럼 파이를 유리수로 가정한 다음, 유리수를 대입했을 때 항상 무리수가 되는 무한연분수의 모순을 찾아 파이가 무리수임을 증명했습니다. 이 증명법을 공부하면서 수학이 논리적인 사고 과정을 중시하는 학문이라는 것을 알게 되었고 완벽해 보이는 이론을 보더라도 의심하고 반박해보게 되었다.",,최신,2026-08-05 23:40:48.417+00
8085f66e-9a41-43f7-8eb1-03284d0a7bd4,mo8vdRSQHGpoxY7,3,"[상세분할]넘버스라는 책의 허수 부분을 읽으며 복소평면 위에서 발산하지 않는 점들이 모여서 무한한 복잡성과 자기 유사성을 가지는 프랙탈 구조가 유지된다는 사실이 인상적이었다. 직접 점화식의 c값을 바꿔가며 대입해 본 결과, 점화식 계산 결과가 2를 넘어서는 순간 프랙탈 모양이 만들어지지 않고 발산한다는 사실을 알게되었다. 왜 그런지 궁금해 삼각부등식을 활용해 어떤 항과 다음 항의 크기를 비교해서 증명해냈다. 부등식을 통한 증명으로 .또한, 궁금했던 점을 이해하는 것 뿐만 아니라 수학적으로 증명하는 과정의 재미를 찾게 되었다.",,최신,2026-08-05 23:40:48.417+00
75ed84cf-2cad-4891-857d-aef906e6a223,mo8vdRSQHGpoxY7,4,"[상세분할]비타민C의 보관온도, 같이 놔둔 고체 금속를 달리하여 비타민C 산화환원 적정 실험을 진행했다. 아이오딘이랑 비타민C가 산환환원 반응을 해 아이오딘이 녹말 지시약과 반응하여 색이 변할 때까지 넣은 양을 토대로 산화된 양을 비교했다.

 변인이 같아야 정확한 실험이 가능하기 때문에 금속을 넣을때도 무게와 표면적을 같게 넣었다. 처음엔 시료를 과다 투입해 요오드 용액이 과소모되어 재실험을 하기도 했다.이 실패를 통해 반응 비율을 고려한 초기 시료 양 조절의 중요성을 알게 되었다. 또한, 금속과 온도가 산화를 촉진한다는 원리를 깊이 이해하게 되었습니다. 또, 이 실험 후에 재실험을 힘든 일로만 생각하지 않고, 시행착오를 긍정적으로 받아들이는 계기가 되었다.","고체금속 산화물과 아이오딘 녹말 지시약 반응을 이용한 비타민C의 산화환원 적정 실험

1) 실험시 사용한 데이터 제시 얼마정도 
2) 오차에 대한 원인을 정량적 분석 필요
3) 이 활동을 통해 배운고 적용한 사례 제시",최신,2026-08-05 23:40:48.417+00
c4487859-16fb-47b6-9b27-af63387fe2b9,mo8vdRSQHGpoxY7,5,"[상세분할]학교 동아리 활동에서 한옥 만들기 키트를 활용해서 한옥 지붕에 사용된 과학적 원리를 탐구했다. 이 활동에서 빗물에 지붕이 녹슬지 않도록 빗물이 빨리 빠지게 설계된 원리인 사이클로이드 곡선에 흥미를 갖게 되었다. 연구하면서, 사이클로이드 곡선을 뒤집은 등시 곡선은 구슬을 어디서 굴리든 바닥까지 도달하는 시간이 정확히 똑같다는 성질을 가진다는 것을 알게되었다 이를 직접 확인하기 위해 키트를 활용해, 궤도의 꼭대기와 중간 지점에서 쇠구슬을 동시에 굴렸을 때 바닥에 도달하는 시간이 같음을 확인하는 등시성 실험을 직접 진행했다. 등시 곡선의 증명 과정에는 적분이 포함돼 제대로 증명할 수 없었지만, 역학적 에너지 보존 법칙의 원리와 적분을 사용해야 하는 이유를 생각해보면서 이해할 수 있었다. 이 활동을 통해 물류 레일이나 놀이기구 미끄럼틀의 곡선 설계에 사이클로이드 곡선을 적용해 본다면 효율성을 높일 수 있음을 깨달았다. 무언가 배울 때 받아들이기만 하지 않고 궁금한 점을 더 찾아보고 계속 생각해보는 게 진짜 과학적 활동이라는 것을 깨달았다","한옥 기와에 사용된 사이클로이드의 등시성 탐구 및 역학적 에너지 보존법칙을 이용한 증명 

1) 등시성 실험 필요
2) 역학적 에너지 보존 법칙으로 증명한 방법 설명
3) 이 활동을 통해 배운고 적용한 사례 제시",최신,2026-08-05 23:40:48.417+00
2afa20c0-87b0-43fb-a8c9-364aa687ec61,mo8vdRSQHGpoxY7,6,"[상세분할]생명과학을 공부하며 염색체 속 DNA의 유전 정보가 RNA를 거쳐 단백질로 합성되면서 형질이 발현된다는 것을 배웠다. 유전 정보는 변하지 않는 것이라 생각했었는데, 멋진 신세계에서 인위적인 환경 조절만으로 배아의 발달을 억제하고 계급을 나누는 보카노프스키 과정을 보게 되었다. 이를 계기로 DNA 염기서열의 변화 없이도 환경이 유전 형질을 통제하는 후성유전학을 탐구하게 되었다. 탐구를 통해, 스트레스나 영양분 같은 환경적 자극이 염색체 내 DNA 특정 부위에 메틸화를 유발하여 RNA로의 전사 과정을 억제해 특정 유전자의 발현을 막을 수 있다는 사실을 배웠다. DNA와 RNA의 발현 원리를 바탕으로, 환경적 요인이 암이나 다른 희귀 질병을 어떻게 유발하고 또 치료에 어떻게 응용될 수 있는지 그 원리를 깊이 있게 찾아보게 되었다. 또한, 이 탐구를 통해 단순히 지식을 얻은 것 뿐만 아니라 과학기술의 장단점을 생각하는 계기가 되었다. 현대의 발달하고 있는 과학기술이 사회 통제 수단을 위해서가 아니라 공공의 이익을 위해 사용되어야 한다는 윤리적 책임감을 되새기게 되었다.","다시 작성 필요

1) DNA와 RNA에 대해 교과에서 배운 것을 적용하여 작성 필요
2) 중등교과의 유전파트나 염색체 부분과 연계해서 설명하면 좋을 듯",최신,2026-08-05 23:40:48.417+00
e51bb111-064e-49db-b576-f5d4098c501e,ZKTVSlfX812R9nZ,5,이제 저장이 잘 됩니다!,,최신,2026-08-05 23:39:18.547+00
fa2b65da-bc7a-4245-9b96-053d1366e987,ZKTVSlfX812R9nZ,5,1111,,최신,2026-08-05 23:39:09.233+00
6261dcaa-09ec-4431-89a0-8766058ff024,1xYaV46iZaI7nNB,1,"[상세분할]저는 중학교 재학 중에 수학 동아리에 가입하여 활동했습니다. 이 동아리에서는, 교과서 내의 수학 뿐만 아니라 다른 분야의 수학도 많이 다루었습니다. 그 예로, 저는 중학교 1학년 때 동아리에서 지역 수학 축전에 참가했습니다. 위상수학의 한 분야인 ""매듭이론""을 주제로 탐구를 진행했으며, 저는 이 주제를 탐구하기 위해 정보들을 찾았습니다. 매듭이론의 기초 개념인 교차점, 영매듭과 매듭을 다른 매듭으로 변환하는 라이데마이스터 변환을 직접 체험해보며 위상수학을 몸소 경험했습니다. 저는 이 경험을 통해 학교에서 배우는 수학 외에도 흥미를 가지고 탐구하게 되었고, 이때 흥미를 가지게 된 위상수학을 더 깊이 공부해보게 되었습니다.",,최신,2026-08-05 23:37:10.576+00
cf3ed9f1-3d88-4fab-ad97-4c689cf6a33d,1xYaV46iZaI7nNB,2,"[상세분할]저는 2학년 수학 동아리에서 사라지는 그림 마술을 주제로 탐구했습니다. 이 마술은 샘 로이드의 ""지구를 떠난 검객"" 이라는 퍼즐로, 고정된 배경 그림에서 원판 모양의 그림을 돌려, 13의 크기를 가진 검객 12명을 12의 크기를 가진 검객 13명으로 변화시키는 퍼즐입니다. 이 퍼즐을 ""수학적 모델링""을 통해 탐구하고 동일한 원리로 퍼즐을 만들어보며 이 원리를 더 깊게 이해할 수 있게 되었고, 어떤 대상을 수학적으로 바라보며 이해해보려 한 경험을 바탕으로 다른 대상을 수학적으로 보고 이해해보려 하게 되는 계기가 되었습니다.",,최신,2026-08-05 23:37:10.576+00
d9ddd9ea-1396-4b49-bdbe-f53c92147e4d,1xYaV46iZaI7nNB,3,"[상세분할]전 1학년 때에 학교에서 진행하는 수학, 과학을 배우는 반에 신청해 방과 후에 공부했습니다. 대표적으로, 여기서 ""RSA 암호""를 배웠습니다. RSA 암호를 사용하기 위해 합동식을 배웠고, 그 후 RSA암호를 변환하는 방법을 배웠습니다. 두 소수를 정해 공개키와 개인키를 만들고, 암호문을 개인키를 통해 복호화하는 구조입니다. 저는 RSA암호를 배우며 배웠던 합동식을 통해 정수론에 대해서 더 깊게 이해하게 되었습니다. 또, RSA 암호가 어디에 쓰이는지 궁금해 찾아봐, 인터넷에서의 로그인 등에서 사용된다는 것을 알아낸 후 어떤 수학적 개념을 찾았을 때 어디에 활용되는지 찾아보게 되는 습관이 생겼습니다. 또, 합동식 등을 배우며 어떤 개념과 성질의 원리를 생각해보고 증명해보며 더 깊게 이해해보게 되었습니다.",,최신,2026-08-05 23:37:10.576+00
18399745-3238-45dc-a314-8a3434de6a78,1xYaV46iZaI7nNB,4,"[상세분할]저는 일정 성분비 법칙을 주제로 한 탄산수소 나트륨과 시트르산의 화학 반응을 실험해보게 되었습니다. 먼저 화학 반응식을 세워 탄산수소 나트륨과 시트르산의 반응 계수비 3:1을 구하고, 이산화탄소가 기체로 생성된다는 것을 구했습니다. 그리고 분자량의 10%의 그램수만큼의 용질을 100ml 물에 녹여 몰농도가 1인 탄산수소 나트륨과 시트르산의 수용액을 만들고, 탄산수소 나트륨의 양을 21ml로 고정시킨 후 시트르산의 양을 3,7,11ml로 다르게 하여 두 점을 찍고 그 사이의 길이를 잰 풍선에 넣고 시험관에 끼운 다음 뒤집어 반응이 일어나게 했습니다. 그리고 풍선의 두 점 사이 처음 길이와 나중 길이의 비를 구해 기체의 부피비가 약 3:7:7이 된다는 것을 구했습니다. 이 과정에서 물 속에 공기 방울이 올라오지 않아 흔들어 공기 방울이 올라가게 하고, 시험관에 용액을 잘못 넣는다던지, 가루의 질량을 측정하다가 흘리는 등 시행착오가 많았지만, 이를 통해 실험 기구의 정확한 사용법과 안전 수칙을 직접 체험하며 이해할 수 있었습니다. 또, 실험에서 시트르산의 양이 7ml 이상이 되면 더이상 반응이 일어나지 않아 풍선의 부피가 일정하다는 점에서 실험의 목적인 일정 성분비 법칙을 확인해 일정 성분비 법칙에 대해 더 깊이 이해하게 되었습니다.",,최신,2026-08-05 23:37:10.576+00
367790a4-ba98-4d00-a591-dd60212d36fe,1xYaV46iZaI7nNB,5,"[상세분할]파동 분야에서는 파장이 길어 회절무늬 간격이 긴 빨간색 레이저의 파장을 구하는 실험을 했습니다. 먼저 간섭무늬 간격, 슬릿의 폭, 슬릿에서 스크린까지의 거리를 이용해 파장을 구하는 식을 유도해 파장이 회절무늬 간격과 슬릿의 폭의 곱을 슬릿과 스크린 사이의 거리로 나눈 것이 된다는 것을 알아냈습니다. 그 후, 방의 불을 끄고 빛이 거의 들어오지 않게 한 후 벽에 거울을 두고 레이저를 쏴 빛이 그대로 반사될 때가 레이저와 벽면이 수직이라는 것과 줄자를 이용해 레이저를 벽과 2m 떨어트려 수직으로 고정시키고 그 앞에 0.5mm 샤프심을 세워둬 고정했습니다. 그 후 레이저를 켜 방의 벽에 회절무늬가 생기게 하고, 밝은 무늬와 밝은 무늬 사이의 간격을 구할 방법을 고안해, 자를 대고 사진을 찍어 확대해 여러 간격을 더하고 간격의 개수로 나누는 방법을 사용했고, 평균적인 간격이 2.1mm라는 것을 구하여 처음 구한 식에 대입해 파장을 구해 레이저에 적혀있던 실제 파장인 약 650nm와 근사한 525nm가 나왔습니다. 이 실험을 통해 실험의 오차 원인에 대해 생각할 수 있었습니다. 이 실험에서의 오차 원인은 빛의 굴절, 부정확한 거리 측정, 레이저와 슬릿의 각도 등이라고 생각할 수 있고, 다음부터 실험에서의 오차를 미리 생각해 두고 최대한 줄이도록 하게 되는 습관이 생기게 되었습니다.",,최신,2026-08-05 23:37:10.576+00
7f1b0831-3d61-4c56-b848-dbdb2dd7b473,1xYaV46iZaI7nNB,6,"[상세분할]역학 분야에서 저는 속력 측정기와 쇠공을 사용한 중력 가속도가 일정함을 보이는 실험을 했습니다. 실험은 속력 측정기를 아래에 단 긴 유리관에 쇠공을 떨어트려 실험합니다. 역학적 에너지 보존 법칙을 이용하면 중력가속도는 속력의 제곱을 높이의 2배로 나눈 것임을 알 수 있고, 높이를 바꾸어 가며 쇠공을 3번씩 떨어트려 속력의 평균을 구한 후 구한 식에 대입해 중력가속도를 도출합니다. 실험 결과 높이를 m, m, m로 변하게 했을 때 중력가속도는 m/s^2, m/s^2, m/s^2가 되었습니다. 오차가 어느 정도 있지만 이에 따라 결론은 중력가속도는 일정하다는 것을 알 수 있습니다.",,최신,2026-08-05 23:37:10.576+00
9b3a8b4f-3140-4a7e-9de2-be7fea52be58,1xYaV46iZaI7nNB,7,"저는 새로운 소프트웨어를 개발하고 혁신을 창출하는 소프트웨어 개발자가 되고 싶습니다. 저는 중학교 재학 중, 수학 동아리와 컴퓨터 동아리에 가입하여 수학과 컴퓨터 모두 다양하게 배웠고, 여러 프로그램을 개발하여 코딩 실력을 향상시켰습니다. 저는 이 학교에 입학하여 제 관심 분야인 수학과 정보를 일반 고등학교보다 더 깊고, 폭넓게 배우고 싶습니다. 본교에 입학한 후에는, 수학, 정보 과목을 공부하여 성취하고, 수학과 정보 관련 동아리에 가입하여 지식을 공유하며 성장하고 싶습니다. 학교를 졸업한 이후에는 공과대학에 진학하여 컴퓨터공학과 수학을 전공하고, 졸업 후에 저의 사업체를 만들어 개발에 전념하고 싶습니다.",,최신,2026-08-05 23:37:10.576+00
0974af9c-04c4-41fc-9145-2629e301dd01,1xYaV46iZaI7nNB,8,"저는 중학교 1학년 때 수학 멘토링 활동에 참여하여 활동하였습니다. 수학을 잘하지 못하는 친구들에게 수학을 가르쳐주는 활동이였습니다. 처음 가르치게 된 것은 문자와 식 단원이였고, 한 친구를 가르치게 되었습니다. 그 친구는 수학을 잘 하지 못했고, 제가 하는 설명을 거의 알아듣지 못했습니다. 하지만, 최선을 다해 차근차근 다시 설명했습니다. 비록, 그 당시에는 이해하지 못했지만, 이러한 수학 멘토링 활동을 여러 번 하다 보니까 제 설명을 듣고 이해하는 친구도 생겼고, 이때 성취감을 느꼈습니다. 이 성취감을 원동력 삼아 다음 번에도 꾸준히 멘토링 활동에 참여할 수 있게 되었고, 제 설명 역량 또한 나아졌습니다. 이러한 경험을 통해 다른 친구들의 눈높이에 맞춰주고 진심으로 도와주는 마음을 기를 수 있었습니다.",,최신,2026-08-05 23:37:10.576+00
556fa167-f20a-42b1-a657-e4c3300e9ceb,YMqRLEUmmu4DQGu,6,"안면인식(생체인식) 탐구 (이건 바꿀까요?)[상세분할](개인) 어느날, 친구의 핸드폰이 다른 아이의 얼굴을 인식하고 잠금이 해제되는 것을 확인했다. 이 현상에 궁금증을 느껴 안면인식에 대해 ‘특정 기준 부위를 중점으로 판단 할 것이다.’라는 가설을 세우고 탐구를 시작하게되었다. 차례로 눈, 볼, 코, 미간에 차례로 검은 종이를 붙이고 안면 인식을 시도하였더니 눈과 코에 붙인 경우에 다른 사람으로 인식하였다. 이 과정을 통해 부위에 따른 차이가 있다는 점을 확인할 수 있었다. 이후 실제로 쓰이는 안면인식은 어떻게 작동하는지를 찾아 보았다. 기본적으로 눈, 코, 입, 귀, 입술 등의 ‘특징점’을 기준으로 얼굴을 나눈후, 각 구역의 이미지를 AI를 통해 데이터화 시킨다. 이를 기존의 데이터와 비교하여 최종적으로 동일한 인물인지 아닌지를 판단한다. 이 탐구를 통해 AI와 같은 미래기술이 이미 우리의 일상에 녹아들어 있다는 사실을 알게되었다.","내용 괜찮음 바꿀필요 없음

안면 부위별 가림 실험에 통한 특징점 분석과 AI 안면 인식 알고리즘 작동 메커니즘 탐구

1) 맨 마지막 문장은 삭제
2) 이 활동을 통해 배우고 적용한 사례 제시 ",최신,2026-08-05 23:35:07.172+00
c3a69106-e482-4b95-84c8-0799713ec32a,YMqRLEUmmu4DQGu,5,"활동주제:엔트로피(임시)[상세분할](개인) 과학 책을 읽으면서 엔트로피라 불리우는 개념이 등장했다. 그런데 책에 나와있는 정보만으로는 이해가 되지 않아서 직접 찾아보기로 했다. 먼저 개념의 사전적 정의부터 찾아보았다. 그리고 책에 나와있던 단편적인 지식을 조합하여 전체적인 갈피를 잡았다. 이후에 엔트로피에 대해 전문적으로 설명한 글과 영상을 찾아보며 내가 이해한 내용이 맞는지 확인하고, 동시에 내용을 보충하면서 이해한 내용을 말로써 정리하였다. 또한 조사한 내용을 발표로 재구성하면서 엔트로피가 실제로 사용되거나, 설명 될 수 있는 현상이나 일상생활 상황의 예를 들어 설명함으로써 이해를 공고히 하였다. (배운점,느낀점 추가) 그러나 수학적인 측면에서는 이해하지 못한 부분이 있어 보충이 필요하다.","1) 구체적으로 엔트로피를 설명한 방법 작성
2) 구체적으로 자사한 책이나 영상을 제시해야 함(한두가지 정도)
3) 이 활동을 통해 배우고 적용한 사례 제시 ",최신,2026-08-05 23:29:09.768+00
92061a2c-9962-4be1-84de-e1bb9027bc78,YMqRLEUmmu4DQGu,5,"활동주제:엔트로피(임시)[상세분할](개인) 과학 책을 읽으면서 엔트로피라 불리우는 개념이 등장했다. 그런데 책에 나와있는 정보만으로는 이해가 되지 않아서 직접 찾아보기로 했다. 먼저 개념의 사전적 정의부터 찾아보았다. 그리고 책에 나와있던 단편적인 지식을 조합하여 전체적인 갈피를 잡았다. 이후에 엔트로피에 대해 전문적으로 설명한 글과 영상을 찾아보며 내가 이해한 내용이 맞는지 확인하고, 동시에 내용을 보충하면서 이해한 내용을 말로써 정리하였다. 또한 조사한 내용을 발표로 재구성하면서 엔트로피가 실제로 사용되거나, 설명 될 수 있는 현상이나 일상생활 상황의 예를 들어 설명함으로써 이해를 공고히 하였다. (배운점,느낀점 추가) 그러나 수학적인 측면에서는 이해하지 못한 부분이 있어 보충이 필요하다.",,최신,2026-08-05 23:28:51.858+00
98049354-ef6e-4916-8248-1fbfa41e34e7,YMqRLEUmmu4DQGu,4,자이로스코프(임시)[상세분할](개인) 전자기기들이 어떻게 기울기의 변화를 감지하는지 궁금해졌다. 조사해보니 자이로센서와 이를 이용한 자이로센서와 토크라는 개념이 등장했다. 돌림힘(토크)의 원리에 의해 자이로스코프가 지면과 일정한 각도를 유지하며 돌 수 있고 이 각도의 변화를 통해 기울기의 변화를 측정하는 것이 자이로 센서였다. 이 개념들을 이해하기 위해 책이나 영상도 찾아보고 직접 팔을 벌리고 돌아 보기도 하였다. 그리고 이 탐구를 발표자료로 재구성해 발표하는 과정을 진행하였다. 탐구를 진행하면서 복잡한 것도 나누어 이해한 후 다시 접목시키는 방식을 터득하였다. 이렇게 순서를 정해 쪼개어 분석하는 것을 생활화하여 쉽고 정확한 이해가 가능해져 공부의 질이 향상되었다. 그리고 아직도 수학적인 설명은 이해하지 못한 부분이 많아 더 공부가 필요하다.,"전자기기의 기울기 변화 조사를 통해 알게된 자이로센서의 원리와 돌림힘 탐구

1) 글자수부족
2) 수학적 원리이해 못한부분 삭제
2) 이 활동에서 세분화 해서 분석하는 방법의 구체적 적용 사례 제시",최신,2026-08-05 23:28:08.51+00
6e21b2a8-37e0-4642-8681-df5e5a3736d0,YMqRLEUmmu4DQGu,1,작도(임시)[상세분할](개인) 학교에서 작도 수업을 하다가 눈금 없는 자와 컴퍼스만으로 수많은 도형을 그릴 수 있다는 점에 흥미를 느껴 탐구를 해보았다. 교과서에 나와있는 기본적인 작도들부터 왜 그러한 결과가 나오는지 증명하였다. 이과정에서 작도 또한 일종의 논증이며 기본작도라는 기초적 논증을 더욱 복잡한 논증으로 확장하는 과정이라는 것을 알게 되었다. 또한 정오각형의 작도를 종이접기를 활용하는 등의 다른 방식으로도 해보고 cos72도의 증명과 연결지어 도형과 수의 연결성을 깨닫는 계기가 되었다.,,최신,2026-08-05 23:27:10.4+00
fcef4686-821d-4c81-a30e-fdf1e31161d3,YMqRLEUmmu4DQGu,2,이진수(진법) 탐구[상세분할]학교 정보 시간에 이진수를 배우고 흥미를 느껴 탐구하였다. 십진수를 이진수로 바꾸는 방법이나 컴퓨터에서 어떻게 인지하는지 뿐만 아니라 이진수를 활용한 여러문제 또한 해결해보고 이진법 뿐만 아니라 다른 진법들또한 알아보며 수의 영역에 대한 확장을 이루었다.(내용 보충 필요),,최신,2026-08-05 23:27:10.4+00
2aefbf17-3452-45ad-af51-1b4fff84e013,YMqRLEUmmu4DQGu,3,"암호 탐구[상세분할]스키테일 암호, 치환암호 등 탐구 및 적용(내용추가 필요)",,최신,2026-08-05 23:27:10.4+00
025ad174-1737-4099-b3fd-e8a8ec9d7eac,PBkjEb22z9NsW98,5,"질량이 다른 공의 낙하로 역학적 에너지에서 두 공의 공기 저항의 차이에 의한 오차 파악[상세분할]자유낙하에 관한 실험을 할 때, 질량이 다른 공을 가지고 낙하 시킬 때, 분명 조작 변인인 질량을 제외하고 모두 같은 조건이었는데도 불구하고 속력이 약간 차이가 발생했다. 나는 이것에 대해 궁금증을 느꼈다. 이 이것에 대해 실험하면서 크기의 변인을 통제하는 것과 유리관의 수직을 맞추는 것이 어려웠다. 이것을 해결하기 위해 점토를 활용하여 쇠구슬과 크기는 같으면서도 질량은 다른 공을 만들었다. 또한, 유리관이 기울어진 것은 삼각자를 활용하여 수직을 맞추었다. 5번 측정한 뒤, 이 값의 평균을 계산하여 속력값을 얻었다. 측정값을 보니 쇠구슬의 값이 더 컸다. 이론적으로 공의 크기가 동일하니 공기 저항력은 같고, 역학적 에너지를 통해 속력도 동일한데, 이러한 값이 왜 나오는지 이해가 안 되었다. 알고 보니, 공기 저항은 동일하지만 F=ma에서 질량이 쇠구슬이 더 크므로 결과적으로 가속도가 쇠구슬이 더 빠르게 되는 것이다. 이것을 통해 공기저항력을 계산할 수 있다.","1) 질량과 무게는 둘중 하나만 쓸 것
2) 무게는 다르고 크기는 같은 것으로 실험할 필요 있음
3) 이론적인 속력과 실험적인 속력에서 수치적 차이로 구체적 작성 필요.
4) 공기저항력을 환산한 저항력 계산 필요",최신,2026-08-05 23:24:10.372+00
3464f12f-cef6-4128-b152-7128fb116c9b,PBkjEb22z9NsW98,6,"드론이 날라갈 때 유체 역학적 원리와 기압계의 유무에 따른 드론의 움직임 차이와 조종의 차이[상세분할]나는 저렇게 작은 물체가 날아갈 수 있다는 것이 신기했다. 새처럼 날개가 있는 것도 아니고, 오로지 프로펠러 만으로 날아가고 가만히 떠있는 것이 신기했다. 이때부터 드론에 흥미가 생겨 연구하게 되었다. 처음에는 기압계가 없는 드론을 사용했다. 그 드론을 날릴 때 가만히 띄우는 것과 움직이는 것도 어려웠다. 그 뒤에 나는 센서가 달린 드론을 사용하니 굉장히 쉽게 나는 것이다. 이때 기압계의 중요성을 느꼈다. 이 과정을 통해 나는 겉으로만 보이는 것이 아닌, 내부에 들어있는 것의 원리를 탐구해야 겉에 있는 원리를 알 수 있다는 것을 배웠다.","1) 드론이 뜨는 원리는 설명 필요 없음
2) 기압계의 유무에 따른 결과차이에 대한 분석만 작성할 필요 있음. 기압계가 있는 드론과 없는 드론의 구체적 상황에 대한 작성 필요",최신,2026-08-05 23:24:10.372+00
9edcce86-2915-4815-b6f9-80d7dfe3f5d4,PBkjEb22z9NsW98,1,"몬티홀 딜레마를 통한 확률에 관한 정리와 몬티홀 딜레마의 문의 수, 차의 수에 대한 일반화[상세분할]평소에 몬티홀 딜레마에 대해 '바꾸는 것이 차가 있는 문이 확률이 더 높다.'라는 말을 많이 들었다. 하지만 나는 아무리 생각해도 1/2인 것 같았다. 그래서 이 주제에 대해 탐구하게 되었다. 몬티홀 딜레마를 증명하기 위해 조건부 확률과 전확률 공식을 알아야 한다. 이것을 통해 기본적인 몬티홀 딜레마를 증명한다. 그리고 문이 4개일 때, 5개일 때 가다보면 몬티홀 딜레마에서 확률이 점점 증가한다는 사실을 알 수 있다. 이상한 점은 문이 증가하면 차를 고를 확률이 감소하는데, 몬티홀 딜레마에서는 증가하는 것이다. 이것에 대해 생각해보니, 문을 바꿀 때 차를 선택하는 확률이 증가한다는 것이 아니라, 바꾼 문들 중에 차가 존재할 확률이 증가한다는 것을 깨달았다. 추가적으로 찾아보던 중, 베이즈 정리에 대해 알았다. 이것은 과거의 일을 가지고 미래를 구할 수 있는 것이다. 나는 이 정리에 대해 놀라움을 느꼈다. 이 공식을 통해 미래의 일을 알 수 있다는 것은 나중에 일어날 재난, 재해에 대하여 확률적으로 대비를 할 수 있는 것이다. 이 과정을 통하여, 나의 미래에 대해 확률적으로 생각할 수 있는 기회가 되었고, 미래에 대한 나의 생각을 정리할 수 있는 기회가 되었다.",,최신,2026-08-05 23:23:51.908+00
5eadcc66-f637-42d7-916e-3d47f6132723,PBkjEb22z9NsW98,2,"코시-슈바르츠 부등식의  다양한 증명과 그에 대한 다양한 확장 정리, 이 정리에 대한 응용[상세분할]일차부등식을 배우면서 어떤 식의 범위를 알 수 있다는 것에서 매력을 느꼈다. 이에 관한 다양한 부등식을 알아보다가, 코시-슈바르츠 부등식을 보았다. 이것에 관한 증명은 기하적 증명, 대수적 증명 등, 많은 증명이 존재한다. 이것의 확장은 네스빗 부등식, T2 보조정리 등, 다양한 정리가 존재한다. 이것을 활용한 예는 원의 방정식 문제에서 기울기가 주어진 직선이 원과 만나는 조건을 살펴보며, 코시-슈바르츠 부등식을 이용해 가능한 y 절편의 범위를 더 쉽게 구할 수 있었다. 이 탐구를 통해 일차부등식, 이차함수, 도형의 방정식이 따로 떨어진 단원이 아니라, 식의 범위와 조건을 해석하는 공통된 관점으로 연결될 수 있음을 배웠다. 이것을 통해 건축에서 물체의 하중과 관련지어 나의 꿈에 대해 한 발 더 나아갈 수 있게 되었다.",,최신,2026-08-05 23:23:51.908+00
8d7f617b-41f2-4c06-b04f-37e8eeef90ec,PBkjEb22z9NsW98,3,"텐세그리티의 특징과 세계의 고대 건축물의 활용, 내진 설계의 응용으로 건물의 안정성 증진[상세분할]나는 세계 여러 나라를 돌아다니며 많은 고대 건축물들을 보아 이 건축물에는 어떤 물리적, 수학적 성질이 있는지 궁금했다. 그래서 나는 이것에 대하여 조사하기 시작했고, 텐세그리티라는 것을 알게 되었다. 적은 자재 수 만으로 버티는 것이 신기했다. 건축물이 버티기 위해서 필요한 것들을 한 공식 안에 적을 수 있는 것도 신기했다. 이 유연하고, 강한 구조를 이용하여, 기둥 안에 철근 대신 사용하면 내진과 동시에 안정적인 기둥을 설계할 수 있을 것이다. 이를 통해 전에 보았던 건축물의 숨겨진 원리에 대해 다시 알아보는 계기가 되었고, 짧은 공식 안에 많은 의미를 함축 시킬 수 있다는 것을 알았다. 이러한 과정을 통해 건축에 대해 진지하게 생각해보는 계기가 되었고, 내가 수학을 더 공부하는 계기가 되었다.",,최신,2026-08-05 23:23:51.908+00
9486c3ef-0555-4b5d-bab8-fb9d8deb8ac9,PBkjEb22z9NsW98,4,"[상세분할]우장춘 삼각형에서 십자화속 식물에 대해 삼각형의 꼭짓점끼리 교배를 통한 유전적 관계와 이를 통해 종의 정의 재구성
나는 카놀라유의 유채꽃이 유전자 조작을 해서 몸에 안 좋다는 말을 자주 들었다. 하지만 내가 알기로는 유채꽃에 항산화 물질이 있어 몸에 좋은 것으로 알고있다. 이것과 관련된 자료를 찾던중 우장춘 삼각형에 대해 알게되었다. 이것은 내가 원래 알던 종의 의미와 다른 새로운 정리였다. 서로 다른 종을 교배 시켰더니 새로운 종이 만들어 지는 것은 원래의 종의 정의에서 벗어난 새로운 이론 이었다. 이 과정을 하면서 배추와  양배추를 교배해서 완전히 다르게 생긴 유채꽃이 나오는지 이해가 안 갔다. 그래서 다양한 농사 전문가의 자료를 찾아보고 비교하여 이해하였다. 이를 통해 배우던 중 막히는 부분이 나오면 찾아보면서 알아보는 과정이 중요하다는 것을 알았다.

이해의 과정 적기","1) 우장춘 삼각형에서 배운 것을 토대로 어떤 변화가 있었는지 작성이 필요함
2) 앞의 동기부분 내용은 그리 좋지는 않음",최신,2026-08-05 23:23:51.908+00
84f856bb-7608-470f-b676-3ab541ce23c7,PBkjEb22z9NsW98,5,"질량이 다른 공의 낙하로 역학적 에너지에서 두 공의 공기 저항의 차이에 의한 오차 파악[상세분할]자유낙하에 관한 실험을 할 때, 질량이 다른 공을 가지고 낙하 시킬 때, 분명 조작 변인인 질량을 제외하고 모두 같은 조건이었는데도 불구하고 속력이 약간 차이가 발생했다. 나는 이것에 대해 궁금증을 느꼈다. 이 이것에 대해 실험하면서 크기의 변인을 통제하는 것과 유리관의 수직을 맞추는 것이 어려웠다. 이것을 해결하기 위해 점토를 활용하여 쇠구슬과 크기는 같으면서도 질량은 다른 공을 만들었다. 또한, 유리관이 기울어진 것은 삼각자를 활용하여 수직을 맞추었다. 5번 측정한 뒤, 이 값의 평균을 계산하여 속력값을 얻었다. 측정값을 보니 쇠구슬의 값이 더 컸다. 이론적으로 공의 크기가 동일하니 공기 저항력은 같고, 역학적 에너지를 통해 속력도 동일한데, 이러한 값이 왜 나오는지 이해가 안 되었다. 알고 보니, 공기 저항은 동일하지만 F=ma에서 질량이 쇠구슬이 더 크므로 결과적으로 가속도가 쇠구슬이 더 빠르게 되는 것이다. 이것을 통해 공기저항력을 계산할 수 있다.",,최신,2026-08-05 23:23:51.908+00
a4ad2f2f-405e-477a-a6fb-18a50c93f701,PBkjEb22z9NsW98,6,"드론이 날라갈 때 유체 역학적 원리와 기압계의 유무에 따른 드론의 움직임 차이와 조종의 차이[상세분할]나는 저렇게 작은 물체가 날아갈 수 있다는 것이 신기했다. 새처럼 날개가 있는 것도 아니고, 오로지 프로펠러 만으로 날아가고 가만히 떠있는 것이 신기했다. 이때부터 드론에 흥미가 생겨 연구하게 되었다. 처음에는 기압계가 없는 드론을 사용했다. 그 드론을 날릴 때 가만히 띄우는 것과 움직이는 것도 어려웠다. 그 뒤에 나는 센서가 달린 드론을 사용하니 굉장히 쉽게 나는 것이다. 이때 기압계의 중요성을 느꼈다. 이 과정을 통해 나는 겉으로만 보이는 것이 아닌, 내부에 들어있는 것의 원리를 탐구해야 겉에 있는 원리를 알 수 있다는 것을 배웠다.",,최신,2026-08-05 23:23:51.908+00
c88f41a9-4857-4898-8918-93fe69107ff3,AvECxiSriksN8Ie,1,[상세분할],,최신,2026-08-05 23:21:29.539+00
dfbb9cb5-df19-4cf7-bc0a-cf4590834d4f,AvECxiSriksN8Ie,4,"[상세분할]오랫동안 농구라는 스포츠를 즐겨하면서 나에게 농구는 단순한 취미가 아닌 더욱 깊게 연구하고 싶은 대상이 되었습니다. 여러 농구장들을 다니면서 나는 한가지 특이한 점을 발견했고, 그것은 바로 농구 골대의 백보드 재질에 따라 슈팅 성공률이 달라진다는 것이었습니다. 실험 전 인식도 조사를 통해 공이 백보드에 잘 튕겨 나가는 백보드가 선호도가 높다는 결과를 얻었습니다. 그래서 저는 각기 다른 농구 골대들의 백보드 재질들의 반발 계수, 즉 두 물체의 충돌 전 후의 속도의 비율을 비교해 보았습니다. 바닥에 아크릴 판, 철 판, 나무 판을 각각 놓고 일정한 높이에서 농구공을 떨어뜨리고 충돌 후 농구공이 튀어 오른 높이를 측정하였습니다. 그리고 반발 계수 공식인 '루트 (튀어오른 높이/낙하한 높이)'를 이용하여 각 판의 반발 계수를 구하였습니다. 측정한 값을 구해보니 아크릴 판의 반발 계수가 약 0.7, 철 판이 약 0.75, 나무 판이 약 0.6으로 철 판이 가장 높았습니다. 결과적으로 철 판의 반발 계수가 가장 높게 나왔으므로 철이 가장 이상적인 농구 골대의 백보드 재질이라는 결과가 나왔습니다. 다만, 이번 탐구를 통해 과학적 수치인 반발 계수만으로 현실의 최적 재질을 결론지을 수는 없다는 점도 깨달았습니다. 실험 결과만 보면 반발 계수가 가장 높은 철이 가장 이상적인 백보드 재질이라는 결론을 지을 수 있지만, 실제 농구장에서는 시야 확보, 과도한 반발력으로 인한 슛 조절의 어려움, 무게와 구조적 안전성 등 다양한 현실적 요소들을 함께 고려해야 함을 알게 되었습니다. 결국 과학이란 단지 이론과 공식에 그치는 것이 아니라, 스포츠의 경기력 향상과 사용자의 안전, 관람의 편의성까지 종합적으로 고려되어 일상에 적용된다는 것을 배울 수 있었습니다. 평소 즐겨 하던 농구라는 스포츠를 단순한 운동을 넘어 과학적 관점으로 바라보면서, 우리의 일상과 스포츠 현장에 물리적 원리가 깊숙이 숨겨져 있다는 것을 이 실험을 통해 깨달을 수 있었습니다.",,최신,2026-08-05 23:21:29.539+00
75b100e3-00de-4a47-9f08-30bc9d400b93,AvECxiSriksN8Ie,5,"[상세분할]농구라는 스포츠를 하다 보면 손목 힘으로 공에 회전을 주어서 백보드 가장자리를 맞고도 공이 골대로 가는 기이한 현상들을 자주 볼 수 있다. 상황이나 위치에 따라 다른 스핀 방향을 주는 것을 보면서 공에 부여된 스핀은 단순히 반사각만 바꾸는 것이 아니라, 공이 공중에 머무는 낙하 시간에도 영향을 미칠 것이라는 가설을 세웠습니다. 그래서 저는 공의 스핀 방향에 따른 낙하 시간과 슈팅 성공률을 연관 지어서 탐구해 보았습니다. 먼저 일정한 거리에서 농구공에 각각 전진회전과 역회전을 주어서 일정한 지점에 충돌 시키고 충돌 후 바닥에 닿기까지의 체공 시간과 벽에 충돌 후 바닥에 튕겨 나온 거리를 측정하여 비교하였습니다. 측정한 결과는 전진 회전이 약 0.8초의 체공 시간을 가지며 48.2 cm 튕겨 나왔고, 역회전이 약 0.4초의 체공 시간을 가지며 31.4 cm 튕겨 나왔습니다. 기하학적으로 농구공이 림에 진입할 때, 림의 수평면과 완벽하게 수직에 가까운 각도로 위에서 아래로 떨어질수록 공이 통과할 수 있는 면적이 최대로 넓어지며 슈팅 성공률이 높아집니다. 그러므로 백보드에 부딪힌 후 림에 가깝게 떨어지는 역회전이 슈팅에 더욱 유리하다는 결과가 나왔습니다. 이 실험을 통해 작은 동작들에도 과학적 원리가 숨겨져 있다는 것을 배웠고 앞으로 일상 생활 속 적용되어 있는 과학을 파헤쳐 보고 싶다는 생각이 들었다.",,최신,2026-08-05 23:21:29.539+00
afee03a7-ba7d-45ee-b3c3-a61360b24b30,V0xhoiHLP133A,5,"같은 몰농도의 탄산수소나트륨과 구연산 수용액 제조와 반응비 측정 및 정량적 화학량론 분석[상세분할](모둠) 탄산수소 나트륨과 구연산은 화학 반응식의 계수비에 따라 몰비 3:1로 반응할 때 어느 한쪽도 제한 반응물이 되지 않아 두 반응물이 모두 소모되며, 가장 많은 이산화탄소가 생성되어 반응이 최대가 된다. 따라서 실험에서는 처음에 두 용액을 각각 1 M로 제조한 후 부피비이자 화학량론적 몰비인 3:1이 되도록 반응시키고자 하였다. 그러나 구연산은 분자량이 약 192 g/mol로 크다. 그렇기 때문에 1 몰 용액을 제조하기 위해 많은 양의 용매가 필요하였고, 용해 과정에도 어려움이 있었다. 이에 구연산의 농도를 0.5 몰로 조정하였으며, 화학량론적 몰비를 유지하기 위해 두 용액의 혼합 비율을 조절하여 부피비가 3:2가 되도록 실험을 설계하였다. 실험 결과, 두 물질은 부피비 3:1에서 가장 많은 이산화탄소를 생성하여 실험 결과는 이론값과 차이를 보였다. 그 이유는 용액을 제조하는 과정에서 두 물질의 농도를 이론값과 정확히 일치시키기 어려웠고, 반응물을 정밀하게 계량하는 데에도 한계가 있어 이러한 점이 실험 오차의 원인 중 하나로 작용한 것으로 판단된다. 또한 풍선의 탄성, 기체의 미세한 누출, 반응물의 혼합 시간 차이 등도 결과에 영향을 미쳤을 것으로 생각된다. 이번 실험을 통해 화학 반응에서는 반응물의 절대적인 양보다 화학량론적 비율을 정확히 맞추는 것이 반응 효율을 결정하는 중요한 요소임을 이해하였으며, 정확한 측정과 변수 통제가 실험의 신뢰성을 높인다는 점을 확인하였다. 또한 이러한 원리가 베이킹이나 탄산 입욕제 제작처럼 재료를 적절한 비율로 혼합해야 하는 실생활에도 적용됨을 이해하였다.",,최신,2026-08-05 23:19:42.77+00
c43ac38e-e7b6-48aa-8d4a-f0dc58a14277,V0xhoiHLP133A,6,"포물선 운동과 힘의 분리를 활용한 야구공의 운동 분석[상세분할](개인) 평소 야구를 좋아하며 투수의 투구와 외야수의 송구, 홈런 타구의 궤적이 어떤 원리로 결정되는지 궁금해하였다. 이러한 관심을 바탕으로 포물선 운동을 탐구하며 물체의 이동 거리가 발사각과 이에 의한 힘의 분리에 의해 결정된다는 사실을 이해하였다. 이론적으로는 발사각이 45도일 때 가장 멀리 이동하지만, 실제 실험에서는 발사각이 30도일 때 가장 멀리 이동하였다. 이러한 이론값과 실험값의 차이가 발생하는데는 공기 저항, 발사 장치의 오차, 측정 오차 등의 영향으로 결과에 차이가 발생함을 확인하였다. 이를 통해 과학에서는 이론뿐 아니라 실제 환경의 다양한 변수를 함께 고려해야 함을 배웠으며, 야구에서도 선수들이 단순히 힘만 사용하는 것이 아니라 발사각과 공의 회전 등을 고려하여 더 멀리 타구를 보내거나 정확한 송구를 한다는 점을 이해하게 되었다. 이러한 탐구를 통해 일상에서 즐기는 스포츠를 과학적으로 분석하는 능력을 기를 수 있었다.",,최신,2026-08-05 23:19:42.77+00
cdf55471-300b-471e-a2cb-288b43812a49,V0xhoiHLP133A,6,"포물선 운동과 힘의 분리를 활용한 야구공의 운동 분석[상세분할](개인) 평소 야구를 좋아하며 투수의 투구와 외야수의 송구, 홈런 타구의 궤적이 어떤 원리로 결정되는지 궁금해하였다. 이러한 관심을 바탕으로 포물선 운동을 탐구하며 물체의 이동 거리가 발사각과 이에 의한 힘의 분리에 의해 결정된다는 사실을 이해하였다. 이론적으로는 발사각이 45도일 때 가장 멀리 이동하지만, 실제 실험에서는 발사각이 30도일 때 가장 멀리 이동하였다. 이러한 이론값과 실험값의 차이가 발생하는데는 공기 저항, 발사 장치의 오차, 측정 오차 등의 영향으로 결과에 차이가 발생함을 확인하였다. 이를 통해 과학에서는 이론뿐 아니라 실제 환경의 다양한 변수를 함께 고려해야 함을 배웠으며, 야구에서도 선수들이 단순히 힘만 사용하는 것이 아니라 발사각과 공의 회전 등을 고려하여 더 멀리 타구를 보내거나 정확한 송구를 한다는 점을 이해하게 되었다. 이러한 탐구를 통해 일상에서 즐기는 스포츠를 과학적으로 분석하는 능력을 기를 수 있었다.",,최신,2026-08-05 23:19:20.273+00
953099f4-0205-48b8-ba01-75ae907930b0,V0xhoiHLP133A,5,"[상세분할](모둠) 탄산수소 나트륨과 구연산은 화학 반응식의 계수비에 따라 몰비 3:1로 반응할 때 어느 한쪽도 제한 반응물이 되지 않아 두 반응물이 모두 소모되며, 가장 많은 이산화탄소가 생성되어 반응이 최대가 된다. 따라서 실험에서는 처음에 두 용액을 각각 1 M로 제조한 후 부피비이자 화학량론적 몰비인 3:1이 되도록 반응시키고자 하였다. 그러나 구연산은 분자량이 약 192 g/mol로 크다. 그렇기 때문에 1 몰 용액을 제조하기 위해 많은 양의 용매가 필요하였고, 용해 과정에도 어려움이 있었다. 이에 구연산의 농도를 0.5 몰로 조정하였으며, 화학량론적 몰비를 유지하기 위해 두 용액의 혼합 비율을 조절하여 부피비가 3:2가 되도록 실험을 설계하였다. 실험 결과, 두 물질은 부피비 3:1에서 가장 많은 이산화탄소를 생성하여 실험 결과는 이론값과 차이를 보였다. 그 이유는 용액을 제조하는 과정에서 두 물질의 농도를 이론값과 정확히 일치시키기 어려웠고, 반응물을 정밀하게 계량하는 데에도 한계가 있어 이러한 점이 실험 오차의 원인 중 하나로 작용한 것으로 판단된다. 또한 풍선의 탄성, 기체의 미세한 누출, 반응물의 혼합 시간 차이 등도 결과에 영향을 미쳤을 것으로 생각된다. 이번 실험을 통해 화학 반응에서는 반응물의 절대적인 양보다 화학량론적 비율을 정확히 맞추는 것이 반응 효율을 결정하는 중요한 요소임을 이해하였으며, 정확한 측정과 변수 통제가 실험의 신뢰성을 높인다는 점을 확인하였다. 또한 이러한 원리가 베이킹이나 탄산 입욕제 제작처럼 재료를 적절한 비율로 혼합해야 하는 실생활에도 적용됨을 이해하였다.",,최신,2026-08-05 23:14:35.135+00
ce6f6abf-040f-489b-b6fb-5fb4396111b5,V0xhoiHLP133A,1,"피보나치 수열(+Python 프로그램)[상세분할](개인) 피보나치 수열을 학습하면서 단순한 점화식으로 만들어지는 수열이 자연현상, 건축, 예술 등 다양한 분야와 연결되며 연속한 두 항의 비가 황금비에 가까워진다는 사실에 흥미를 느꼈다. 특히 이러한 현상이 왜 나타나는지 궁금해 직접 Python 프로그램을 활용하여 피보나치 수열을 생성하고, 연속한 두 항의 비를 계산해 황금비로 수렴하는 과정을 표와 그래프로 분석하였다. 더 나아가 점화식의 계수를 변화시킨 여러 수열을 만들어 같은 방법으로 비교하며 수렴값과 성장 속도가 어떻게 달라지는지 탐구하였다. 그 결과 피보나치 수열의 성질은 단순히 하나의(or그) 수열만의 특징이 아니라 점화식의 구조에 의해 결정된다는 점을 확인할 수 있었다. 이 활동을 통해 수학적 추론을 프로그래밍으로 검증할 수 있다는 것을 알게되었고, 하나의 규칙도 다양한 관점에서 분석하고 스스로 가설을 세워 확인하는 탐구 자세의 중요성을 배울 수 있었다.",,최신,2026-08-05 23:10:09.829+00
6c6e1397-c40d-41ed-aca1-a88d3635cd25,V0xhoiHLP133A,2,"통계 분석(+야구)[상세분할](개인) 저는 어릴 때부터 야구를 좋아했으며, 일상에서 나타나는 다양한 현상을 수치로 분석하는 것에도 큰 흥미를 가지고 있습니다. 이러한 관심으로 '수학을 품은 야구공'을 읽으며 야구가 타율, OPS, 평균자책점, 승률 등 다양한 통계 지표를 통해 수학과 밀접하게 연결되어 있음을 이해하게 되었습니다. 단순히 경기를 관람하는 데 그치지 않고 타자의 타석 수와 안타 수를 이용해 타율을 직접 계산하고, 팀의 시즌 결과를 정리하여 승률의 변화를 분석해 보았습니다. 또한 같은 경기 결과라도 어떤 통계 지표를 활용하느냐에 따라 선수와 팀의 경기력을 다르게 해석할 수 있다는 점이 매우 인상 깊었습니다. 특히 시즌 초반 성적이 좋지 않더라도 출루율이나 OPS와 같은 세부 지표가 우수한 팀은 장기적으로 좋은 성적을 거둘 가능성이 높다는 점을 보며, 데이터를 단순히 계산하는 것을 넘어 해석하는 능력이 중요하다는 사실을 깨달았습니다. 이 경험을 통해 수학적 통계는 실제 현상을 객관적으로 이해하는 강력한 도구임을 알게 되었으며, 앞으로도 다양한 데이터를 스스로 분석하고 근거를 바탕으로 판단하는 탐구 자세를 꾸준히 키워 나가고자 합니다.",,최신,2026-08-05 23:10:09.829+00
73ec8f1f-bca4-4122-8adf-8bdd58ab5d57,V0xhoiHLP133A,3,"원뿔과 구의 부피 공식에 대한 기하학적 증명 탐구[상세분할](개인) 구의 부피 공식을 단순히 암기하는 것이 아니라 공식이 만들어지는 과정을 이해하고자 탐구를 진행하였다. 특히 구를 매우 얇은 원기둥 모양의 단면으로 나누어 각 단면의 부피를 합하는 구분구적법에 초점을 맞추어, 무한히 작은 부분들의 합이 전체의 부피를 이루는 원리를 학습하였다. 또한 구분의 개수를 점점 늘릴수록 실제 구의 부피에 가까워지는 과정을 살펴보며, 복잡한 입체도 작은 부분으로 나누어 분석하면 전체를 정확하게 설명할 수 있다는 수학적 사고를 이해할 수 있었다. 이 과정에서 하나의 공식을 단순히 결과로 받아들이기보다, 어떠한 논리와 과정을 거쳐 도출되는지를 탐구하는 것이 더욱 중요하다는 점을 깨달았다. 특히 구분구적법은 중학교에서 학습한 도형의 넓이와 부피 개념을 더욱 일반화한 방법이라는 점이 흥미로웠으며, 작은 요소를 체계적으로 분석하여 전체를 이해하는 수학의 논리성과 체계성을 느낄 수 있었다. 앞으로도 다양한 증명 방법을 탐구하며 수학적 개념의 원리를 깊이 이해하는 학습을 이어가고 싶다는 생각을 하게 되었다.",,최신,2026-08-05 23:10:09.829+00
510c4ab5-9207-4e6e-8488-41f2390cc3ed,V0xhoiHLP133A,4,"샤프심 슬릿을 이용한 레이저 포인터 파장 측정[상세분할](모둠) 샤프심을 슬릿으로 이용하고, 레이저 포인터를 통과시켜 형성된 회절 무늬를 측정해 레이저의 파장을 계산하였다. 실험 결과는 약 500nm로 계산되어 실제 빨간색 레이저 포인터의 파장 600nm~650nm보다 작게 나타났다. 결과를 분석하는 과정에서 샤프심과 레이저 포인터의 간격을 정확하게 측정하기 어려웠던 점처럼 단순 측정 실수뿐 아니라 만들어진 무늬의 길이를 정확히 측정하기 어려웠던 점, 레이저가 슬릿에 완전히 수직으로 입사하지 않았을 가능성, 스크린과의 정렬 상태 등이 오차에 영향을 줄 수 있음을 확인하였다. 이번 활동을 통해 빛의 간섭과 회절 원리와 이를 통해 빛의 파장을 구할 수 있음을 실제 실험으로 확인할 수 있었으며, 정확한 측정과 실험 장치의 정밀도가 결과의 신뢰성을 높이는 핵심 요소라는 사실을 이해하였다. 앞으로는 오차의 원인을 체계적으로 분석하고 개선하는 탐구 과정을 더욱 중요하게 생각해야겠다고 느꼈다.",,최신,2026-08-05 23:09:06.339+00
e1cb77b3-5785-48e8-86d7-6219c363f293,V0xhoiHLP133A,7,"수학+정보
수열은 규칙을 통해 수의 변화를 표현하는 수학적 도구라고 생각하여 흥미를 느껴 꾸준히 탐구해 왔다. 특히 Python을 활용하여 피보나치 수열을 생성하고 연속한 두 항의 비가 황금비에 수렴하는 과정을 직접 계산하고 시각화하며, 수학적 성질을 스스로 확인하는 탐구를 진행하였다. 이후 점화식의 계수를 변화시키며 수열의 성장 속도와 수렴 양상을 비교·분석하는 과정에서 하나의 점화식도 조건에 따라 전혀 다른 특성을 나타낼 수 있다는 점에 흥미를 느꼈고, 이를 통해 하나의 질문이 또 다른 탐구 주제로 이어지는 연구의 즐거움을 경험하였다. 이러한 탐구를 귀교에서 더욱 심화하고 싶다. 피보나치 수열뿐만 아니라 루카스 수열과 일반화된 점화식을 함께 비교하여 초기값과 점화식의 구조가 수렴 특성에 어떤 영향을 미치는지 탐구하고, Python을 활용해 다양한 조건에서 수열을 모델링하며 공통적인 규칙을 찾아보고자 한다. 더 나아가 이러한 탐구를 정수론과 다양한 수학 분야로 확장하여 스스로 질문을 만들고 해결하는 연구 역량을 키우고, 새로운 수학적 구조와 원리를 탐구하는 수학자로 성장하고 싶다


수학(대수, 정수)
수열의 규칙을 통해 수의 변화를 표현하는 구조(기능)적 특징에 흥미를 느껴 꾸준히 탐구해 왔다. 특히 피보나치 수열을 학습하면서 연속한 두 항의 비가 황금비에 수렴하는 현상에 흥미를 느꼈고, 이러한 현상이 나타나는 이유와 점화식의 구조에 따라 수열의 성질이 어떻게 달라지는지를 탐구하였다. 또한 점화식의 계수를 변화시키며 수열의 성장 특성과 수렴 양상을 비교하는 과정에서 작은 조건의 변화가 수열 전체의 성질에 큰 영향을 미친다는 점을 알게 되었고, 이를 통해 하나의 수열에서도 다양한 연구 주제가 파생(확장)될 수 있음을 깨달았다. 이러한 탐구를 바탕으로 귀교에서는 피보나치 수열을 루카스 수열과 비교하여 서로 다른 초기값을 가지면서도 같은 수렴 특성을 보이는 이유를 탐구하고, 더 나아가 일반화된 점화식에서 나타나는 다양한 수열의 성질과 규칙을 연구해 보고 싶다. 또한 여러 수열 사이의 공통점과 차이점을 분석하며 대수학적, 정수학적 관점에서 수열의 구조를 이해하고, 새로운 규칙을 발견하는 탐구를 이어가고자 한다. 앞으로 이러한 연구를 바탕으로 수열과 점화식을 중심으로 연구하는 대수학자가 되어 수학의 새로운 성질을 밝혀내는 연구를 할 것이다.","이러한 탐구를 귀교에서 더욱 심화하고 싶다.
→ 어떻게 심화하고 싶은지? 동아리, R&E, 소논문, 해당학교 행사 등등",최신,2026-08-05 23:09:06.339+00
ccd54b11-06d5-4e2f-8460-e3d579b2e473,V0xhoiHLP133A,7,"수학+정보
수열은 규칙을 통해 수의 변화를 표현하는 수학적 도구라고 생각하여 흥미를 느껴 꾸준히 탐구해 왔다. 특히 Python을 활용하여 피보나치 수열을 생성하고 연속한 두 항의 비가 황금비에 수렴하는 과정을 직접 계산하고 시각화하며, 수학적 성질을 스스로 확인하는 탐구를 진행하였다. 이후 점화식의 계수를 변화시키며 수열의 성장 속도와 수렴 양상을 비교·분석하는 과정에서 하나의 점화식도 조건에 따라 전혀 다른 특성을 나타낼 수 있다는 점에 흥미를 느꼈고, 이를 통해 하나의 질문이 또 다른 탐구 주제로 이어지는 연구의 즐거움을 경험하였다. 이러한 탐구를 귀교에서 더욱 심화하고 싶다. 피보나치 수열뿐만 아니라 루카스 수열과 일반화된 점화식을 함께 비교하여 초기값과 점화식의 구조가 수렴 특성에 어떤 영향을 미치는지 탐구하고, Python을 활용해 다양한 조건에서 수열을 모델링하며 공통적인 규칙을 찾아보고자 한다. 더 나아가 이러한 탐구를 정수론과 다양한 수학 분야로 확장하여 스스로 질문을 만들고 해결하는 연구 역량을 키우고, 새로운 수학적 구조와 원리를 탐구하는 수학자로 성장하고 싶다


수학(대수, 정수)
수열의 규칙을 통해 수의 변화를 표현하는 구조(기능)적 특징에 흥미를 느껴 꾸준히 탐구해 왔다. 특히 피보나치 수열을 학습하면서 연속한 두 항의 비가 황금비에 수렴하는 현상에 흥미를 느꼈고, 이러한 현상이 나타나는 이유와 점화식의 구조에 따라 수열의 성질이 어떻게 달라지는지를 탐구하였다. 또한 점화식의 계수를 변화시키며 수열의 성장 특성과 수렴 양상을 비교하는 과정에서 작은 조건의 변화가 수열 전체의 성질에 큰 영향을 미친다는 점을 알게 되었고, 이를 통해 하나의 수열에서도 다양한 연구 주제가 파생(확장)될 수 있음을 깨달았다. 이러한 탐구를 바탕으로 귀교에서는 피보나치 수열을 루카스 수열과 비교하여 서로 다른 초기값을 가지면서도 같은 수렴 특성을 보이는 이유를 탐구하고, 더 나아가 일반화된 점화식에서 나타나는 다양한 수열의 성질과 규칙을 연구해 보고 싶다. 또한 여러 수열 사이의 공통점과 차이점을 분석하며 대수학적, 정수학적 관점에서 수열의 구조를 이해하고, 새로운 규칙을 발견하는 탐구를 이어가고자 한다. 앞으로 이러한 연구를 바탕으로 수열과 점화식을 중심으로 연구하는 대수학자가 되어 수학의 새로운 성질을 밝혀내는 연구를 할 것이다.",,최신,2026-08-05 23:07:57.976+00
f4c293cd-84a8-4d2c-8329-73240e2e305c,V0xhoiHLP133A,1,"피보나치 수열(+Python 프로그램)
피보나치 수열을 학습하면서 단순한 점화식으로 만들어지는 수열이 자연현상, 건축, 예술 등 다양한 분야와 연결되며 연속한 두 항의 비가 황금비에 가까워진다는 사실에 흥미를 느꼈다. 특히 이러한 현상이 왜 나타나는지 궁금해 직접 Python 프로그램을 활용하여 피보나치 수열을 생성하고, 연속한 두 항의 비를 계산해 황금비로 수렴하는 과정을 표와 그래프로 분석하였다. 더 나아가 점화식의 계수를 변화시킨 여러 수열을 만들어 같은 방법으로 비교하며 수렴값과 성장 속도가 어떻게 달라지는지 탐구하였다. 그 결과 피보나치 수열의 성질은 단순히 하나의(or그) 수열만의 특징이 아니라 점화식의 구조에 의해 결정된다는 점을 확인할 수 있었다. 이 활동을 통해 수학적 추론을 프로그래밍으로 검증할 수 있다는 것을 알게되었고, 하나의 규칙도 다양한 관점에서 분석하고 스스로 가설을 세워 확인하는 탐구 자세의 중요성을 배울 수 있었다.

통계 분석(+야구)
저는 어릴 때부터 야구를 좋아했으며, 일상에서 나타나는 다양한 현상을 수치로 분석하는 것에도 큰 흥미를 가지고 있습니다. 이러한 관심으로 '수학을 품은 야구공'을 읽으며 야구가 타율, OPS, 평균자책점, 승률 등 다양한 통계 지표를 통해 수학과 밀접하게 연결되어 있음을 이해하게 되었습니다. 단순히 경기를 관람하는 데 그치지 않고 타자의 타석 수와 안타 수를 이용해 타율을 직접 계산하고, 팀의 시즌 결과를 정리하여 승률의 변화를 분석해 보았습니다. 또한 같은 경기 결과라도 어떤 통계 지표를 활용하느냐에 따라 선수와 팀의 경기력을 다르게 해석할 수 있다는 점이 매우 인상 깊었습니다. 특히 시즌 초반 성적이 좋지 않더라도 출루율이나 OPS와 같은 세부 지표가 우수한 팀은 장기적으로 좋은 성적을 거둘 가능성이 높다는 점을 보며, 데이터를 단순히 계산하는 것을 넘어 해석하는 능력이 중요하다는 사실을 깨달았습니다. 이 경험을 통해 수학적 통계는 실제 현상을 객관적으로 이해하는 강력한 도구임을 알게 되었으며, 앞으로도 다양한 데이터를 스스로 분석하고 근거를 바탕으로 판단하는 탐구 자세를 꾸준히 키워 나가고자 합니다.

원뿔과 구의 부피 공식에 대한 기하학적 증명 탐구
구의 부피 공식을 단순히 암기하는 것이 아니라 공식이 만들어지는 과정을 이해하고자 탐구를 진행하였다. 특히 구를 매우 얇은 원기둥 모양의 단면으로 나누어 각 단면의 부피를 합하는 구분구적법에 초점을 맞추어, 무한히 작은 부분들의 합이 전체의 부피를 이루는 원리를 학습하였다. 또한 구분의 개수를 점점 늘릴수록 실제 구의 부피에 가까워지는 과정을 살펴보며, 복잡한 입체도 작은 부분으로 나누어 분석하면 전체를 정확하게 설명할 수 있다는 수학적 사고를 이해할 수 있었다. 이 과정에서 하나의 공식을 단순히 결과로 받아들이기보다, 어떠한 논리와 과정을 거쳐 도출되는지를 탐구하는 것이 더욱 중요하다는 점을 깨달았다. 특히 구분구적법은 중학교에서 학습한 도형의 넓이와 부피 개념을 더욱 일반화한 방법이라는 점이 흥미로웠으며, 작은 요소를 체계적으로 분석하여 전체를 이해하는 수학의 논리성과 체계성을 느낄 수 있었다. 앞으로도 다양한 증명 방법을 탐구하며 수학적 개념의 원리를 깊이 이해하는 학습을 이어가고 싶다는 생각을 하게 되었다.",,최신,2026-08-05 23:03:57.802+00
61b3d8ba-6a7a-4aae-8be7-c3ab1146fe79,V0xhoiHLP133A,8,"1학년부터 같은 학년과 다른 학년 학생들을 대상으로 수학 멘토링을 꾸준히 진행하며 제가 알고 있는 지식을 나누고 함께 성장하기 위해 노력했습니다. 멘티마다 이해하는 속도와 문제 푸는 데 걸리 시간이 다르다는 점을 존중하며, 눈높이에 맞춰 여러 방법으로 설명하고 스스로 이해할 때까지 함께 고민했습니다. 예를 들어, 피타고라스 정리의 교과서 내 넓이를 이용한 증명이 어렵다는 멘티에게 넓이를 이용한 증명 대신 삼각형의 닮음을 활용한 다른 증명 방법을 설명하여 이해를 도왔습니다. 이 경험을 통해 상대방을 배려하는 마음은 자신의 기준이 아닌 상대의 입장에서 생각하는 것에서 시작된다는 것을 배웠으며, 지식을 나누고 함께 문제를 해결하는 과정에서 협력의 가치와 서로 존중하며 함께 성장하는 기쁨을 느낄 수 있었습니다.","더욱 구체적으로 쓰기.
넓이 이용한 증명에서 어떤 부분에서 막혔는지? 더욱 구체적으로 막혔던 걸 이렇게 저렇게 해봤는데 안되서 다른 증명법으로 이해를 도왔다는 식으로",최신,2026-08-05 23:03:57.802+00
9f71869b-dff5-4536-aee2-e9959bd802b9,V0xhoiHLP133A,8,"1학년부터 같은 학년과 다른 학년 학생들을 대상으로 수학 멘토링을 꾸준히 진행하며 제가 알고 있는 지식을 나누고 함께 성장하기 위해 노력했습니다. 멘티마다 이해하는 속도와 문제 푸는 데 걸리 시간이 다르다는 점을 존중하며, 눈높이에 맞춰 여러 방법으로 설명하고 스스로 이해할 때까지 함께 고민했습니다. 예를 들어, 피타고라스 정리의 교과서 내 넓이를 이용한 증명이 어렵다는 멘티에게 넓이를 이용한 증명 대신 삼각형의 닮음을 활용한 다른 증명 방법을 설명하여 이해를 도왔습니다. 이 경험을 통해 상대방을 배려하는 마음은 자신의 기준이 아닌 상대의 입장에서 생각하는 것에서 시작된다는 것을 배웠으며, 지식을 나누고 함께 문제를 해결하는 과정에서 협력의 가치와 서로 존중하며 함께 성장하는 기쁨을 느낄 수 있었습니다.",,최신,2026-08-05 23:03:15.27+00
59e56ecf-1193-4f83-8490-8b3f1c0981a0,2g6pgsJlna5wAK,5,"[상세분할](모둠2명) 우주에는 다양한 천체가 존재한다. 이에 흥미를 느껴서 식변광성과 맥동변광성이 밝기가 변하는 이유에 대해 소개하는 영상을 만들었다. 영상내용에 대한 자막과 음성녹음을 했다. 이때 만드는 영상의 길이가 짧아서 근본적인 원리와 핵심내용을 파악하고 반 친구들이 이해하기 쉽게 영상에 사진을 띄웠다.  근본적인 원리는 식변광성은 쌍성계에서 별이 서로를 가리면서 밝기가 변하고 맥동변광성은 별이 팽창, 수축하면서 밝기가 변한다는것이고 핵심 내용은 식변광성의 밝기 주기변화는 공전주기와 같아서 일정하다.책에서 맥동변광성의 주기, 광도사이 비례관계가 이해되지 않았다. 그래서 추론해보면 광도가 클수록 수소 핵융합이 많이 일어나기 때문에 별의 크기가 크다는것을 알수 있다. 별의 크기가 크면 별의 팽창 수축도 크므로 주기가 길다. 주기, 광도사이 비례관계로 주기를 알면 절대등급을 구할 수 있어서 겉보기 등급과 절대등급을 이용해 거리를 측정할 수 있다는것이다. 이런 핵심 내용들만 골라서 자막으로 사용했다. 자막으로 쓸 내용을 고르는 작업은 어려운 내용을 이해해서 핵심 내용을 추려내는 작업이라 어떻게 할지 몰랐다. 우선 내용을 천천히 이해해보려고 노력했다. 친구와 함께 토론하면서 내용을 이해했고 결국 핵심내용을 찾아서 자막에 넣었다. 처음에는 친구가 거슬렸다. 나 혼자하면 더 잘될거란 생각이 들었다. 그치만 친구와 토론하면서 하니 이해가 더 잘됬다. 친구덕분에 밝기가 거리제곱에 반비례하기 때문에 겉보기 등급과 절대등급을 알면 별까지의 거리를 알수있다는것을 깨달았다.이걸로 밝기가 거리제곱에 반비례하다는것을 학교에서 배우기 전에 미리 알게됐서 별과 우주단원의 개념 이해가 쉬웠다.","1) 맥동 변광성 영상을 만들면서 성장하고 변화한점 작성필요.;
2) 맥동 변광성과 교과과정에서 배우는 부분을 대응시킬필요 있음",최신,2026-08-05 22:45:09.087+00
1f59af8b-71fd-4b69-9abd-aae7508a914d,2g6pgsJlna5wAK,6,"(개인) 전동기의 에나멜선의 피복과 회전관성을 이용한 정류자와 자석 반전을 통한 자기력 원리 탐구[상세분할]전동기 실험에서 정류자 장치를 만들 수 없어서 에나멜선 한쪽 끝을 사포로 반만 갈아 반바퀴 회전할때 마다 전류를 차단시켜 회전관성을 이용해 계속 한 방향으로 돌 수 있다. 네오디뮴 자석을 뒤집으면 회전 방향이 바뀌는 것을 보고 자기력선을 종이에 그려 이론과 비교했다. 이론적으로 배운 내용에서는 정류자 장치가 있었고 네오디뮴 자석이 아니라 양쪽에 N,S극 자석을 놓은 모습이었다. 여러 요소를 바꿔서 실험하는 과정을 통해 새로운 지식을 알게됐다.","제목은 전동기의 에나멜선의 피복과 회전관성을 이용한 정류자와 자석 반전을 통한 자기력 원리 탐구

1) 전동기 부분만 사용할 것",최신,2026-08-05 22:45:09.087+00
85895c66-63a2-49db-9f5d-3ba3dcee62bc,2g6pgsJlna5wAK,1,"[상세분할]1,2차방정식은 근의 공식이 있어서 쉽게 풀수있다. 하지만 3차이상의 방정식은 실수범위에서 인수분해가 불가능할때 어떻게 해결할지 궁금해서 고차방정식의 해법에 대해 탐구했다. 3차방정식의 해법은 카르다노의 해법이 있다. 이 해법은 3차방정식을 2차항이 없는 3차방정식을 만든 후 미지수를 서로다른 두개의 미지수 합으로 나타내고 2개의 미지수로 연립방정식을 세워서 해결하는 방법이다. 카르다노의 해법의 원리를 이해하고 직접 유도하면서 매개변수 치환법을 알게되었다. 4차방정식의 해법은 페라리, 오일러, 데카르트의 해법이 있다. 이중 가장 인상깊었던 해법은 오일러의 해법이다. 오일러의 해법은 페라리,데카르트의 해법과 달리 카르다노의 해법을 사용하지 않고 미정계수법을 사용한 풀이다. 오일러의 해법을 탐구하면서 미정계수법을 알게되었다. 5차이상의 방정식은 일반해가 없다는것을 알게되었다. 이것의 증명과정은 내가 잏하기에 어려워서 고등학생때 다시 도전해서 증명할것이다. 3,4차 방정식의 근의공식을 유도해보면서 근이 계수들로 나타내어지는 일반해가 존재한다는것이 직관적으로 이해되지는 않아서 직접 증명과정이 놀라웠다. 이 일을 계기로 배운것을 확장해서 일반해를 유도해보는 태도가 중요하다는것을 느꼈서 나의 태도도 변하게 됬다.",,최신,2026-08-05 22:44:58.548+00
0b530cbc-5ab0-494f-9fe8-7e5a9ebbe29e,2g6pgsJlna5wAK,2,"[상세분할]눈금없는자와 컴퍼스만을 사용해서 도형을 작도하는것이 기하학적인 원리를 완벽히 이해하고있어야만 할 수 있다는 점에서 작도에 관심을 가지게 되었고 여러가지 문제를 풀어보았습니다. 그중 가장 기억에 남는 문제가 있습니다. 문제는 주어진 예각삼각형ABC에서 선분BP=PQ=QC인 AB위의 점P, AC위의 점Q를 작도하는 문제입니다. 저는 이와 비슷한 문제를 회전변환으로 원주각의 크기가 같도록하여 내접사각형을 만들어 작도한 경험이 있어서 비슷한 방법으로 접근했습니다. 삼각형BPQ, CPQ를 각각 선분CQ, BP에 붙여서 P,Q를 두개의 외심으로 만들고 사각형BPQC와 합동인 사각형을 만들어서 풀어보려했지만 실패했습니다. 다른 방법으로는 사각형BPQC를 선분BC의 중점을 중심으로 180도 회전시켜 합동인 사각형BQ'P'C를 만들고 합동인 이등변 삼각형BPQ', 삼각형CQP'과 평행사변형PQP'Q'을 이용해서 작도하려했으나 실패했습니다. 이때 새로운 방법으로 도전해야겠다는 생각이 들었습니다. 먼저 일반성을 잃지않고 선분AB<선분AC라 하고 선분AB=AD인 선분AC위의 점D를 잡았습니다. 왜냐하면 마름모PQCR을 작도하면 점R이 BD위의 점이기 때문입니다. 이후 선분BD위의 임의의 점R'을 잡고 AB, BC와 만나는 원을 그린 다음 닮음으로 점R을 작도하여 문제를 해결할 수 있었습니다. 이 문제가 가장 기억에 남는 이유는 2주이상 매일 고민해서 결국 완벽한게 풀었기 때문입니다. 작도 문제를 풀면서 여러 방법을 구상하고 시도해는 과정이 즐거웠고 이 과정에서 기하 실력이 상승한것이 느껴졌습니다. 작도 문제를 풀면서 수학은 끝까지 고민해야한다는것과 고민하는 과정이 중요하다는것을 배웠습니다. 이때부터 수학 문제는 풀릴때 까지 포기하지않는 자세를 갖게 되었습니다.",,최신,2026-08-05 22:44:58.548+00
b9b01a94-e605-48a0-b458-b3dde4d97a0e,2g6pgsJlna5wAK,3,"[상세분할]저는 수학을 잘하기 위해 가장 필요한 능력중 하나가 직관이라고 생각합니다. 수학에서의 직관력은 추론을 통해 올바른 증명을 찾아내게 하는 힘입니다. 그래서 저는 문제를 풀때 무작정 식을 세우지 않고 직관으로 풀려고 합니다. 그러다 보면 복잡한 식으로 풀리던 문제가 아이디어로 간단히 증명되곤 한다. 직관으로 푼 문제들중 저의 좋은 아이디어가 담긴 문제가 있습니다. 이 문제는 k가 0이상 n이하인 모든 정수일때 {(n+k)Ck}/2의 k제곱의 합=2의 n제곱임을 증명하라는 문제입니다. 먼저 앞면이 보이는 n+k개의 같은 카드를 일렬로 나열하고  앞의 n개를 A묶음, 뒤의 k개를 B묶음이라고 정의 했습니다. (n+k)Ck= n+k개의 카드에서 k개를 뒤집었을때 가능한 카드 배열(P배열) 경우의 수, 2의 k제곱= n+k개의 카드중 k개를 선택하여 뒤집는데 선택된 카드가 A묶음의 카드라면 뒤집지 않을때 나올 수 있는 카드 배열(Q배열) 경우의수로 해석했습니다. k가 0이상 n이하인 모든 정수이므로 P배열은 Q배열을 포함하고 Q배열의 A묶음 카드는 모두 앞면입니다. 카드는 앞면 또는 뒷면이므로 P배열 경우의 수/Q배열 경우의 수= 2의 n제곱이므로 문제가 증명되었습니다. 문제의 상황을 직관적으로 완벽히 이해하여 대수적인 기술을 전혀 사용하지 않고 간단한 개수세기로 문제를 해결했습니다. 이 경험을 통해 문제를 접근하는 사고방식이 문제의 본질과 구조를 파악하려는 방식으로 변화했습니다. 이러한 사고방식은 수학의 여러 분야에서 저의 성장을 도와주는 역할을 하고있습니다.",,최신,2026-08-05 22:44:58.548+00
cdb05ec3-7cb2-467e-9876-00a698ee71c2,2g6pgsJlna5wAK,4,"[상세분할](개인)스윙바이에 대해 연구하면서 스윙바이의 원리, 사례, 장단점, 보이저 2호의 스윙바이 전후 속도와 행성의 공전속도로 행성 진입 각도 계산및 궤도 분석하기 미래의 스윙바이 기술에 대해 연구했다. 스윙바이의 원리에 대해 조사하던중 운동량 보존 법칙을 알게됐다.  보이저2호의 스윙바이후 속도를 구하는 과정에서 우주선과 행성이동궤도가 이루는 각도 때문에 평행사변형법으로 속도를 계산해야 했으므로 직접 제2코사인법칙을 유도하였다. 스윙바이에 대해 발표할때 쉽게 설명하기 위해 달려오는 기차로 향하는 공의 충돌후 속도변화로 비유해서 설명했다. 충돌 전후 두 물체의 상대속도는 변하지 않기 때문에 공이 a,기차가b속력으로 서로 충돌하면 기차 질량에 비해 공 질량은 무시할수있다. 따라서 기차의 속도 변화는 없고 공의 속도는 기차와 같은 방향으로 a+2b가 된다. 스윙바이에서 운동량보존법칙과 제2코사인 법칙은 속도의 벡터량과 관련됬다는것을 배웠다. 구하는 과정은 복잡하지만 원리는 간단해서 이해하기 쉬웠다. 미래의 스윙바이 기술을 연구하는 동안 스윙바이의 정확도를 높이기 위해 우주에 인공구조물을 띄워서 미세중력을 이용하는 방법을 구상했다. 이때 인공구조물은 위치가 변하면 안되기 때문에 중력평형점에 안착시켜야한다. 중력평형지점인 라그랑주 포인트를 알게됐다. 라그랑주 포인트는 삼차원 공간에서 거리 제곱에 반비례한다는 관점에서 수학의 내분점, 외분점과 관련지었다. 스윙바이는 행성의 중력을 이용해서 적은 연료로 가속, 감속할수있고 방향도 바꿀수있다는 장점이 있지만 행성의 적절한 배치가 필요해서 기회가 적다는 단점이 있다. 분명한 장점과 단점을 가지고 있어서 미래에 발전할 가능성이 높다는것을 느꼈다.","1) 스위방이후 속돌르 구하는 과정에서 제2 코사인 법칙이 필요한 이유?
2) 스윙바이 설명시 기차로 향하는 공의 충돌후 속도변화 비유방법 그대로 작성
3) 스윙바이에 대한 설명보다 그것을 통해 배운 것에 대한 설명이 더 필요함. ",최신,2026-08-05 22:44:58.548+00
bc6ba862-558e-4cce-8245-fe81ff107dc9,2g6pgsJlna5wAK,5,"[상세분할](모둠2명) 우주에는 다양한 천체가 존재한다. 이에 흥미를 느껴서 식변광성과 맥동변광성이 밝기가 변하는 이유에 대해 소개하는 영상을 만들었다. 영상내용에 대한 자막과 음성녹음을 했다. 이때 만드는 영상의 길이가 짧아서 근본적인 원리와 핵심내용을 파악하고 반 친구들이 이해하기 쉽게 영상에 사진을 띄웠다.  근본적인 원리는 식변광성은 쌍성계에서 별이 서로를 가리면서 밝기가 변하고 맥동변광성은 별이 팽창, 수축하면서 밝기가 변한다는것이고 핵심 내용은 식변광성의 밝기 주기변화는 공전주기와 같아서 일정하다.책에서 맥동변광성의 주기, 광도사이 비례관계가 이해되지 않았다. 그래서 추론해보면 광도가 클수록 수소 핵융합이 많이 일어나기 때문에 별의 크기가 크다는것을 알수 있다. 별의 크기가 크면 별의 팽창 수축도 크므로 주기가 길다. 주기, 광도사이 비례관계로 주기를 알면 절대등급을 구할 수 있어서 겉보기 등급과 절대등급을 이용해 거리를 측정할 수 있다는것이다. 이런 핵심 내용들만 골라서 자막으로 사용했다. 자막으로 쓸 내용을 고르는 작업은 어려운 내용을 이해해서 핵심 내용을 추려내는 작업이라 어떻게 할지 몰랐다. 우선 내용을 천천히 이해해보려고 노력했다. 친구와 함께 토론하면서 내용을 이해했고 결국 핵심내용을 찾아서 자막에 넣었다. 처음에는 친구가 거슬렸다. 나 혼자하면 더 잘될거란 생각이 들었다. 그치만 친구와 토론하면서 하니 이해가 더 잘됬다. 친구덕분에 밝기가 거리제곱에 반비례하기 때문에 겉보기 등급과 절대등급을 알면 별까지의 거리를 알수있다는것을 깨달았다.이걸로 밝기가 거리제곱에 반비례하다는것을 학교에서 배우기 전에 미리 알게됐서 별과 우주단원의 개념 이해가 쉬웠다.",,최신,2026-08-05 22:44:58.548+00
1e0805ca-5975-4fd3-9346-5bb379d1d106,2g6pgsJlna5wAK,6,"(개인) 전동기의 에나멜선의 피복과 회전관성을 이용한 정류자와 자석 반전을 통한 자기력 원리 탐구[상세분할]전동기 실험에서 정류자 장치를 만들 수 없어서 에나멜선 한쪽 끝을 사포로 반만 갈아 반바퀴 회전할때 마다 전류를 차단시켜 회전관성을 이용해 계속 한 방향으로 돌 수 있다. 네오디뮴 자석을 뒤집으면 회전 방향이 바뀌는 것을 보고 자기력선을 종이에 그려 이론과 비교했다. 이론적으로 배운 내용에서는 정류자 장치가 있었고 네오디뮴 자석이 아니라 양쪽에 N,S극 자석을 놓은 모습이었다. 여러 요소를 바꿔서 실험하는 과정을 통해 새로운 지식을 알게됐다.",,최신,2026-08-05 22:44:58.548+00
9da8506f-e1ce-4529-b7a7-c1a030fcfc6d,2opqZTOFa37VK3v,7,"생체모방을 해본 경험을 통해 생명공학에 관심을 가지게 되고 나서 <이기적 유전자>를 읽고 관련 내용을 탐구하다가 알게 된 RNA 간섭의 활용 사례를 찾아보며 이러한 기술들을 통해 여러 질병 등을 치료하는 바이오의약품연구원의 꿈을 갖게 되었고, 전자현미경,형광현미경, PCR 등을 비롯한 첨단 기자재를 활용한 심화 실험 환경과 과학적 탐구 역량을 극대화할 수 있는 R&E 프로그램 및 동아리 활동이 체계적으로 구축되어 있어 진로활동에 큰 도움이 되는 본교에 지원하게 되었다. 진산과학고에서 생명학술동아리에 가입하여 활동하면서 나의 진로에 관련된 여러 지식을 학습하고, R&E활동을 통해 여러가지 창의적인 주제를 연구하고 발표하면서 창의력을 가지고 꿈에 도전하며 사회에 봉사하는 인재로 성장하여 나의 진로를 이뤄내고 싶다.",,최신,2026-08-05 22:15:25.264+00
8da41f2f-f502-4b33-886c-cc6b5285cf98,2opqZTOFa37VK3v,8,"학교 자율주제 연구 활동에서 발표에 쓸 자료를 위해 최대한 많은 학생들에게 설문조사를 진행해서 표를 만들어야 했는데, 설문조사지를 들고 사람들 한명한명에게 질문하기에는 너무 번거롭고 남은 시간이 촉박하다고 느꼈다. 그래서 모둠원들에게 설문조사 사이트를 활용하자 제안했고 직접 만들게 되었다. 하지만 이 사이트를 어떻게 단기간에 많은 사람들에게 알릴지에 대한 방법이 떠오르지 않아 문제가 발생했는데, 모둠원 1명이 QR코드를 만든 후 포스터로 인쇄하자 제안했고 포스터를 너무 많이 붙이지 않는 조건으로 선생님의 허락을 받아 나를 포함한 모둠 전체가 각자 포스터 디자인, 학교에서 학생들이 가장 많이 지나다니는 곳, 학교 개시물이 보통 붙여지는 높이 등을 분석하여 포스터를 붙이게 되었다. 그 결과 전교생 중 310명이 설문에 참여하게 되었고, 함께 문제를 해결해나가려 했던 이 경험은 협력의 기쁨과 사회적 관계 성장을 주었다.",,최신,2026-08-05 22:15:25.264+00
885938cc-d6f6-4ea5-aa99-2f34c25d48ac,2opqZTOFa37VK3v,4,고무판을 이용한 미끄럼 방지와 모세관 원리를 이용한 주변이 젖지 않는 방지한 컵홀더 제작[상세분할]컵홀더가 미끄러지지 않게 높은 마찰계수를 가진 고무패드를 붙여 바닥과의 마찰력을 높였다. 컵홀더 바닥면에 홈에 스펀지를 설치하고 모세관 현상을 통해 떨어진 물방울이 빠르게 흡수되게 하였다. 탈부착 가능하게 설계하여 스펀지의 세척 등이 용이하도록 하였다. 이렇게 일상 속의 불편함을 해결할 방법을 고민하면서 아주 기초적이고 간단한 원리로도 일상생활에 큰 도움을 줄 수 있다는 것을 알게되었다. 이 깨달음을 바탕으로,"고무판을 이용한 미끄럼 방지와 모세관 원리를 이용한 주변이 젖지 않는 방지한 컵홀더 제작

1) 글자수부족
2) 이 활동을 통해 깨달은 것을 활용한 사례를 제시 필요",최신,2026-08-05 22:11:05.672+00
97e85cc8-ea30-4977-b597-0006d4c57bf9,2opqZTOFa37VK3v,5,"소장의 길고 구불구불한 구조를 이용한 낙하 시간 지연 구슬 경사로 제작 및 협동 탐구[상세분할]처음에는 간격을 둔 일자형 경사로를 설치했는데, 구슬을 굴렸을때 틈에 걸려 멈추거나 경로를 이탈했다. 이를 보완하고자 소장의 구조를 응용해 경사로를 완만하고 굴곡지게 설계하여 이동거리를 늘리고 외벽에서의 충돌,마찰,관성으로 속도의 증폭을 억제했다. 설계대로 경사로를 만들던 중 빨대가 부족하여 이쑤시개를 레일처럼 만들어 경사로에 덧대어 문제를 해결했다. 결과적으로 구슬이 50초 이상 머무르게 하는 데 성공했다. 이 과정에서 아이디어 공유와 협동의 중요성을 깨달았고, 생체모방을 적용해 문제를 해결한 경험을 바탕으로 생명공학에 관심을 갖게 되었다.","소장의 길고 구불구불한 구조를 이용한 낙하 시간 지연 구슬 경사로 제작 및 협동 탐구

1) 처음 실패한 이유를 간단하게 정리
2) 소장의 원리도 간단하게 정리
3) 글자수가 많음",최신,2026-08-05 22:11:05.672+00
5455f2c2-8837-4275-a6f7-718e3f347f69,2opqZTOFa37VK3v,6,"[상세분할]적자생존과 종 분화에 대해 배우고 나서 다른 남을 위해 자신을 희생하는 동물들은 자손을 남기지 못하고 죽을텐데, 이들의 이타적 행동이 어떻게 사라지지 않고 지금까지 유지되는지 의문이 들었다. 관련 자료를 찾다가 <이기적 유전자>를 읽게 되었고 이를 통해 중점은 개체가 아닌 그 유전자에 있음을 알게 되었다. 즉, 동물들의 이타적 행동은 유전자를 공유하는 친족 여럿을 살림으로서 한 유전자의 복사본을 더 많이 퍼뜨리기 위함임을 깨달았다. 이렇게 개념과 모순되어보이는 점을 책과의 연계를 통해 이해해가며 그 개념에 대해 더 확실하게 알 수 있었다. 또, 이 경험은 다른 개념들을 자세히 들여다보며 암기가 아닌 이해를 하려 노력하는 태도의 계기가 되었다.","1) 이기적 유전자를 읽고 현재 공부한 내용과 적용새서 설명할 것
2) 내용 수정 필요.",최신,2026-08-05 22:11:05.672+00
90c400ca-e42c-4590-adc4-1414e14e44a2,2opqZTOFa37VK3v,3,"[상세분할]여름에 아이스크림을 먹던 중 사각기둥이나 원기둥모양의 아이스크림의 부피는 쉽게 구할 수 있는데 스크류바같이 꼬여있는 기둥모양의 입체도형의 부피는 어떻게 구할 수 있을지가 궁금해졌고, 이를 구할 방법을 찾다가 카발리에리의 원리에 대해 알게 되었다. 이를 이용해 스크류바의 부피를 구할 수 있었고 원뿔, 삼각뿔, 구 등 다른 입체도형의 부피와 구의 겉넓이도 유도해봤다. 학교에서 배운 공식을 단순히 아는 것에서 그치지 않고 직접 유도해보며 왜 이런 공식이 나오는지 확인해볼 수 있어 뜻깊은 경험이었다.",,최신,2026-08-05 22:02:14.191+00
d5bcbcdf-56f3-4deb-afa8-8f2fd735c07c,2opqZTOFa37VK3v,2,"[상세분할]피타고라스 정리를 배울때 직각삼각형에서 정리가 성립하는것은 증명할 수 있었지만, 반대로 빗변의 길이의 제곱이 나머지 두 변의 길이의 제곱의 합과 같은 세 변이 주어졌을때는 반드시 직각삼각형이 될 지 궁금해져 이에 대해 탐구하게 되었다. 그러던 중 동일법을 이용한 피타고라스 정리의 역 증명법을 알게 되었고, 이 외에 다른 증명방법은 없는지 찾아보면서 탐구하게 되었다. 이 과정에서 귀류법, 좌표평면, 내접원의 반지름 등을 이용한 증명법들을 추가로 알게 되었다. 각 증명법들을 이용해 피타고라스 정리의 역을 직접 증명해보면서 하나의 수학적 사실도 접근 방법에 따라 다양하게 해석될 수 있다는 것을 알게 되었고, 그저 공식을 적용하는것 뿐만 아니라 당연해보이는 명제도 의심해보고 여러 방법으로 증명해보며 문제의 타당성을 의심하고 탐구하는 태도를 기르게 되었다.","증명과정에서 어려웠던 점 추가

3학년때 원 내용에서 역증명을 생각해보게 되는 계기 추가",최신,2026-08-05 22:01:55.089+00
7d7a47e0-0621-4494-8ebc-fc26eb2c0a2e,2opqZTOFa37VK3v,1,"[상세분할]확률을 주제로 수학신문을 만들어보던 중 몬티홀 딜레마에 대해 알게 되었고, 문을 바꾸는것이 왜 유리한지 어느정도 이해가 되었지만, 이를 정확하게 증명하고 싶어 방법을 탐구하게 되었다. 이 과정에서 조건부확률에 대해 알게 되었고, 이를 이용하여 문을 바꿨을때 경품을 얻을 확률이 그렇지 않을때의 확률보다 높은것을 알게 되었다. 그 후 문의 개수가 늘어나는 등 조건이 바뀔 때는 확률이 어떻게 바뀔지 궁금해졌고 여러 변형에서의 경품을 얻을 확률을 직접 구해보게 되었다. 이 과정에서 직관과 실제가 얼마나 다를 수 있을지를 깨달았고, 여러 변형에서의 확률을 구해보며 단순히 정해진 답 하나만이 아니라 한 원리를 바탕으로 새로운 규칙을 찾아내는 능력을 기르게 되었다.",,최신,2026-08-05 21:51:14.252+00
c709e897-1e05-4d68-a8d4-3cb1968796dc,2opqZTOFa37VK3v,1,"확률을 주제로 수학신문을 만들어보던 중 몬티홀 딜레마에 대해 알게 되었고, 문을 바꾸는것이 왜 유리한지 어느정도 이해가 되었지만, 이를 정확하게 증명하고 싶어 방법을 탐구하게 되었다. 이 과정에서 조건부확률에 대해 알게 되었고, 이를 이용하여 문을 바꿨을때 경품을 얻을 확률이 그렇지 않을때의 확률보다 높은것을 알게 되었다. 그 후 문의 개수가 늘어나는 등 조건이 바뀔 때는 확률이 어떻게 바뀔지 궁금해졌고 여러 변형에서의 경품을 얻을 확률을 직접 구해보게 되었다. 이 과정에서 직관과 실제가 얼마나 다를 수 있을지를 깨달았고, 여러 변형에서의 확률을 구해보며 단순히 정해진 답 하나만이 아니라 한 원리를 바탕으로 새로운 규칙을 찾아내는 능력을 기르게 되었다.
111
피타고라스 정리를 배울때 직각삼각형에서 정리가 성립하는것은 증명할 수 있었지만, 반대로 빗변의 길이의 제곱이 나머지 두 변의 길이의 제곱의 합과 같은 세 변이 주어졌을때는 반드시 직각삼각형이 될 지 궁금해져 이에 대해 탐구하게 되었다. 그러던 중 동일법을 이용한 피타고라스 정리의 역 증명법을 알게 되었고, 이 외에 다른 증명방법은 없는지 찾아보면서 탐구하게 되었다. 이 과정에서 귀류법, 좌표평면, 내접원의 반지름 등을 이용한 증명법들을 추가로 알게 되었다. 각 증명법들을 이용해 피타고라스 정리의 역을 직접 증명해보면서 하나의 수학적 사실도 접근 방법에 따라 다양하게 해석될 수 있다는 것을 알게 되었고, 그저 공식을 적용하는것 뿐만 아니라 당연해보이는 명제도 의심해보고 여러 방법으로 증명해보며 문제의 타당성을 의심하고 탐구하는 태도를 기르게 되었다.

여름에 아이스크림을 먹던 중 사각기둥이나 원기둥모양의 아이스크림의 부피는 쉽게 구할 수 있는데 스크류바같이 꼬여있는 기둥모양의 입체도형의 부피는 어떻게 구할 수 있을지가 궁금해졌고, 이를 구할 방법을 찾다가 카발리에리의 원리에 대해 알게 되었다. 이를 이용해 스크류바의 부피를 구할 수 있었고 원기둥, 삼각뿔, 구 등 다른 입체도형의 부피와 구의 겉넓이도 유도해봤다. 학교에서 배운 공식을 단순히 아는 것에서 그치지 않고 직접 유도해보며 왜 이런 공식이 나오는지 확인해볼 수 있어 뜻깊은 경험이었다.",ㄶ2323ㅛㅈㄷㅎㄴㅇㅎ,최신,2026-08-05 20:22:04.351+00
d8f8d57b-3aa5-44db-9a25-24439defdc8c,9ce26e5a33b8412,1,,,최신,2026-08-03 19:05:13.057869+00
760f7a98-d7a1-445d-b14a-975c1601526c,E2WaX8Gu4unR8Bm,1,"‘내일은 수학왕’이라는 책에서 큐브의 경우의 수를 보았고 이를 구하는 과정이 궁금해졌다.

먼저 333 큐브를 각각 6개의 센터, 8개의 코너, 12개의 엣지 조각으로 나누어서 곱의 법칙으로 구했다. 그러나 탐구 도중 큐브에 특성에 의해 일부 경우에서는 조각의 위치가 정해지는 성질이 있다는 것을 알았고 그것을 증명하는 데 어려움을 겪었다. 하지만 포기하지 않았고 다양한 방법을 시도해 보며 문제를 해결해 나갔다. 그리고 큐브가 돌아가는 원리를 이용하여 여러 짧은 공식을 만들었다. 이 공식을 이용함으로써 큐브 평균 기록을 단축하게 할 수 있었을 뿐만 아니라 큐브를 돌리는 원리와 비슷한 지괴 문제에 많은 도움이 되었다.

소수가 간단한 정의인데 소수들의 여러 추측을 증명하지 못한 것에 흥미를 느껴 탐구하였다.

소수에도 메르센 소수, 페르마 소수 등 종류가 있다는 것을 알았다. 에라토스테네스의 채, 윌슨의 정리 등을 탐구하여 소수를 판별하는 법을 알았다. ",,2026-07-23T23:58:37.000Z (학생-자소서),2026-08-03 19:05:13.057869+00
04fcf202-589a-4344-a8bc-ddb7edbc46ab,E2WaX8Gu4unR8Bm,1,"‘내일은 수학왕’이라는 책에서 큐브의 경우의 수를 보았고 이를 구하는 과정이 궁금해졌다.

먼저 333 큐브를 각각 6개의 센터, 8개의 코너, 12개의 엣지 조각으로 나누어서 곱의 법칙으로 구했다. 그러나 탐구 도중 큐브에 특성에 의해 일부 경우에서는 조각의 위치가 정해지는 성질이 있다는 것을 알았고 그것을 증명하는 데 어려움을 겪었다. 하지만 포기하지 않았고 다양한 방법을 시도해 보며 문제를 해결해 나갔다. 그리고 큐브가 돌아가는 원리를 이용하여 여러 짧은 공식을 만들었다. 이 공식을 이용함으로써 큐브 평균 기록을 단축하게 할 수 있었을 뿐만 아니라 큐브를 돌리는 원리와 비슷한 지괴 문제에 많은 도움이 되었다.

소수가 간단한 정의인데 소수들의 여러 추측을 증명하지 못한 것에 흥미를 느껴 탐구하였다.

소수에도 여러 종류가 있다는 것을 알았다. 그리고 소수의 특징을 살펴보던 중 학교에서 배운 피타고라스를 배경으로 한 페르마의 두 제곱수 정리가 눈에 들어왔다. 이 정리를 증명하려면 라그랑주 정리를 먼저 증명해야 하고 그 정리를 증명하는 데 비둘기집 원리 등의 여러 정리가 필요했다. 나는 페르마의 두 제곱수 정리를 탐구하고 증명하는 데 어려움이 있었지만 하나씩 정리를 증명하다 보니 생각보다 금방 증명할 수 있었다. 이를 이용해 학교에서 모눈종이를 활용해 넓이가 자연수인 정사각형의 한 변의 길이를 쉽게 만들 수 있었다.",,2026-07-31T03:23:41.000Z (학생-자소서),2026-08-03 19:05:13.057869+00
ed827233-b2b0-45b0-b06c-cc922985ab53,E2WaX8Gu4unR8Bm,1,"‘내일은 수학왕’이라는 책에서 큐브의 경우의 수를 보았고 이를 구하는 과정이 궁금해졌다.

먼저 333 큐브를 각각 6개의 센터, 8개의 코너, 12개의 엣지 조각으로 나누어서 곱의 법칙으로 구했다. 그러나 탐구 도중 큐브에 특성에 의해 일부 경우에서는 조각의 위치가 정해지는 성질이 있다는 것을 알았고 그것을 증명하는 데 어려움을 겪었다. 하지만 포기하지 않았고 다양한 방법을 시도해 보며 문제를 해결해 나갔다. 그리고 큐브가 돌아가는 원리를 이용하여 여러 짧은 공식을 만들었다. 이 공식을 이용함으로써 큐브 평균 기록을 단축하게 할 수 있었을 뿐만 아니라 큐브를 돌리는 원리와 비슷한 지괴 문제에 많은 도움이 되었다.

소수가 간단한 정의인데 소수들의 여러 추측을 증명하지 못한 것에 흥미를 느껴 탐구하였다.

소수에도 여러 종류가 있다는 것을 알았다. 그리고 소수의 특징을 살펴보던 중 학교에서 배운 피타고라스를 배경으로 한 페르마의 두 제곱수 정리가 눈에 들어왔다. 이 정리를 증명하려면 라그랑주 정리를 먼저 증명해야 하고 그 정리를 증명하는 데 비둘기집 원리 등의 여러 정리가 필요했다. 나는 페르마의 두 제곱수 정리를 탐구하고 증명하는 데 어려움이 있었지만 하나씩 정리를 증명하다 보니 생각보다 금방 증명할 수 있었다. 이를 이용해 학교에서 모눈종이를 활용해 넓이가 자연수인 정사각형의 한 변의 길이를 쉽게 만들 수 있었다.",,2026-07-31T16:57:13.000Z (학생-자소서),2026-08-03 19:05:13.057869+00
2f30d137-9bd0-4b58-b295-73dc50392832,E2WaX8Gu4unR8Bm,1,"‘내일은 수학왕’이라는 책에서 큐브의 경우의 수를 보았고 이를 구하는 과정이 궁금해졌다.

먼저 333 큐브를 각각 6개의 센터, 8개의 코너, 12개의 엣지 조각으로 나누어서 곱의 법칙으로 구했다. 그러나 탐구 도중 큐브에 특성에 의해 일부 경우에서는 조각의 위치가 정해지는 성질이 있다는 것을 알았고 그것을 증명하는 데 어려움을 겪었다. 하지만 포기하지 않았고 다양한 방법을 시도해 보며 문제를 해결해 나갔다. 그리고 큐브가 돌아가는 원리를 이용하여 여러 짧은 공식을 만들었다. 이 공식을 이용함으로써 큐브 평균 기록을 단축하게 할 수 있었을 뿐만 아니라 큐브를 돌리는 원리와 비슷한 지괴 문제에 많은 도움이 되었다.

소수가 간단한 정의인데 소수들의 여러 추측을 증명하지 못한 것에 흥미를 느껴 탐구하였다.

소수에도 여러 종류가 있다는 것을 알았다. 그리고 소수의 특징을 살펴보던 중 학교에서 배운 피타고라스를 배경으로 한 페르마의 두 제곱수 정리가 눈에 들어왔다. 이 정리를 증명하려면 라그랑주 정리를 먼저 증명해야 하고 그 정리를 증명하는 데 비둘기집 원리 등의 여러 정리가 필요했다. 나는 페르마의 두 제곱수 정리를 탐구하고 증명하는 데 어려움이 있었지만 하나씩 정리를 증명하다 보니 생각보다 금방 증명할 수 있었다. 이를 이용해 학교에서 모눈종이를 활용해 넓이가 자연수인 정사각형의 한 변의 길이를 쉽게 만들 수 있었다.",,최신,2026-08-03 19:05:13.057869+00
e78c2620-2838-4ad9-9472-fcfeb13b265c,E2WaX8Gu4unR8Bm,1,"‘내일은 수학왕’이라는 책에서 큐브의 경우의 수를 보았고 이를 구하는 과정이 궁금해졌다.

먼저 333 큐브를 각각 6개의 센터, 8개의 코너, 12개의 엣지 조각으로 나누어서 곱의 법칙으로 구했다. 그러나 탐구 도중 큐브에 특성에 의해 일부 경우에서는 조각의 위치가 정해지는 성질이 있다는 것을 알았고 그것을 증명하는 데 어려움을 겪었다. 하지만 포기하지 않았고 다양한 방법을 시도해 보며 문제를 해결해 나갔다. 그리고 큐브가 돌아가는 원리를 이용하여 여러 짧은 공식을 만들었다. 이 공식을 이용함으로써 큐브 평균 기록을 단축하게 할 수 있었을 뿐만 아니라 큐브를 돌리는 원리와 비슷한 지괴 문제에 많은 도움이 되었다.

소수가 간단한 정의인데 소수들의 규칙을 아직 발견하지 못한 것에 흥미를 느껴 탐구하였다.



소수에도 메르센 소수, 페르마 소수 등 종류가 있다는 것을 알았다. 에라토스테네스의 채, 윌슨의 정리 등을 탐구하여 소수를 판별하는 법을 알았다. 그중 메르센 소수, 페르마 소수처럼 특정한 소수를 판별하는 방법도 알게 되었다. 특히 메르센 소수에 대해 판별하는 뤼카-레머 소수판별법에 관심을 가져 탐구를 하게 되었다. ",,2026-07-22T15:59:08.000Z (학생-자소서),2026-08-03 19:05:13.057869+00
2b546ba9-671d-4fe9-8e5f-fc40515afd78,E2WaX8Gu4unR8Bm,1,"‘내일은 수학왕’이라는 책에서 큐브의 경우의 수를 보았고 이를 구하는 과정이 궁금해졌다.

먼저 333 큐브를 각각 6개의 센터, 8개의 코너, 12개의 엣지 조각으로 나누어서 곱의 법칙으로 구했다. 그러나 탐구 도중 큐브에 특성에 의해 일부 경우에서는 조각의 위치가 정해지는 성질이 있다는 것을 알았고 그것을 증명하는 데 어려움을 겪었다. 하지만 포기하지 않았고 다양한 방법을 시도해 보며 문제를 해결해 나갔다. 그리고 큐브가 돌아가는 원리를 이용하여 여러 짧은 공식을 만들었다. 이 공식을 이용함으로써 큐브 평균 기록을 단축하게 할 수 있었을 뿐만 아니라 큐브를 돌리는 원리와 비슷한 지괴 문제에 많은 도움이 되었다.

소수가 간단한 정의인데 소수들의 여러 추측을 증명하지 못한 것에 흥미를 느껴 탐구하였다.

소수에도 여러 종류가 있다는 것을 알았다. 그리고 소수의 특징을 살펴보던 중 학교에서 배운 피타고라스를 배경으로 한 페르마의 두 제곱수 정리가 눈에 들어왔다. 이 정리를 증명하려면 라그랑주 정리를 먼저 증명해야 하고 그 정리를 증명하는 데 비둘기집 원리 등의 여러 정리가 필요했다. 나는 페르마의 두 제곱수 정리를 탐구하고 증명하는 데 어려움이 있었지만 하나씩 정리를 증명하다 보니 생각보다 금방 증명할 수 있었다. 이를 이용해 학교에서 모눈종이를 활용해 넓이가 자연수인 정사각형의 한 변의 길이를 쉽게 만들 수 있었다.",,2026-07-31T17:04:53.000Z (학생-자소서),2026-08-03 19:05:13.057869+00
ee542f55-e234-4ff0-94e2-39d69f1cee8e,E2WaX8Gu4unR8Bm,1,"‘내일은 수학왕’이라는 책에서 큐브의 경우의 수를 보았고 이를 구하는 과정이 궁금해졌다.

먼저 333 큐브를 각각 6개의 센터, 8개의 코너, 12개의 엣지 조각으로 나누어서 곱의 법칙으로 구했다. 그러나 탐구 도중 큐브에 특성에 의해 일부 경우에서는 조각의 위치가 정해지는 성질이 있다는 것을 알았고 그것을 증명하는 데 어려움을 겪었다. 하지만 포기하지 않았고 다양한 방법을 시도해 보며 문제를 해결해 나갔다. 그리고 큐브가 돌아가는 원리를 이용하여 여러 짧은 공식을 만들었다. 이 공식을 이용함으로써 큐브 평균 기록을 단축하게 할 수 있었을 뿐만 아니라 큐브를 돌리는 원리와 비슷한 지괴 문제에 많은 도움이 되었다.

소수가 간단한 정의인데 소수들의 여러 추측을 증명하지 못한 것에 흥미를 느껴 탐구하였다.

소수에도 여러 종류가 있다는 것을 알았다. 그리고 소수의 특징을 살펴보던 중 학교에서 배운 피타고라스를 배경으로 한 페르마의 두 제곱수 정리가 눈에 들어왔다. 이 정리를 증명하려면 라그랑주 정리를 먼저 증명해야 하고 그 정리를 증명하는 데 비둘기집 원리 등의 여러 정리가 필요했다. 나는 페르마의 두 제곱수 정리를 탐구하고 증명하는 데 어려움이 있었지만 하나씩 정리를 증명하다 보니 생각보다 금방 증명할 수 있었다. 이를 이용해 학교에서 모눈종이를 활용해 넓이가 자연수인 정사각형의 한 변의 길이를 쉽게 만들 수 있었다.",,2026-07-31T21:09:31.000Z (학생-자소서),2026-08-03 19:05:13.057869+00
b16b6e08-1ec1-41be-a340-5f9e04cd4e0f,E2WaX8Gu4unR8Bm,1,"‘내일은 수학왕’이라는 책에서 큐브의 경우의 수를 보았고 이를 구하는 과정이 궁금해졌다.

먼저 333 큐브를 각각 6개의 센터, 8개의 코너, 12개의 엣지 조각으로 나누어서 곱의 법칙으로 구했다. 그러나 탐구 도중 큐브에 특성에 의해 일부 경우에서는 조각의 위치가 정해지는 성질이 있다는 것을 알았고 그것을 증명하는 데 어려움을 겪었다. 하지만 포기하지 않았고 다양한 방법을 시도해 보며 문제를 해결해 나갔다. 그리고 큐브가 돌아가는 원리를 이용하여 여러 짧은 공식을 만들었다. 이 공식을 이용함으로써 큐브 평균 기록을 단축하게 할 수 있었을 뿐만 아니라 큐브를 돌리는 원리와 비슷한 지괴 문제에 많은 도움이 되었다.

소수가 간단한 정의인데 소수들의 여러 추측을 증명하지 못한 것에 흥미를 느껴 탐구하였다.

소수에도 여러 종류가 있다는 것을 알았다. 그리고 소수의 특징을 살펴보던 중 학교에서 배운 피타고라스를 배경으로 한 페르마의 두 제곱수 정리가 눈에 들어왔다. 이 정리를 증명하려면 라그랑주 정리를 먼저 증명해야 하고 그 정리를 증명하는 데 비둘기집 원리 등의 여러 정리가 필요했다. 나는 페르마의 두 제곱수 정리를 탐구하고 증명하는 데 어려움이 있었지만 하나씩 정리를 증명하다 보니 생각보다 금방 증명할 수 있었다. 이를 이용해 학교에서 모눈종이를 활용해 넓이가 자연수인 정사각형의 한 변의 길이를 쉽게 만들 수 있었다.",,2026-07-30T17:12:28.000Z (학생-자소서),2026-08-03 19:05:13.057869+00
e9b4bdfb-b0a4-4c87-9a76-3aa0bc8cd361,E2WaX8Gu4unR8Bm,1,"‘내일은 수학왕’이라는 책에서 큐브의 경우의 수를 보았고 이를 구하는 과정이 궁금해졌다.

먼저 333 큐브를 각각 6개의 센터, 8개의 코너, 12개의 엣지 조각으로 나누어서 곱의 법칙으로 구했다. 그러나 탐구 도중 큐브에 특성에 의해 일부 경우에서는 조각의 위치가 정해지는 성질이 있다는 것을 알았고 그것을 증명하는 데 어려움을 겪었다. 하지만 포기하지 않았고 다양한 방법을 시도해 보며 문제를 해결해 나갔다. 그리고 큐브가 돌아가는 원리를 이용하여 여러 짧은 공식을 만들었다. 이 공식을 이용함으로써 큐브 평균 기록을 단축하게 할 수 있었을 뿐만 아니라 큐브를 돌리는 원리와 비슷한 지괴 문제에 많은 도움이 되었다.

소수가 간단한 정의인데 소수들의 여러 추측을 증명하지 못한 것에 흥미를 느껴 탐구하였다.

소수에도 여러 종류가 있다는 것을 알았다. 그리고 소수의 특징을 살펴보던 중 학교에서 배운 피타고라스를 배경으로 한 페르마의 두 제곱수 정리가 눈에 들어왔다. 이 정리를 증명하려면 라그랑주 정리를 먼저 증명해야 하고 그 정리를 증명하는 데 비둘기집 원리 등의 여러 정리가 필요했다. 나는 페르마의 두 제곱수 정리를 탐구하고 증명하는 데 어려움이 있었지만 하나씩 정리를 증명하다 보니 생각보다 금방 증명할 수 있었다. 이를 이용해 학교에서 모눈종이를 활용해 넓이가 자연수인 정사각형의 한 변의 길이를 쉽게 만들 수 있었다.",,2026-07-30T17:16:58.000Z (학생-자소서),2026-08-03 19:05:13.057869+00
1eaf8236-bed4-472c-864b-62f44e8785cc,E2WaX8Gu4unR8Bm,1,"‘내일은 수학왕’이라는 책에서 큐브의 경우의 수를 보았고 이를 구하는 과정이 궁금해졌다.

먼저 333 큐브를 각각 6개의 센터, 8개의 코너, 12개의 엣지 조각으로 나누어서 곱의 법칙으로 구했다. 그러나 탐구 도중 큐브에 특성에 의해 일부 경우에서는 조각의 위치가 정해지는 성질이 있다는 것을 알았고 그것을 증명하는 데 어려움을 겪었다. 하지만 포기하지 않았고 다양한 방법을 시도해 보며 문제를 해결해 나갔다. 그리고 큐브가 돌아가는 원리를 이용하여 여러 짧은 공식을 만들었다. 이 공식을 이용함으로써 큐브 평균 기록을 단축하게 할 수 있었을 뿐만 아니라 큐브를 돌리는 원리와 비슷한 지괴 문제에 많은 도움이 되었다.

소수가 간단한 정의인데 소수들의 여러 추측을 증명하지 못한 것에 흥미를 느껴 탐구하였다.

소수에도 여러 종류가 있다는 것을 알았다. 그리고 소수의 특징을 살펴보던 중 학교에서 배운 피타고라스를 배경으로 한 페르마의 두 제곱수 정리가 눈에 들어왔다. 이 정리를 증명하려면 라그랑주 정리를 먼저 증명해야 하고 그 정리를 증명하는 데 비둘기집 원리 등의 여러 정리가 필요했다. 나는 페르마의 두 제곱수 정리를 탐구하고 증명하는 데 어려움이 있었지만 하나씩 정리를 증명하다 보니 생각보다 금방 증명할 수 있었다. 이를 이용해 학교에서 모눈종이를 활용해 넓이가 자연수인 정사각형의 한 변의 길이를 쉽게 만들 수 있었다.",,2026-07-31T21:32:59.000Z (학생-자소서),2026-08-03 19:05:13.057869+00
6716a3e1-6d14-4c70-9306-ad675112b3c0,E2WaX8Gu4unR8Bm,1,"‘내일은 수학왕’이라는 책에서 큐브의 경우의 수를 보았고 이를 구하는 과정이 궁금해졌다.

먼저 333 큐브를 각각 6개의 센터, 8개의 코너, 12개의 엣지 조각으로 나누어서 곱의 법칙으로 구했다. 그러나 탐구 도중 큐브에 특성에 의해 일부 경우에서는 조각의 위치가 정해지는 성질이 있다는 것을 알았고 그것을 증명하는 데 어려움을 겪었다. 하지만 포기하지 않았고 다양한 방법을 시도해 보며 문제를 해결해 나갔다. 그리고 큐브가 돌아가는 원리를 이용하여 여러 짧은 공식을 만들었다. 이 공식을 이용함으로써 큐브 평균 기록을 단축하게 할 수 있었을 뿐만 아니라 큐브를 돌리는 원리와 비슷한 지괴 문제에 많은 도움이 되었다.

소수가 간단한 정의인데 소수들의 여러 추측을 증명하지 못한 것에 흥미를 느껴 탐구하였다.

소수에도 여러 종류가 있다는 것을 알았다. 그리고 소수의 특징을 살펴보던 중 학교에서 배운 피타고라스를 배경으로 한 페르마의 두 제곱수 정리가 눈에 들어왔다. 이 정리를 증명하려면 라그랑주 정리를 먼저 증명해야 하고 그 정리를 증명하는 데 비둘기집 원리 등의 여러 정리가 필요했다. 나는 페르마의 두 제곱수 정리를 탐구하고 증명하는 데 어려움이 있었지만 하나씩 정리를 증명하다 보니 생각보다 금방 증명할 수 있었다. 이를 이용해 학교에서 모눈종이를 활용해 넓이가 자연수인 정사각형의 한 변의 길이를 쉽게 만들 수 있었다.",,2026-07-30T17:18:00.000Z (학생-자소서),2026-08-03 19:05:13.057869+00
3a77be4e-d037-4c43-b089-b6800aa18b55,E2WaX8Gu4unR8Bm,1,"‘내일은 수학왕’이라는 책에서 큐브의 경우의 수를 보았고 이를 구하는 과정이 궁금해졌다.

먼저 333 큐브를 각각 6개의 센터, 8개의 코너, 12개의 엣지 조각으로 나누어서 곱의 법칙으로 구했다. 그러나 탐구 도중 큐브에 특성에 의해 일부 경우에서는 조각의 위치가 정해지는 성질이 있다는 것을 알았고 그것을 증명하는 데 어려움을 겪었다. 하지만 포기하지 않았고 다양한 방법을 시도해 보며 문제를 해결해 나갔다. 그리고 큐브가 돌아가는 원리를 이용하여 여러 짧은 공식을 만들었다. 이 공식을 이용함으로써 큐브 평균 기록을 단축하게 할 수 있었을 뿐만 아니라 큐브를 돌리는 원리와 비슷한 지괴 문제에 많은 도움이 되었다.

소수가 간단한 정의인데 소수들의 여러 추측을 증명하지 못한 것에 흥미를 느껴 탐구하였다.

소수에도 여러 종류가 있다는 것을 알았다. 그리고 소수의 특징을 살펴보던 중 학교에서 배운 피타고라스를 배경으로 한 페르마의 두 제곱수 정리가 눈에 들어왔다. 이 정리를 증명하려면 라그랑주 정리를 먼저 증명해야 하고 그 정리를 증명하는 데 비둘기집 원리 등의 여러 정리가 필요했다. 나는 페르마의 두 제곱수 정리를 탐구하고 증명하는 데 어려움이 있었지만 하나씩 정리를 증명하다 보니 생각보다 금방 증명할 수 있었다. 이를 이용해 학교에서 모눈종이를 활용해 넓이가 자연수인 정사각형의 한 변의 길이를 쉽게 만들 수 있었다.",,2026-07-31T16:49:33.999Z (학생-자소서),2026-08-03 19:05:13.057869+00
1f1ba650-6875-45af-a5d0-83ccda70400d,E2WaX8Gu4unR8Bm,1,"‘내일은 수학왕’이라는 책에서 큐브의 경우의 수를 보았고 이를 구하는 과정이 궁금해졌다.

먼저 333 큐브를 각각 6개의 센터, 8개의 코너, 12개의 엣지 조각으로 나누어서 곱의 법칙으로 구했다. 그러나 탐구 도중 큐브에 특성에 의해 일부 경우에서는 조각의 위치가 정해지는 성질이 있다는 것을 알았고 그것을 증명하는 데 어려움을 겪었다. 하지만 포기하지 않았고 다양한 방법을 시도해 보며 문제를 해결해 나갔다. 그리고 큐브가 돌아가는 원리를 이용하여 여러 짧은 공식을 만들었다. 이 공식을 이용함으로써 큐브 평균 기록을 단축하게 할 수 있었을 뿐만 아니라 큐브를 돌리는 원리와 비슷한 지괴 문제에 많은 도움이 되었다.

소수가 간단한 정의인데 소수들의 여러 추측을 증명하지 못한 것에 흥미를 느껴 탐구하였다.

소수에도 여러 종류가 있다는 것을 알았다. 그리고 소수의 특징을 살펴보던 중 학교에서 배운 피타고라스를 배경으로 한 페르마의 두 제곱수 정리가 눈에 들어왔다. 이 정리를 증명하려면 라그랑주 정리를 먼저 증명해야 하고 그 정리를 증명하는 데 비둘기집 원리 등의 여러 정리가 필요했다. 나는 페르마의 두 제곱수 정리를 탐구하고 증명하는 데 어려움이 있었지만 하나씩 정리를 증명하다 보니 생각보다 금방 증명할 수 있었다. 이를 이용해 학교에서 모눈종이를 활용해 넓이가 자연수인 정사각형의 한 변의 길이를 쉽게 만들 수 있었다.",,2026-08-03T23:52:58.000Z (학생-자소서),2026-08-03 19:05:13.057869+00
53ccf932-78fb-4fcf-8966-401a9a2a5c3d,gkYc5vJT4eqL,1,"저의 진로희망은 우주공학자입니다.
저는 중학교 2학년 과학과목의 천문단원을 공부하던 중 “우주가 팽창 중이다”라는 한 줄 내용을 보고, 왜? 우주가 팽창하는지 호기심이 생겼고 우주팽창하는 것을 어떻게 알게되었을까 궁금했습니다. 그래서, 과학동영상을 찾아보다 도플러 효과에 대해 알게되었는데 도플러 효과는 “파원의 멀어짐과 가까워짐에 따라 주파수가 달라지는 현상”으로 이 도플러 효과를 적용하면, 은하에서 나온 파원으로 별의 이동방향을 추론할 수 있다는 것을 알게되었습니다. 우주에 대해 더 궁금해지고 조금씩 알아갈수록 어릴적 보았던 누리호 발사장면도 생각이 나면서 우주공하에 대해 관심을 가지게 되었고 우주공학자가 되는 것이 저의 진로가 되었습니다.
제가 경기 북과학고에 진학하게 된다면, 공통관심사가 있는 친구와 선생님의 지도에 따라 천문, 우주에 대한 연구과제를 수행하고 싶습니다. 또, 과학동아리 “천체관측반”에서도 활동하고 싶습니다.",,2026-08-04T01:54:39.000Z (학생-자소서),2026-08-03 19:05:13.057869+00
ce96af19-b57a-4f2a-8164-0158f8bd878d,gkYc5vJT4eqL,1,"저의 진로희망은 우주공학자입니다.
저는 중학교 2학년 과학과목의 천문단원을 공부하던 중 “우주가 팽창 중이다”라는 한 줄 내용을 보고, 왜? 우주가 팽창하는지 호기심이 생겼고 우주팽창하는 것을 어떻게 알게되었을까 궁금했습니다. 그래서, 과학동영상을 찾아보다 도플러 효과에 대해 알게되었는데 도플러 효과는 “파원의 멀어짐과 가까워짐에 따라 주파수가 달라지는 현상”으로 이 도플러 효과를 적용하면, 은하에서 나온 파원으로 별의 이동방향을 추론할 수 있다는 것을 알게되었습니다. 우주에 대해 더 궁금해지고 조금씩 알아갈수록 어릴적 보았던 누리호 발사장면도 생각이 나면서 우주공하에 대해 관심을 가지게 되었고 우주공학자가 되는 것이 저의 진로가 되었습니다.
제가 경기 북과학고에 진학하게 된다면, 공통관심사가 있는 친구와 선생님의 지도에 따라 천문, 우주에 대한 연구과제를 수행하고 싶습니다. 또, 과학동아리 “천체관측반”에서도 활동하고 싶습니다.",,2026-08-04T01:55:12.000Z (학생-자소서),2026-08-03 19:05:13.057869+00
8bc06e5c-9419-4fec-941d-db8c4af89b1c,gkYc5vJT4eqL,1,"저의 진로희망은 우주공학자입니다.
저는 중학교 2학년 과학과목의 천문단원을 공부하던 중 “우주가 팽창 중이다”라는 한 줄 내용을 보고, 왜? 우주가 팽창하는지 호기심이 생겼고 우주팽창하는 것을 어떻게 알게되었을까 궁금했습니다. 그래서, 과학동영상을 찾아보다 도플러 효과에 대해 알게되었는데 도플러 효과는 “파원의 멀어짐과 가까워짐에 따라 주파수가 달라지는 현상”으로 이 도플러 효과를 적용하면, 은하에서 나온 파원으로 별의 이동방향을 추론할 수 있다는 것을 알게되었습니다. 우주에 대해 더 궁금해지고 조금씩 알아갈수록 어릴적 보았던 누리호 발사장면도 생각이 나면서 우주공하에 대해 관심을 가지게 되었고 우주공학자가 되는 것이 저의 진로가 되었습니다.
제가 경기 북과학고에 진학하게 된다면, 공통관심사가 있는 친구와 선생님의 지도에 따라 천문, 우주에 대한 연구과제를 수행하고 싶습니다. 또, 과학동아리 “천체관측반”에서도 활동하고 싶습니다.","저의 진로희망은 우주공학자입니다.
중학교 2학년 과학수업 중 “우주가 팽창 중이다”라는 한 줄 내용을 보고, 우주팽창하는 것을 어떻게 알게되었을까 궁금해 탐구해보았습니다. 이 과정에서 파원의 운동에 따라 주파수가 변하는 도플러 효과를 이해하고, 먼 은하 스펙트럼의 적색편이를 통해 우주 팽창을 설명할 수 있음을 알게 되었습니다. 우주를 알아갈 수록 미지의 영역을 개척하는 기술에 관심이 깊어졌고,  어렸을 때 화면으로만 접하던 누리호 발사를 제3자가 아닌 직접 주도하는 사람이 되고 싶다는 꿈이 구체화 되었습니다.
이에 경기북과학고등학교에 진학 후 천체관측반 활동으로 우주 현상을 직접 관측하고, 우주탐사 시스템 및 천문학 분야 연구 과제를 수행하며 꿈을 향한 학문적 기반을 튼튼히 다지겠습니다.",2026-08-04T01:07:23.999Z (학생-자소서),2026-08-03 19:05:13.057869+00
3e51a6d4-bd29-4eb7-b6bb-25f8045fd6b0,gkYc5vJT4eqL,1,"저의 진로희망은 우주공학자입니다.
저는 중학교 2학년 과학과목의 천문단원을 공부하던 중 “우주가 팽창 중이다”라는 한 줄 내용을 보고, 왜? 우주가 팽창하는지 호기심이 생겼고 우주팽창하는 것을 어떻게 알게되었을까 궁금했습니다. 그래서, 과학동영상을 찾아보다 도플러 효과에 대해 알게되었는데 도플러 효과는 “파원의 멀어짐과 가까워짐에 따라 주파수가 달라지는 현상”으로 이 도플러 효과를 적용하면, 은하에서 나온 파원으로 별의 이동방향을 추론할 수 있다는 것을 알게되었습니다. 우주에 대해 더 궁금해지고 조금씩 알아갈수록 어릴적 보았던 누리호 발사장면도 생각이 나면서 우주공하에 대해 관심을 가지게 되었고 우주공학자가 되는 것이 저의 진로가 되었습니다.
제가 경기 북과학고에 진학하게 된다면, 공통관심사가 있는 친구와 선생님의 지도에 따라 천문, 우주에 대한 연구과제를 수행하고 싶습니다. 또, 과학동아리 “천체관측반”에서도 활동하고 싶습니다.",,2026-08-04T01:56:08.000Z (학생-자소서),2026-08-03 19:05:13.057869+00
b16056a6-53a4-48c7-8cf5-6adf2d3b083f,gkYc5vJT4eqL,1,"저의 진로희망은 우주공학자입니다.
저는 중학교 2학년 과학과목의 천문단원을 공부하던 중 “우주가 팽창 중이다”라는 한 줄 내용을 보고, 왜? 우주가 팽창하는지 호기심이 생겼고 우주팽창하는 것을 어떻게 알게되었을까 궁금했습니다. 그래서, 과학동영상을 찾아보다 도플러 효과에 대해 알게되었는데 도플러 효과는 “파원의 멀어짐과 가까워짐에 따라 주파수가 달라지는 현상”으로 이 도플러 효과를 적용하면, 은하에서 나온 파원으로 별의 이동방향을 추론할 수 있다는 것을 알게되었습니다. 우주에 대해 더 궁금해지고 조금씩 알아갈수록 어릴적 보았던 누리호 발사장면도 생각이 나면서 우주공하에 대해 관심을 가지게 되었고 우주공학자가 되는 것이 저의 진로가 되었습니다.
제가 경기 북과학고에 진학하게 된다면, 공통관심사가 있는 친구와 선생님의 지도에 따라 천문, 우주에 대한 연구과제를 수행하고 싶습니다. 또, 과학동아리 “천체관측반”에서도 활동하고 싶습니다.",,2026-08-04T01:50:10.000Z (학생-자소서),2026-08-03 19:05:13.057869+00
04942a10-7eaa-4ac9-b31a-0f54c568373d,9ce26e5a33b8412,2,,,최신,2026-08-03 19:05:13.057869+00
47ef2e9a-1dda-4469-ad09-7acfa48173e1,E2WaX8Gu4unR8Bm,2,"과학 탐구 토론 대회에서 교통 소음 방지용 시설물 설치에 대한 찬반 토론을 하였다. (모둠 2)

나는 반대의견이었다. 반대 의견을 조사해 보니 방음벽이 여러 부작용이 있다는 것을 알게 되었다. 통풍을 침해하고 조류들이 방음벽에 충돌하여 사망하는 안타까운 사건도 심심치 않게 발생해 나에게 충격을 안겨주게 되었다. 또한 화재에 취약해 안전에 위협이 된다는 사실도 알게 되었다. 해결 방안으로 자연 친화적인 방음벽을 생각해 보았다. 하지만 공간이 커야 하고 화재에 취약하다는 단점이 있었다. 다시 해결 방안을 찾아보니 커피 원두의 찌꺼기로 만들어진 커피 벽돌을 생각해 보았다. 다만 커피 벽돌은 화재에  점토와 섞으면 화재에 강해지게 되고 재활용이나 재사용이 가능하기에 해결방안으로 생각해 보았다. 나는 이 토론을 통해 인간이 편해서 지은 것들도 자연에서 여러 부작용이 있다는 것을 다시 한번 느끼게 되는 계기가 되었다.

우주에 대해 호기심을 가지다가 라그랑주 점에 대해 탐구하게 되었고 친구들에게 발표하였다.

라그랑주점을 알아보니 이점 중에서 에너지 효율이 좋다는 것을 보고 미래에 큰 도움이 될 것이라고 생각하였다. 라그랑주점이 5개로 나뉜다는 것을 알았고 L2라는 점을 한번 계산하였다. 이를 계산하기 위해서는 원심력과 만유인력 공식을 알아야 했는데 미리 선행을 해놓아서 원활하게 계산할 수 있었다. 그리고 계산하던 중 식이 더 이상 정리가 안 되었다. 이 부분에서 어려움을 겪었고 이를 해결하기 위해 방법을 찾아보니 이항 근사라는 새로운 개념을 적용해야 하는 것을 알았다. 이항 근사식을 유도하려면 이항정리를 알아야 한다는 것을 알았고 식을 전개하는 과정으로부터 온다는 것을 알았다. 이를 이용하여 이항 근사식을 유도하고 계산을 해보니 L2 지점을 유도해 낼 수 있었다. 그리고 그곳에는 실제로 제임스 웹 만원경이 있다는 것을 알았고 여러 이점을 이유로 L2에 있다는 것도 알았다. 그리고 미래에는 우주정거장, 인공 행성 등 라그랑주점을 많이 이용할 거라 예상했다. 이 탐구는 나에게 우주에 대한 호기심과 시야를 확장하는 데 도움이 되었고 더 우주에 대해 이해할 수 있는 계기가 되었다.

단일 슬릿에 대해 탐구하고 실험하며 빛의 파장을 계산해 보았다. (모둠 3)

빛을 주제로 공부해 보다가 단일 슬릿에 대해 알게 되었는데 빛을 쐈을 때 생기는 회절 무늬가 너무 신기해서 탐구하고 실험해 보았다. 먼저 밝고 어두운 무늬가 생기는 것은 빛의 광로차에 의해 생기는 사실을 알았고 직접 파장을 구하는 식을 유도해 보았다. 그리고 직접 실험하여 실험에 사용한 레이저의 파장을 계산하려고 하였다. 그런데 실험할 작은 슬릿을 구하기 어려웠다. 그래서 찾아보니 바비네의 원리에 의해 구멍이 막혀있어도 구멍이 있을 때와 동일한 회절 무늬가 나타난다는 사실을 알고 샤프심으로 실험하였다. 하지만 이번엔 회절 무늬가 명확하게 보이지 않았다. 이를 해결하기 위해 스크린과 샤프심 사이의 거리를 늘리고 레이저와 샤프심의 거리를 줄이니 잘 보였다. 회절 무늬의 간격을 잰 후 파장을 계산해 보니 약 416.7nm가 나왔다. 하지만 실제 레이저의 파장은 약 640nm이며 230nm의 오차가 났다. 오차의 원인을 분석해 보니 공기의 방해와 정확하지 않은 무늬의 경계 등을 찾을 수 있었다. 이 실험에서 모둠원과의 소통을 통해 오차의 원인을 생각하고 수정해 가며 더 정확한 값을 도출해 낼 수 있었다.",,2026-07-31T21:32:59.000Z (학생-자소서),2026-08-03 19:05:13.057869+00
a7874f9a-5e04-4a9a-8135-c940d51b720b,E2WaX8Gu4unR8Bm,2,"과학 탐구 토론 대회에서 교통 소음 방지용 시설물 설치에 대한 찬반 토론을 하였다. (모둠 2)

나는 반대의견이었다. 반대 의견을 조사해 보니 방음벽이 여러 부작용이 있다는 것을 알게 되었다. 통풍을 침해하고 조류들이 방음벽에 충돌하여 사망하는 안타까운 사건도 심심치 않게 발생해 나에게 충격을 안겨주게 되었다. 또한 화재에 취약해 안전에 위협이 된다는 사실도 알게 되었다. 해결 방안으로 자연 친화적인 방음벽을 생각해 보았다. 하지만 공간이 커야 하고 화재에 취약하다는 단점이 있었다. 다시 해결 방안을 찾아보니 커피 원두의 찌꺼기로 만들어진 커피 벽돌을 생각해 보았다. 다만 커피 벽돌은 화재에  점토와 섞으면 화재에 강해지게 되고 재활용이나 재사용이 가능하기에 해결방안으로 생각해 보았다. 나는 이 토론을 통해 인간이 편해서 지은 것들도 자연에서 여러 부작용이 있다는 것을 다시 한번 느끼게 되는 계기가 되었다.

우주에 대해 호기심을 가지다가 라그랑주 점에 대해 탐구하게 되었고 친구들에게 발표하였다.

라그랑주점을 알아보니 이점 중에서 에너지 효율이 좋다는 것을 보고 미래에 큰 도움이 될 것이라고 생각하였다. 라그랑주점이 5개로 나뉜다는 것을 알았고 L2라는 점을 한번 계산하였다. 이를 계산하기 위해서는 원심력과 만유인력 공식을 알아야 했는데 미리 선행을 해놓아서 원활하게 계산할 수 있었다. 그리고 계산하던 중 식이 더 이상 정리가 안 되었다. 이 부분에서 어려움을 겪었고 이를 해결하기 위해 방법을 찾아보니 이항 근사라는 새로운 개념을 적용해야 하는 것을 알았다. 이항 근사식을 유도하려면 이항정리를 알아야 한다는 것을 알았고 식을 전개하는 과정으로부터 온다는 것을 알았다. 이를 이용하여 이항 근사식을 유도하고 계산을 해보니 L2 지점을 유도해 낼 수 있었다. 그리고 그곳에는 실제로 제임스 웹 만원경이 있다는 것을 알았고 여러 이점을 이유로 L2에 있다는 것도 알았다. 그리고 미래에는 우주정거장, 인공 행성 등 라그랑주점을 많이 이용할 거라 예상했다. 이 탐구는 나에게 우주에 대한 호기심과 시야를 확장하는 데 도움이 되었고 더 우주에 대해 이해할 수 있는 계기가 되었다.

단일 슬릿에 대해 탐구하고 실험하며 빛의 파장을 계산해 보았다. (모둠 3)

",,2026-07-31T17:04:53.000Z (학생-자소서),2026-08-03 19:05:13.057869+00
4eacdf4c-32ee-4d94-aadd-aa40d01aa3fd,E2WaX8Gu4unR8Bm,2,"과학 탐구 토론 대회에서 교통 소음 방지용 시설물 설치에 대한 찬반 토론을 하였다. (모둠 2)

나는 반대의견이었다. 반대 의견을 조사해 보니 방음벽이 여러 부작용이 있다는 것을 알게 되었다. 통풍을 침해하고 조류들이 방음벽에 충돌하여 사망하는 안타까운 사건도 심심치 않게 발생해 나에게 충격을 안겨주게 되었다. 또한 화재에 취약해 안전에 위협이 된다는 사실도 알게 되었다. 해결 방안으로 자연 친화적인 방음벽을 생각해 보았다. 하지만 공간이 커야 하고 화재에 취약하다는 단점이 있었다. 다시 해결 방안을 찾아보니 커피 원두의 찌꺼기로 만들어진 커피 벽돌을 생각해 보았다. 다만 커피 벽돌은 화재에  점토와 섞으면 화재에 강해지게 되고 재활용이나 재사용이 가능하기에 해결방안으로 생각해 보았다. 나는 이 토론을 통해 인간이 편해서 지은 것들도 자연에서 여러 부작용이 있다는 것을 다시 한번 느끼게 되는 계기가 되었다.

우주에 대해 호기심을 가지다가 라그랑주 점에 대해 탐구하게 되었고 친구들에게 발표하였다.

라그랑주 점을 알아보니 이점 중에서 에너지 효율이 좋다는 것을 보고 미래에 큰 도움이 될 것이라고 생각하였다. 라그랑주 점이 5개로 나뉜다는 것을 알았고 L2라는 점을 한번 계산하였다. 이를 계산하기 위해서는 원심력과 만류인력 공식을 알아야 했는데 미리 선행을 해놓아서 원활하게 계산할 수 있었다. 그리고 계산을 하던 중 식이 더이상 정리가 안 되었다. 이 부분에서 어려움을 겪었고 이를 해결하기 위해 방법을 찾아보니 이항근사라는 새로운 개념을 적용해야 하는 것을 알았다. 이항근사식을 유도하려면 이항정리를 알아야 한다는 것을 알았고 이는 식을 전개하는 과정으로부터 온다는 것을 알았다. 이를 이용하여 이항 근사식을 유도하고 계산을 해보니 L2지점을 유도해 낼 수 있었다. 

",,2026-07-31T16:49:33.999Z (학생-자소서),2026-08-03 19:05:13.057869+00
c32b7c29-01ea-4672-a7fc-929e3464fe04,E2WaX8Gu4unR8Bm,2,"과학 탐구 토론 대회에서 교통 소음 방지용 시설물 설치에 대한 찬반 토론을 하였다. (모둠 2)

나는 반대의견이었다. 반대 의견을 조사해 보니 방음벽이 여러 부작용이 있다는 것을 알게 되었다. 통풍을 침해하고 조류들이 방음벽에 충돌하여 사망하는 안타까운 사건도 심심치 않게 발생해 나에게 충격을 안겨주게 되었다. 또한 화재에 취약해 안전에 위협이 된다는 사실도 알게 되었다. 해결 방안으로 자연 친화적인 방음벽을 생각해 보았다. 하지만 공간이 커야 하고 화재에 취약하다는 단점이 있었다. 다시 해결 방안을 찾아보니 커피 원두의 찌꺼기로 만들어진 커피 벽돌을 생각해 보았다. 다만 커피 벽돌은 화재에  점토와 섞으면 화재에 강해지게 되고 재활용이나 재사용이 가능하기에 해결방안으로 생각해 보았다. 나는 이 토론을 통해 인간이 편해서 지은 것들도 자연에서 여러 부작용이 있다는 것을 다시 한번 느끼게 되는 계기가 되었다.

",,2026-07-31T03:23:41.000Z (학생-자소서),2026-08-03 19:05:13.057869+00
13105bb5-1573-4fd0-98db-73308a7164e4,E2WaX8Gu4unR8Bm,2,"과학 탐구 토론 대회에서 교통 소음 방지용 시설물 설치에 대한 찬반 토론을 하였다. (모둠 2)

나는 반대의견이었다. 반대 의견을 조사해 보니 방음벽이 여러 부작용이 있다는 것을 알게 되었다. 통풍을 침해하고 조류들이 방음벽에 충돌하여 사망하는 안타까운 사건도 심심치 않게 발생해 나에게 충격을 안겨주게 되었다. 또한 화재에 취약해 안전에 위협이 된다는 사실도 알게 되었다. 해결 방안으로 자연 친화적인 방음벽을 생각해 보았다. 하지만 공간이 커야 하고 화재에 취약하다는 단점이 있었다. 다시 해결 방안을 찾아보니 커피 원두의 찌꺼기로 만들어진 커피 벽돌을 생각해 보았다. 다만 커피 벽돌은 화재에  점토와 섞으면 화재에 강해지게 되고 재활용이나 재사용이 가능하기에 해결방안으로 생각해 보았다. 나는 이 토론을 통해 인간이 편해서 지은 것들도 자연에서 여러 부작용이 있다는 것을 다시 한번 느끼게 되는 계기가 되었다.

우주에 대해 호기심을 가지다가 라그랑주 점에 대해 탐구하게 되었고 친구들에게 발표하였다.

라그랑주점을 알아보니 이점 중에서 에너지 효율이 좋다는 것을 보고 미래에 큰 도움이 될 것이라고 생각하였다. 라그랑주점이 5개로 나뉜다는 것을 알았고 L2라는 점을 한번 계산하였다. 이를 계산하기 위해서는 원심력과 만유인력 공식을 알아야 했는데 미리 선행을 해놓아서 원활하게 계산할 수 있었다. 그리고 계산하던 중 식이 더 이상 정리가 안 되었다. 이 부분에서 어려움을 겪었고 이를 해결하기 위해 방법을 찾아보니 이항 근사라는 새로운 개념을 적용해야 하는 것을 알았다. 이항 근사식을 유도하려면 이항정리를 알아야 한다는 것을 알았고 식을 전개하는 과정으로부터 온다는 것을 알았다. 이를 이용하여 이항 근사식을 유도하고 계산을 해보니 L2 지점을 유도해 낼 수 있었다. 그리고 그곳에는 실제로 제임스 웹 만원경이 있다는 것을 알았고 여러 이점을 이유로 L2에 있다는 것도 알았다. 그리고 미래에는 우주정거장, 인공 행성 등 라그랑주점을 많이 이용할 거라 예상했다. 이 탐구는 나에게 우주에 대한 호기심과 시야를 확장하는 데 도움이 되었고 더 우주에 대해 이해할 수 있는 계기가 되었다.

단일 슬릿에 대해 탐구하고 실험하며 빛의 파장을 계산해 보았다. (모둠 3)

빛에 대해 공부해보다가 단일 슬릿에 대해 알게 되었는데 빛을 쐈을 때 생기는 회절 무늬가 너무 신기해서 탐구하고 실험해 보았다. ",,2026-07-31T21:09:31.000Z (학생-자소서),2026-08-03 19:05:13.057869+00
2555ea75-b7e5-495c-9c3f-de37affcea30,E2WaX8Gu4unR8Bm,2,"방음벽 부작용에 대한 문제의식과 친환경 방음벽의 단점을 해결하기 위한 커피벽돌 방음벽 고안 (모둠 2)

나는 반대의견이었다. 반대 의견을 조사해 보니 방음벽이 여러 부작용이 있다는 것을 알게 되었다. 통풍을 침해하고 조류들이 방음벽에 충돌하여 사망하는 안타까운 사건도 심심치 않게 발생해 나에게 충격을 안겨주게 되었다. 또한 화재에 취약해 안전에 위협이 된다는 사실도 알게 되었다. 해결 방안으로 자연 친화적인 방음벽을 생각해 보았다. 하지만 공간이 커야 하고 화재에 취약하다는 단점이 있었다. 다시 해결 방안을 찾아보니 커피 원두의 찌꺼기로 만들어진 커피 벽돌을 생각해 보았다. 다만 커피 벽돌은 화재에  점토와 섞으면 화재에 강해지게 되고 재활용이나 재사용이 가능하기에 해결방안으로 생각해 보았다. 나는 이 토론을 통해 인간이 편해서 지은 것들도 자연에서 여러 부작용이 있다는 것을 다시 한번 느끼게 되는 계기가 되었다.

물리 공식과 이항정리 기반 L2 라그랑주점 위치 계산 및 제임스 웹 우주망원경의 이점 탐구

라그랑주점을 알아보니 이점 중에서 에너지 효율이 좋다는 것을 보고 미래에 큰 도움이 될 것이라고 생각하였다. 라그랑주점이 5개로 나뉜다는 것을 알았고 L2라는 점을 한번 계산하였다. 이를 계산하기 위해서는 원심력과 만유인력 공식을 알아야 했는데 미리 선행을 해놓아서 원활하게 계산할 수 있었다. 그리고 계산하던 중 식이 더 이상 정리가 안 되었다. 이 부분에서 어려움을 겪었고 이를 해결하기 위해 방법을 찾아보니 이항 근사라는 새로운 개념을 적용해야 하는 것을 알았다. 이항 근사식을 유도하려면 이항정리를 알아야 한다는 것을 알았고 식을 전개하는 과정으로부터 온다는 것을 알았다. 이를 이용하여 이항 근사식을 유도하고 계산을 해보니 L2 지점을 유도해 낼 수 있었다. 그리고 그곳에는 실제로 제임스 웹 만원경이 있다는 것을 알았고 여러 이점을 이유로 L2에 있다는 것도 알았다. 그리고 미래에는 우주정거장, 인공 행성 등 라그랑주점을 많이 이용할 거라 예상했다. 이 탐구는 나에게 우주에 대한 호기심과 시야를 확장하는 데 도움이 되었고 더 우주에 대해 이해할 수 있는 계기가 되었다.

단일 슬릿에 대해 탐구하고 실험하며 빛의 파장을 계산해 보았다. (모둠 3)

빛을 주제로 공부해 보다가 단일 슬릿에 대해 알게 되었는데 빛을 쐈을 때 생기는 회절 무늬가 너무 신기해서 탐구하고 실험해 보았다. 먼저 밝고 어두운 무늬가 생기는 것은 빛의 광로차에 의해 생기는 사실을 알았고 직접 파장을 구하는 식을 유도해 보았다. 그리고 직접 실험하여 실험에 사용한 레이저의 파장을 계산하려고 하였다. 그런데 실험할 작은 슬릿을 구하기 어려웠다. 그래서 찾아보니 바비네의 원리에 의해 구멍이 막혀있어도 구멍이 있을 때와 동일한 회절 무늬가 나타난다는 사실을 알고 샤프심으로 실험하였다. 하지만 이번엔 회절 무늬가 명확하게 보이지 않았다. 이를 해결하기 위해 스크린과 샤프심 사이의 거리를 늘리고 레이저와 샤프심의 거리를 줄이니 잘 보였다. 줄자를 스크린에 접촉시킨 후 약한 빛에 카메라로 찍어 회절 무늬의 간격을 잰 후 파장을 계산해 보니 약 416.7nm가 나왔다. 하지만 실제 레이저의 파장은 약 640nm이며 230nm의 오차가 났다. 오차의 원인을 분석해 보니 공기의 방해와 정확하지 않은 무늬의 경계 등을 찾을 수 있었다. 이 실험에서 모둠원과의 소통을 통해 오차의 원인을 생각하고 수정해 가며 더 정확한 값을 도출해 낼 수 있었다.",,2026-08-03T23:52:58.000Z (학생-자소서),2026-08-03 19:05:13.057869+00
93da6319-6269-44dc-bb5e-219e6dc64922,E2WaX8Gu4unR8Bm,2,,"주제1

제목
방음벽 부작용에 대한 문제의식과 친환경 방음벽의 단점을 해결하기 위한 커피벽돌 방음벽 고안

1) 이 활동을 통해 배우고 적용한 사례 제시 

주제2

물리 공식과 이항정리 기반 L2 라그랑주점 위치 계산 및 제임스 웹 우주망원경의 이점 탐구

1) 이 활동을 통해 배우고 적용한 사례 제시 

주제3

1) 오차의 원인에 대한 정량적 분석이 필요함.
2) 계산방법에 대한 제시가 없음",2026-08-03T21:28:29.000Z (선생님-피드백),2026-08-03 19:05:13.057869+00
d69d0fa3-f717-4a78-b208-378736ec21d4,E2WaX8Gu4unR8Bm,2,"방음벽 부작용에 대한 문제의식과 친환경 방음벽의 단점을 해결하기 위한 커피벽돌 방음벽 고안 (모둠 2)

나는 반대의견이었다. 반대 의견을 조사해 보니 방음벽이 여러 부작용이 있다는 것을 알게 되었다. 통풍을 침해하고 조류들이 방음벽에 충돌하여 사망하는 안타까운 사건도 심심치 않게 발생해 나에게 충격을 안겨주게 되었다. 또한 화재에 취약해 안전에 위협이 된다는 사실도 알게 되었다. 해결 방안으로 자연 친화적인 방음벽을 생각해 보았다. 하지만 공간이 커야 하고 화재에 취약하다는 단점이 있었다. 다시 해결 방안을 찾아보니 커피 원두의 찌꺼기로 만들어진 커피 벽돌을 생각해 보았다. 다만 커피 벽돌은 화재에  점토와 섞으면 화재에 강해지게 되고 재활용이나 재사용이 가능하기에 해결방안으로 생각해 보았다. 나는 이 토론을 통해 인간이 편해서 지은 것들도 자연에서 여러 부작용이 있다는 것을 다시 한번 느끼게 되는 계기가 되었다.

물리 공식과 이항정리 기반 L2 라그랑주점 위치 계산 및 제임스 웹 우주망원경의 이점 탐구

라그랑주점을 알아보니 이점 중에서 에너지 효율이 좋다는 것을 보고 미래에 큰 도움이 될 것이라고 생각하였다. 라그랑주점이 5개로 나뉜다는 것을 알았고 L2라는 점을 한번 계산하였다. 이를 계산하기 위해서는 원심력과 만유인력 공식을 알아야 했는데 미리 선행을 해놓아서 원활하게 계산할 수 있었다. 그리고 계산하던 중 식이 더 이상 정리가 안 되었다. 이 부분에서 어려움을 겪었고 이를 해결하기 위해 방법을 찾아보니 이항 근사라는 새로운 개념을 적용해야 하는 것을 알았다. 이항 근사식을 유도하려면 이항정리를 알아야 한다는 것을 알았고 식을 전개하는 과정으로부터 온다는 것을 알았다. 이를 이용하여 이항 근사식을 유도하고 계산을 해보니 L2 지점을 유도해 낼 수 있었다. 그리고 그곳에는 실제로 제임스 웹 만원경이 있다는 것을 알았고 여러 이점을 이유로 L2에 있다는 것도 알았다. 그리고 미래에는 우주정거장, 인공 행성 등 라그랑주점을 많이 이용할 거라 예상했다. 이 탐구는 나에게 우주에 대한 호기심과 시야를 확장하는 데 도움이 되었고 더 우주에 대해 이해할 수 있는 계기가 되었다.

단일 슬릿에 대해 탐구하고 실험하며 빛의 파장을 계산해 보았다. (모둠 3)

빛을 주제로 공부해 보다가 단일 슬릿에 대해 알게 되었는데 빛을 쐈을 때 생기는 회절 무늬가 너무 신기해서 탐구하고 실험해 보았다. 먼저 밝고 어두운 무늬가 생기는 것은 빛의 광로차에 의해 생기는 사실을 알았고 직접 파장을 구하는 식을 유도해 보았다. 그리고 직접 실험하여 실험에 사용한 레이저의 파장을 계산하려고 하였다. 그런데 실험할 작은 슬릿을 구하기 어려웠다. 그래서 찾아보니 바비네의 원리에 의해 구멍이 막혀있어도 구멍이 있을 때와 동일한 회절 무늬가 나타난다는 사실을 알고 샤프심으로 실험하였다. 하지만 이번엔 회절 무늬가 명확하게 보이지 않았다. 이를 해결하기 위해 스크린과 샤프심 사이의 거리를 늘리고 레이저와 샤프심의 거리를 줄이니 잘 보였다. 줄자를 스크린에 접촉시킨 후 약한 빛에 카메라로 찍어 회절 무늬의 간격을 잰 후 파장을 계산해 보니 약 416.7nm가 나왔다. 하지만 실제 레이저의 파장은 약 640nm이며 230nm의 오차가 났다. 오차의 원인을 분석해 보니 공기의 방해와 정확하지 않은 무늬의 경계 등을 찾을 수 있었다. 이 실험에서 모둠원과의 소통을 통해 오차의 원인을 생각하고 수정해 가며 더 정확한 값을 도출해 낼 수 있었다.","주제1

제목
방음벽 부작용에 대한 문제의식과 친환경 방음벽의 단점을 해결하기 위한 커피벽돌 방음벽 고안

1) 이 활동을 통해 배우고 적용한 사례 제시 

주제2

물리 공식과 이항정리 기반 L2 라그랑주점 위치 계산 및 제임스 웹 우주망원경의 이점 탐구

1) 이 활동을 통해 배우고 적용한 사례 제시 

주제3

1) 오차의 원인에 대한 정량적 분석이 필요함.
2) 계산방법에 대한 제시가 없음",최신,2026-08-03 19:05:13.057869+00
104b1e65-387e-4ea5-8e73-d225fa176c33,E2WaX8Gu4unR8Bm,2,"과학 탐구 토론 대회에서 교통 소음 방지용 시설물 설치에 대한 찬반 토론을 하였다. (모둠 2)

나는 반대의견이었다. 반대 의견을 조사해 보니 방음벽이 여러 부작용이 있다는 것을 알게 되었다. 통풍을 침해하고 조류들이 방음벽에 충돌하여 사망하는 안타까운 사건도 심심치 않게 발생해 나에게 충격을 안겨주게 되었다. 또한 화재에 취약해 안전에 위협이 된다는 사실도 알게 되었다. 해결 방안으로 자연 친화적인 방음벽을 생각해 보았다. 하지만 공간이 커야 하고 화재에 취약하다는 단점이 있었다. 다시 해결 방안을 찾아보니 커피 원두의 찌꺼기로 만들어진 커피 벽돌을 생각해 보았다. 다만 커피 벽돌은 화재에  점토와 섞으면 화재에 강해지게 되고 재활용이나 재사용이 가능하기에 해결방안으로 생각해 보았다. 나는 이 토론을 통해 인간이 편해서 지은 것들도 자연에서 여러 부작용이 있다는 것을 다시 한번 느끼게 되는 계기가 되었다.

우주에 대해 호기심을 가지다가 라그랑주 점에 대해 탐구하게 되었고 친구들에게 발표하였다.

라그랑주점을 알아보니 이점 중에서 에너지 효율이 좋다는 것을 보고 미래에 큰 도움이 될 것이라고 생각하였다. 라그랑주점이 5개로 나뉜다는 것을 알았고 L2라는 점을 한번 계산하였다. 이를 계산하기 위해서는 원심력과 만유인력 공식을 알아야 했는데 미리 선행을 해놓아서 원활하게 계산할 수 있었다. 그리고 계산하던 중 식이 더 이상 정리가 안 되었다. 이 부분에서 어려움을 겪었고 이를 해결하기 위해 방법을 찾아보니 이항 근사라는 새로운 개념을 적용해야 하는 것을 알았다. 이항 근사식을 유도하려면 이항정리를 알아야 한다는 것을 알았고 식을 전개하는 과정으로부터 온다는 것을 알았다. 이를 이용하여 이항 근사식을 유도하고 계산을 해보니 L2 지점을 유도해 낼 수 있었다. 그리고 그곳에는 실제로 제임스 웹 만원경이 있다는 것을 알았고 여러 이점을 이유로 L2에 있다는 것도 알았다. 그리고 미래에는 우주정거장, 인공 행성 등 라그랑주점을 많이 이용할 거라 예상했다. 이 탐구는 나에게 우주에 대한 호기심과 시야를 확장하는 데 도움이 되었고 더 우주에 대해 이해할 수 있는 계기가 되었다.

",,2026-07-31T16:57:13.000Z (학생-자소서),2026-08-03 19:05:13.057869+00
234a9ec2-c5f4-4fbd-bcd6-c78beb0b9946,gkYc5vJT4eqL,2,"의미있었던 활동
알지오매스라는 프로그램을 쓰면서 함수를 그래프로 시각화하여 기하적 모양을 연구하는 활동을 하였다.
의미 : 알지오매스라는 프로그램을 가지고 놀면서 함수의 식에 절댓값이 있다면 그래프 모양은 어떻게 될까? 궁금하게 되었다. 
1. 절댓값 안에 우변의 모든 항이 들어가 있는 경우 
 - 처음에는 y=x−4의 그래프를 그린 뒤 절댓값을 적용한 y=∣x−4∣를 비교하였다. 절댓값은 음수인 함수값만 x축에 대해 대칭으로 뒤집는다는 점을 확인, 이 때문에 v모양이 만들어짐을 알 수 있었음.
2. 절댓값 안에 우변의 일부분이 들어가 있는 경우
 - 처음에는 y=∣x∣의 그래프를 관찰. 이후 y=∣x−1∣, y=∣x−2∣+3, y=∣x+1∣−2 등으로 식을 변형하면서 그래프의 변화를 비교. 그 결과 절댓값 내부의 상수는 그래프의 좌우 이동을, 절댓값 밖의 상수는 상하 이동을 결정, 꼭짓점은 항상 (a,b), 대칭축은 x=a가 된다는 규칙을 발견. 
(일차함수 기준)",,2026-08-04T01:55:12.000Z (학생-자소서),2026-08-03 19:05:13.057869+00
406f94da-e243-48c9-ac7d-abd7abc36c44,gkYc5vJT4eqL,2,"의미있었던 활동
알지오매스라는 프로그램을 쓰면서 함수를 그래프로 시각화하여 기하적 모양을 연구하는 활동을 하였다.
의미 : 알지오매스라는 프로그램을 가지고 놀면서 함수의 식에 절댓값이 있다면 그래프 모양은 어떻게 될까? 궁금하게 되었다. 
1. 절댓값 안에 우변의 모든 항이 들어가 있는 경우 
 - 처음에는 y=x−4의 그래프를 그린 뒤 절댓값을 적용한 y=∣x−4∣를 비교하였다. 절댓값은 음수인 함수값만 x축에 대해 대칭으로 뒤집는다는 점을 확인, 이 때문에 v모양이 만들어짐을 알 수 있었음.
2. 절댓값 안에 우변의 일부분이 들어가 있는 경우
 - 처음에는 y=∣x∣의 그래프를 관찰. 이후 y=∣x−1∣, y=∣x−2∣+3, y=∣x+1∣−2 등으로 식을 변형하면서 그래프의 변화를 비교. 그 결과 절댓값 내부의 상수는 그래프의 좌우 이동을, 절댓값 밖의 상수는 상하 이동을 결정, 꼭짓점은 항상 (a,b), 대칭축은 x=a가 된다는 규칙을 발견. 
(일차함수 기준)",,2026-08-04T01:54:39.000Z (학생-자소서),2026-08-03 19:05:13.057869+00
191c6f68-0ae5-4c40-ad2f-736d5a372941,gkYc5vJT4eqL,2,"의미있었던 활동
알지오매스라는 프로그램을 쓰면서 함수를 그래프로 시각화하여 기하적 모양을 연구하는 활동을 하였다.
의미 : 알지오매스라는 프로그램을 가지고 놀면서 함수의 식에 절댓값이 있다면 그래프 모양은 어떻게 될까? 궁금하게 되었다. 
1. 절댓값 안에 우변의 모든 항이 들어가 있는 경우 
 - 처음에는 y=x−4의 그래프를 그린 뒤 절댓값을 적용한 y=∣x−4∣를 비교하였다. 절댓값은 음수인 함수값만 x축에 대해 대칭으로 뒤집는다는 점을 확인, 이 때문에 v모양이 만들어짐을 알 수 있었음.
2. 절댓값 안에 우변의 일부분이 들어가 있는 경우
 - 처음에는 y=∣x∣의 그래프를 관찰. 이후 y=∣x−1∣, y=∣x−2∣+3, y=∣x+1∣−2 등으로 식을 변형하면서 그래프의 변화를 비교. 그 결과 절댓값 내부의 상수는 그래프의 좌우 이동을, 절댓값 밖의 상수는 상하 이동을 결정, 꼭짓점은 항상 (a,b), 대칭축은 x=a가 된다는 규칙을 발견. 
(일차함수 기준)",,2026-08-04T01:50:10.000Z (학생-자소서),2026-08-03 19:05:13.057869+00
5252a88f-56f9-4a75-9658-9a3e9e39c85d,gkYc5vJT4eqL,2,"의미있었던 활동
알지오매스라는 프로그램을 쓰면서 함수를 그래프로 시각화하여 기하적 모양을 연구하는 활동을 하였다.
의미 : 알지오매스라는 프로그램을 가지고 놀면서 함수의 식에 절댓값이 있다면 그래프 모양은 어떻게 될까? 궁금하게 되었다. 
1. 절댓값 안에 우변의 모든 항이 들어가 있는 경우 
 - 처음에는 y=x−4의 그래프를 그린 뒤 절댓값을 적용한 y=∣x−4∣를 비교하였다. 절댓값은 음수인 함수값만 x축에 대해 대칭으로 뒤집는다는 점을 확인, 이 때문에 v모양이 만들어짐을 알 수 있었음.
2. 절댓값 안에 우변의 일부분이 들어가 있는 경우
 - 처음에는 y=∣x∣의 그래프를 관찰. 이후 y=∣x−1∣, y=∣x−2∣+3, y=∣x+1∣−2 등으로 식을 변형하면서 그래프의 변화를 비교. 그 결과 절댓값 내부의 상수는 그래프의 좌우 이동을, 절댓값 밖의 상수는 상하 이동을 결정, 꼭짓점은 항상 (a,b), 대칭축은 x=a가 된다는 규칙을 발견. 
(일차함수 기준)",,2026-08-04T01:56:08.000Z (학생-자소서),2026-08-03 19:05:13.057869+00
6bd95780-bafa-4c44-b655-d19580cf5b41,gkYc5vJT4eqL,2,"의미있었던 활동
알지오매스라는 프로그램을 쓰면서 함수를 그래프로 시각화하여 기하적 모양을 연구하는 활동을 하였다.
의미 : 알지오매스라는 프로그램을 가지고 놀면서 함수의 식에 절댓값이 있다면 그래프 모양은 어떻게 될까? 궁금하게 되었다. 
1. 절댓값 안에 우변의 모든 항이 들어가 있는 경우 
 - 처음에는 y=x−4의 그래프를 그린 뒤 절댓값을 적용한 y=∣x−4∣를 비교하였다. 절댓값은 음수인 함수값만 x축에 대해 대칭으로 뒤집는다는 점을 확인, 이 때문에 v모양이 만들어짐을 알 수 있었음.
2. 절댓값 안에 우변의 일부분이 들어가 있는 경우
 - 처음에는 y=∣x∣의 그래프를 관찰. 이후 y=∣x−1∣, y=∣x−2∣+3, y=∣x+1∣−2 등으로 식을 변형하면서 그래프의 변화를 비교. 그 결과 절댓값 내부의 상수는 그래프의 좌우 이동을, 절댓값 밖의 상수는 상하 이동을 결정, 꼭짓점은 항상 (a,b), 대칭축은 x=a가 된다는 규칙을 발견. 
(일차함수 기준)",,2026-08-04T01:07:23.999Z (학생-자소서),2026-08-03 19:05:13.057869+00
48574738-225b-4652-8a7e-dc2eae864c75,9ce26e5a33b8412,3,,,최신,2026-08-03 19:05:13.057869+00
d94a7a7b-8335-4e18-8d9b-7b9779eb9c92,E2WaX8Gu4unR8Bm,3,"수에 관해 관심이 있어서 정수를 주로 연구하는 수학자를 꿈꾸게 되었다. 정수 중 약수와 배수에 관심이 생겨서 배수 판별법과 소수 판별법, 합동식 등에 대해 탐구했다. 정수론 수학자가 되는 과정 중 카이스트 수리과학과를 가는 것으로 진로를 택하였다. 이 목표를 위해 중학교 1학년 2학기 중반까지 수학, 과학을 고1 과정까지 개념을 익혀 보니 조합에서 큐브의 경우의 수를 구할 수 있다는 것을 알아서 2학기 말에 탐구하였다. 2학년 때는 한 수가 어떤 수의 배수인지 더 쉽고 빠르게 알고 싶어 배수 판별법을 탐구했다. 그리고 3학년 때는 소수를 탐구 중이다. 이 학교에 합격하게 되면 1학년 때 사원 수에 대해 탐구하여 수를 확장해 볼 것이고 2학년 때 여러 소수 판별법을 탐구하여 소수에 대해 더 알아볼 것이다. 3학년 때는 소수 종류 중 하나인 메르센 소수에 대해 탐구할 것이다. 카이스트 수리과학과에 들어가 정수론 수학자가 되면, 소수에 관련된 난제인 골드바흐의 추측이나 리만 가설 등을 연구하고 증명할 것이다.",,2026-07-31T21:32:59.000Z (학생-자소서),2026-08-03 19:05:13.057869+00
89a1a5f0-314f-48f9-acf7-96e923f1f638,E2WaX8Gu4unR8Bm,3,"수에 관해 관심이 있어서 정수를 주로 연구하는 수학자를 꿈꾸게 되었다. 정수 중 약수와 배수에 관심이 생겨서 배수 판별법과 소수 판별법, 합동식 등에 대해 탐구했다. 정수론 수학자가 되는 과정 중 카이스트 수리과학과를 가는 것으로 진로를 택하였다. 이 목표를 위해 중학교 1학년 2학기 중반까지 수학, 과학을 고1 과정까지 개념을 익혀 보니 조합에서 큐브의 경우의 수를 구할 수 있다는 것을 알아서 2학기 말에 탐구하였다. 2학년 때는 한 수가 어떤 수의 배수인지 더 쉽고 빠르게 알고 싶어 배수 판별법을 탐구했다. 그리고 3학년 때는 소수를 탐구 중이다. 이 학교에 합격하게 되면 1학년 때 사원 수에 대해 탐구하여 수를 확장해 볼 것이고 2학년 때 여러 소수 판별법을 탐구하여 소수에 대해 더 알아볼 것이다. 3학년 때는 소수 종류 중 하나인 메르센 소수에 대해 탐구할 것이다. 카이스트 수리과학과에 들어가 정수론 수학자가 되면, 소수에 관련된 난제인 골드바흐의 추측이나 리만 가설 등을 연구하고 증명할 것이다.",,2026-07-30T17:16:58.000Z (학생-자소서),2026-08-03 19:05:13.057869+00
ade11191-3532-413e-aece-eee5ca18fe00,E2WaX8Gu4unR8Bm,3,"수에 관해 관심이 있어서 정수를 주로 연구하는 수학자를 꿈꾸게 되었다. 정수 중 약수와 배수에 관심이 생겨서 배수 판별법과 소수 판별법, 합동식 등에 대해 탐구했다. 정수론 수학자가 되는 과정 중 카이스트 수리과학과를 가는 것으로 진로를 택하였다. 이 목표를 위해 중학교 1학년 2학기 중반까지 수학, 과학을 고1 과정까지 개념을 익혀 보니 조합에서 큐브의 경우의 수를 구할 수 있다는 것을 알아서 2학기 말에 탐구하였다. 2학년 때는 한 수가 어떤 수의 배수인지 더 쉽고 빠르게 알고 싶어 배수 판별법을 탐구했다. 그리고 3학년 때는 소수를 탐구 중이다. 이 학교에 합격하게 되면 1학년 때 사원 수에 대해 탐구하여 수를 확장해 볼 것이고 2학년 때 여러 소수 판별법을 탐구하여 소수에 대해 더 알아볼 것이다. 3학년 때는 소수 종류 중 하나인 메르센 소수에 대해 탐구할 것이다. 카이스트 수리과학과에 들어가 정수론 수학자가 되면, 소수에 관련된 난제인 골드바흐의 추측이나 리만 가설 등을 연구하고 증명할 것이다.",,2026-07-31T16:49:33.999Z (학생-자소서),2026-08-03 19:05:13.057869+00
9ae4e6ad-15cb-4e9f-972b-cbd97102d739,E2WaX8Gu4unR8Bm,3,"수에 관해 관심이 있어서 정수를 주로 연구하는 수학자를 꿈꾸게 되었다. 정수 중 약수와 배수에 관심이 생겨서 배수 판별법과 소수 판별법, 합동식 등에 대해 탐구했다. 정수론 수학자가 되는 과정 중 카이스트 수리과학과를 가는 것으로 진로를 택하였다. 이 목표를 위해 중학교 1학년 2학기 중반까지 수학, 과학을 고1 과정까지 개념을 익혀 보니 조합에서 큐브의 경우의 수를 구할 수 있다는 것을 알아서 2학기 말에 탐구하였다. 2학년 때는 한 수가 어떤 수의 배수인지 더 쉽고 빠르게 알고 싶어 배수 판별법을 탐구했다. 그리고 3학년 때는 소수를 탐구 중이다. 이 학교에 합격하게 되면 1학년 때 사원 수에 대해 탐구하여 수를 확장해 볼 것이고 2학년 때 여러 소수 판별법을 탐구하여 소수에 대해 더 알아볼 것이다. 3학년 때는 소수 종류 중 하나인 메르센 소수에 대해 탐구할 것이다. 카이스트 수리과학과에 들어가 정수론 수학자가 되면, 소수에 관련된 난제인 골드바흐의 추측이나 리만 가설 등을 연구하고 증명할 것이다.",,2026-07-31T21:09:31.000Z (학생-자소서),2026-08-03 19:05:13.057869+00
bebaeb19-39b7-41b1-9f08-0cbb34d135bc,E2WaX8Gu4unR8Bm,3,"수에 관해 관심이 있어서 정수를 주로 연구하는 수학자를 꿈꾸게 되었다. 정수 중 약수와 배수에 관심이 생겨서 배수 판별법과 소수 판별법, 합동식 등에 대해 탐구했다. 정수론 수학자가 되는 과정 중 카이스트 수리과학과를 가는 것으로 진로를 택하였다. 이 목표를 위해 중학교 1학년 2학기 중반까지 수학, 과학을 고1 과정까지 개념을 익혀 보니 조합에서 큐브의 경우의 수를 구할 수 있다는 것을 알아서 2학기 말에 탐구하였다. 2학년 때는 한 수가 어떤 수의 배수인지 더 쉽고 빠르게 알고 싶어 배수 판별법을 탐구했다. 그리고 3학년 때는 소수를 탐구 중이다. 이 학교에 합격하게 되면 1학년 때 사원 수에 대해 탐구하여 수를 확장해 볼 것이고 2학년 때 여러 소수 판별법을 탐구하여 소수에 대해 더 알아볼 것이다. 3학년 때는 소수 종류 중 하나인 메르센 소수에 대해 탐구할 것이다. 카이스트 수리과학과에 들어가 정수론 수학자가 되면, 소수에 관련된 난제인 골드바흐의 추측이나 리만 가설 등을 연구하고 증명할 것이다.",,2026-07-31T17:04:53.000Z (학생-자소서),2026-08-03 19:05:13.057869+00
fcadc9a1-568c-4e45-a797-f9a3c26037f5,E2WaX8Gu4unR8Bm,3,"수에 관해 관심이 있어서 정수를 주로 연구하는 수학자를 꿈꾸게 되었다. 정수 중 약수와 배수에 관심이 생겨서 배수 판별법과 소수 판별법, 합동식 등에 대해 탐구했다. 정수론 수학자가 되는 과정 중 카이스트 수리과학과를 가는 것으로 진로를 택하였다. 이 목표를 위해 중학교 1학년 2학기 중반까지 수학, 과학을 고1 과정까지 개념을 익혀 보니 조합에서 큐브의 경우의 수를 구할 수 있다는 것을 알아서 2학기 말에 탐구하였다. 2학년 때는 한 수가 어떤 수의 배수인지 더 쉽고 빠르게 알고 싶어 배수 판별법을 탐구했다. 그리고 3학년 때는 소수를 탐구 중이다. 이 학교에 합격하게 되면 1학년 때 사원 수에 대해 탐구하여 수를 확장해 볼 것이고 2학년 때 여러 소수 판별법을 탐구하여 소수에 대해 더 알아볼 것이다. 3학년 때는 소수 종류 중 하나인 메르센 소수에 대해 탐구할 것이다. 카이스트 수리과학과에 들어가 정수론 수학자가 되면, 소수에 관련된 난제인 골드바흐의 추측이나 리만 가설 등을 연구하고 증명할 것이다.",,2026-07-31T03:23:41.000Z (학생-자소서),2026-08-03 19:05:13.057869+00
453ec02e-1af2-499c-84e7-35fa36b8c498,E2WaX8Gu4unR8Bm,3,"수에 관해 관심이 있어서 정수를 주로 연구하는 수학자를 꿈꾸게 되었다. 정수 중 약수와 배수에 관심이 생겨서 배수 판별법과 소수 판별법, 합동식 등에 대해 탐구했다. 정수론 수학자가 되는 과정 중 카이스트 수리과학과를 가는 것으로 진로를 택하였다. 이 목표를 위해 중학교 1학년 2학기 중반까지 수학, 과학을 고1 과정까지 개념을 익혀 보니 조합에서 큐브의 경우의 수를 구할 수 있다는 것을 알아서 2학기 말에 탐구하였다. 2학년 때는 한 수가 어떤 수의 배수인지 더 쉽고 빠르게 알고 싶어 배수 판별법을 탐구했다. 그리고 3학년 때는 소수를 탐구 중이다. 이 학교에 합격하게 되면 1학년 때 사원 수에 대해 탐구하여 수를 확장해 볼 것이고 2학년 때 여러 소수 판별법을 탐구하여 소수에 대해 더 알아볼 것이다. 3학년 때는 소수 종류 중 하나인 메르센 소수에 대해 탐구할 것이다. 카이스트 수리과학과에 들어가 정수론 수학자가 되면, 소수에 관련된 난제인 골드바흐의 추측이나 리만 가설 등을 연구하고 증명할 것이다.",,최신,2026-08-03 19:05:13.057869+00
14bf93ab-b22d-46d9-ade7-76f690ca984d,E2WaX8Gu4unR8Bm,3,"수에 관해 관심이 있어서 정수를 주로 연구하는 수학자를 꿈꾸게 되었다. 정수 중 약수와 배수에 관심이 생겨서 배수 판별법과 소수 판별법, 합동식 등에 대해 탐구했다. 정수론 수학자가 되는 과정 중 카이스트 수리과학과를 가는 것으로 진로를 택하였다. 이 목표를 위해 중학교 1학년 2학기 중반까지 수학, 과학을 고1 과정까지 개념을 익혀 보니 조합에서 큐브의 경우의 수를 구할 수 있다는 것을 알아서 2학기 말에 탐구하였다. 2학년 때는 한 수가 어떤 수의 배수인지 더 쉽고 빠르게 알고 싶어 배수 판별법을 탐구했다. 그리고 3학년 때는 소수를 탐구 중이다. 이 학교에 합격하게 되면 1학년 때 사원 수에 대해 탐구하여 수를 확장해 볼 것이고 2학년 때 여러 소수 판별법을 탐구하여 소수에 대해 더 알아볼 것이다. 3학년 때는 소수 종류 중 하나인 메르센 소수에 대해 탐구할 것이다. 카이스트 수리과학과에 들어가 정수론 수학자가 되면, 소수에 관련된 난제인 골드바흐의 추측이나 리만 가설 등을 연구하고 증명할 것이다.",,2026-07-31T16:57:13.000Z (학생-자소서),2026-08-03 19:05:13.057869+00
2ca3fbfa-a8bc-4ef6-baef-dbfc702a99b4,E2WaX8Gu4unR8Bm,3,"수에 관해 관심이 있어서 정수를 주로 연구하는 수학자를 꿈꾸게 되었다. 정수 중 약수와 배수에 관심이 생겨서 배수 판별법과 소수 판별법, 합동식 등에 대해 탐구했다. 정수론 수학자가 되는 과정 중 카이스트 수리과학과를 가는 것으로 진로를 택하였다. 이 목표를 위해 중학교 1학년 2학기 중반까지 수학, 과학을 고1 과정까지 개념을 익혀 보니 조합에서 큐브의 경우의 수를 구할 수 있다는 것을 알아서 2학기 말에 탐구하였다. 2학년 때는 한 수가 어떤 수의 배수인지 더 쉽고 빠르게 알고 싶어 배수 판별법을 탐구했다. 그리고 3학년 때는 소수를 탐구 중이다. 이 학교에 합격하게 되면 1학년 때 사원 수에 대해 탐구하여 수를 확장해 볼 것이고 2학년 때 여러 소수 판별법을 탐구하여 소수에 대해 더 알아볼 것이다. 3학년 때는 소수 종류 중 하나인 메르센 소수에 대해 탐구할 것이다. 카이스트 수리과학과에 들어가 정수론 수학자가 되면, 소수에 관련된 난제인 골드바흐의 추측이나 리만 가설 등을 연구하고 증명할 것이다.",,2026-07-30T17:18:00.000Z (학생-자소서),2026-08-03 19:05:13.057869+00
a020e85b-fc3b-4228-8781-c10d36850103,E2WaX8Gu4unR8Bm,3,"수에 관해 관심이 있어서 정수를 주로 연구하는 수학자를 꿈꾸게 되었다. 정수 중 약수와 배수에 관심이 생겨서 배수 판별법과 소수 판별법, 합동식 등에 대해 탐구했다. 정수론 수학자가 되는 과정 중 카이스트 수리과학과를 가는 것으로 진로를 택하였다. 이 목표를 위해 중학교 1학년 2학기 중반까지 수학, 과학을 고1 과정까지 개념을 익혀 보니 조합에서 큐브의 경우의 수를 구할 수 있다는 것을 알아서 2학기 말에 탐구하였다. 2학년 때는 한 수가 어떤 수의 배수인지 더 쉽고 빠르게 알고 싶어 배수 판별법을 탐구했다. 그리고 3학년 때는 소수를 탐구 중이다. 이 학교에 합격하게 되면 1학년 때 사원 수에 대해 탐구하여 수를 확장해 볼 것이고 2학년 때 여러 소수 판별법을 탐구하여 소수에 대해 더 알아볼 것이다. 3학년 때는 소수 종류 중 하나인 메르센 소수에 대해 탐구할 것이다. 카이스트 수리과학과에 들어가 정수론 수학자가 되면, 소수에 관련된 난제인 골드바흐의 추측이나 리만 가설 등을 연구하고 증명할 것이다.",,2026-08-03T23:52:58.000Z (학생-자소서),2026-08-03 19:05:13.057869+00
55f06b26-b841-47cc-9f68-b23416d2ba46,gkYc5vJT4eqL,3,"과학실험동아리 만든이유 : 영상으로만 배웠던 실험을 직접 해보고 싶었음
1. 브로콜리 DNA채취실험 
  - 주제선정 : 아주작은 단위 세포 안에 들어있는 유전정보를 가지고 있는 더 작은 DNA를 직접 볼수있을까 하는 질문, 주제선정
 - 자료 : 유튜브에서 실험과정을 확인
 - 준비물 : 브로콜리, 절구, 소금(DNA가 서로 뭉치는 걸 도와줌), 주방세제(세포막과 핵막 녹임/DNA추출 용이), 에탄올(DNA가 물과 불리되게 도와 줌), 필터, 비커
 - 진행과정 :부로콜리 확보, 잎과 가지를 절구로 빠아서 소금과 세제 혼합, 필터로 용액을 걸러냄, 에탄올 천천히 붙고 눈으로 관찰
 - 결과 : 실처럼 보이는 DNA를 관찰
 - 평가 : 책과 영상으로 배우는 연구결과보다 직접 행동으로 경험해보는 연구결과가 더 오래 기억에 남는거 같다.
 - 보완 : 첫 동아리 실험인 만큼 서로의 역할분담이 잘 되지 않아 실험이 원활하게 진행되는 것에 어려움을 느꼈고 실험결과도 만족스럽지 못했다.","실험하게 된 계기(수업을 만족하지 못한 탐구심 충족..)시행착오를 구체적으로 적기(추출량이 적었다, 경계가 불분명했다 당..) 보완(원인 분석 후 실험보완. 용액 혼합 비율 변경.. 실험의 정교함 필요.) 배움( 실험 통제가 어려웠으나 시행착오를 극복하는 과정에서 과학자로서의 탐구 태도 및 끈기를 배움.)
이런 부분을 첨가하여 써보자. 특히 동아리 실험이 만족스럽지 못하게 끝났다라는 실패의 경험보다는 실패의 경험을 성공으로 이끈 사례로 적는 것이 좋아.",2026-08-04T01:07:23.999Z (학생-자소서),2026-08-03 19:05:13.057869+00
cfbe3920-1cde-4c6b-854d-b6e6dae7905b,gkYc5vJT4eqL,3,"과학실험동아리 만든이유 : 영상으로만 배웠던 실험을 직접 해보고 싶었음
1. 브로콜리 DNA채취실험 
  - 주제선정 : 아주작은 단위 세포 안에 들어있는 유전정보를 가지고 있는 더 작은 DNA를 직접 볼수있을까 하는 질문, 주제선정
 - 자료 : 유튜브에서 실험과정을 확인
 - 준비물 : 브로콜리, 절구, 소금(DNA가 서로 뭉치는 걸 도와줌), 주방세제(세포막과 핵막 녹임/DNA추출 용이), 에탄올(DNA가 물과 불리되게 도와 줌), 필터, 비커
 - 진행과정 :부로콜리 확보, 잎과 가지를 절구로 빠아서 소금과 세제 혼합, 필터로 용액을 걸러냄, 에탄올 천천히 붙고 눈으로 관찰
 - 결과 : 실처럼 보이는 DNA를 관찰
 - 평가 : 책과 영상으로 배우는 연구결과보다 직접 행동으로 경험해보는 연구결과가 더 오래 기억에 남는거 같다.
 - 보완 : 첫 동아리 실험인 만큼 서로의 역할분담이 잘 되지 않아 실험이 원활하게 진행되는 것에 어려움을 느꼈고 실험결과도 만족스럽지 못했다.",,2026-08-04T01:56:08.000Z (학생-자소서),2026-08-03 19:05:13.057869+00
e67a14be-707b-4e5d-8420-8d8798308823,gkYc5vJT4eqL,3,"과학실험동아리 만든이유 : 영상으로만 배웠던 실험을 직접 해보고 싶었음
1. 브로콜리 DNA채취실험 
  - 주제선정 : 아주작은 단위 세포 안에 들어있는 유전정보를 가지고 있는 더 작은 DNA를 직접 볼수있을까 하는 질문, 주제선정
 - 자료 : 유튜브에서 실험과정을 확인
 - 준비물 : 브로콜리, 절구, 소금(DNA가 서로 뭉치는 걸 도와줌), 주방세제(세포막과 핵막 녹임/DNA추출 용이), 에탄올(DNA가 물과 불리되게 도와 줌), 필터, 비커
 - 진행과정 :부로콜리 확보, 잎과 가지를 절구로 빠아서 소금과 세제 혼합, 필터로 용액을 걸러냄, 에탄올 천천히 붙고 눈으로 관찰
 - 결과 : 실처럼 보이는 DNA를 관찰
 - 평가 : 책과 영상으로 배우는 연구결과보다 직접 행동으로 경험해보는 연구결과가 더 오래 기억에 남는거 같다.
 - 보완 : 첫 동아리 실험인 만큼 서로의 역할분담이 잘 되지 않아 실험이 원활하게 진행되는 것에 어려움을 느꼈고 실험결과도 만족스럽지 못했다.",,2026-08-04T01:55:12.000Z (학생-자소서),2026-08-03 19:05:13.057869+00
7b813687-4d83-4522-833b-b67d17c562f7,gkYc5vJT4eqL,3,"과학실험동아리 만든이유 : 영상으로만 배웠던 실험을 직접 해보고 싶었음
1. 브로콜리 DNA채취실험 
  - 주제선정 : 아주작은 단위 세포 안에 들어있는 유전정보를 가지고 있는 더 작은 DNA를 직접 볼수있을까 하는 질문, 주제선정
 - 자료 : 유튜브에서 실험과정을 확인
 - 준비물 : 브로콜리, 절구, 소금(DNA가 서로 뭉치는 걸 도와줌), 주방세제(세포막과 핵막 녹임/DNA추출 용이), 에탄올(DNA가 물과 불리되게 도와 줌), 필터, 비커
 - 진행과정 :부로콜리 확보, 잎과 가지를 절구로 빠아서 소금과 세제 혼합, 필터로 용액을 걸러냄, 에탄올 천천히 붙고 눈으로 관찰
 - 결과 : 실처럼 보이는 DNA를 관찰
 - 평가 : 책과 영상으로 배우는 연구결과보다 직접 행동으로 경험해보는 연구결과가 더 오래 기억에 남는거 같다.
 - 보완 : 첫 동아리 실험인 만큼 서로의 역할분담이 잘 되지 않아 실험이 원활하게 진행되는 것에 어려움을 느꼈고 실험결과도 만족스럽지 못했다.",,2026-08-04T01:54:39.000Z (학생-자소서),2026-08-03 19:05:13.057869+00
ac83f83b-211a-4d8d-b2a1-090e6ebe5c0e,gkYc5vJT4eqL,3,"과학실험동아리 만든이유 : 영상으로만 배웠던 실험을 직접 해보고 싶었음
1. 브로콜리 DNA채취실험 
  - 주제선정 : 아주작은 단위 세포 안에 들어있는 유전정보를 가지고 있는 더 작은 DNA를 직접 볼수있을까 하는 질문, 주제선정
 - 자료 : 유튜브에서 실험과정을 확인
 - 준비물 : 브로콜리, 절구, 소금(DNA가 서로 뭉치는 걸 도와줌), 주방세제(세포막과 핵막 녹임/DNA추출 용이), 에탄올(DNA가 물과 불리되게 도와 줌), 필터, 비커
 - 진행과정 :부로콜리 확보, 잎과 가지를 절구로 빠아서 소금과 세제 혼합, 필터로 용액을 걸러냄, 에탄올 천천히 붙고 눈으로 관찰
 - 결과 : 실처럼 보이는 DNA를 관찰
 - 평가 : 책과 영상으로 배우는 연구결과보다 직접 행동으로 경험해보는 연구결과가 더 오래 기억에 남는거 같다.
 - 보완 : 첫 동아리 실험인 만큼 서로의 역할분담이 잘 되지 않아 실험이 원활하게 진행되는 것에 어려움을 느꼈고 실험결과도 만족스럽지 못했다.",,2026-08-04T01:50:10.000Z (학생-자소서),2026-08-03 19:05:13.057869+00
af6be88a-a4bf-42c0-bded-a2f462f499db,9ce26e5a33b8412,4,,,최신,2026-08-03 19:05:13.057869+00
1cf83d54-1a99-4832-9d72-172666740ba1,E2WaX8Gu4unR8Bm,4,"개인의 역량보다 팀원 간의 조화가 더 큰 시너지를 발휘한다는 것을 밴드부 활동으로 알게 되었다. 밴드부에서 일렉기타 포지션을 맡았다. 우린 5월에 첫 공연을 앞두고 문제가 생겼다. 합주하는데 합주의 조화가 안 맞는 기분이었다. 그래서 팀원끼리 무엇이 문제인지 서로 소통해 보며 피드백을 해나갔다. 보컬은 노래를 힘차게 부르고 어느 부분에는 약하게 어느 부분에는 세게 부르는 등 발성의 세기를 부분마다 바꿨다. 그리고 다른 악기들은 어떤 강세와 어떤 때 임팩트를 주어야 하는지 서로 의견을 내보며 소통하고 조율해 나갔다. 그리고 공연인 만큼 호응 유도를 넣고 즐기면서 부르려 하였다. 결국 공연 때 완벽한 합주를 보일 수 있었다. 우린 합주를 통해 자신만 잘하기보다는 모두 합을 맞추는 게 더 좋은 결과를 얻을 수 있다는 것을 알았다. 이를 통해 다양한 모둠 활동을 할 때, 한 사람만 잘하는 것이 아닌 모든 사람의 의견을 들어주고 조율해 나가며 서로 이익이 되는 활동을 하게 되었다.",,2026-07-31T16:57:13.000Z (학생-자소서),2026-08-03 19:05:13.057869+00
756f84ba-e715-4565-9dda-5aea9350d8fd,E2WaX8Gu4unR8Bm,4,"개인의 역량보다 팀원 간의 조화가 더 큰 시너지를 발휘한다는 것을 밴드부 활동으로 알게 되었다. 밴드부에서 일렉기타 포지션을 맡았다. 우린 5월에 첫 공연을 앞두고 문제가 생겼다. 합주하는데 합주의 조화가 안 맞는 기분이었다. 그래서 팀원끼리 무엇이 문제인지 서로 소통해 보며 피드백을 해나갔다. 보컬은 노래를 힘차게 부르고 어느 부분에는 약하게 어느 부분에는 세게 부르는 등 발성의 세기를 부분마다 바꿨다. 그리고 다른 악기들은 어떤 강세와 어떤 때 임팩트를 주어야 하는지 서로 의견을 내보며 소통하고 조율해 나갔다. 그리고 공연인 만큼 호응 유도를 넣고 즐기면서 부르려 하였다. 결국 공연 때 완벽한 합주를 보일 수 있었다. 우린 합주를 통해 자신만 잘하기보다는 모두 합을 맞추는 게 더 좋은 결과를 얻을 수 있다는 것을 알았다. 이를 통해 다양한 모둠 활동을 할 때, 한 사람만 잘하는 것이 아닌 모든 사람의 의견을 들어주고 조율해 나가며 서로 이익이 되는 활동을 하게 되었다.",,2026-07-31T16:49:33.999Z (학생-자소서),2026-08-03 19:05:13.057869+00
5efb2596-0651-48f8-86a2-6bc4507d88a7,E2WaX8Gu4unR8Bm,4,"개인의 역량보다 팀원 간의 조화가 더 큰 시너지를 발휘한다는 것을 밴드부 활동으로 알게 되었다. 밴드부에서 일렉기타 포지션을 맡았다. 우린 5월에 첫 공연을 앞두고 문제가 생겼다. 합주하는데 합주의 조화가 안 맞는 기분이었다. 그래서 팀원끼리 무엇이 문제인지 서로 소통해 보며 피드백을 해나갔다. 보컬은 노래를 힘차게 부르고 어느 부분에는 약하게 어느 부분에는 세게 부르는 등 발성의 세기를 부분마다 바꿨다. 그리고 다른 악기들은 어떤 강세와 어떤 때 임팩트를 주어야 하는지 서로 의견을 내보며 소통하고 조율해 나갔다. 그리고 공연인 만큼 호응 유도를 넣고 즐기면서 부르려 하였다. 결국 공연 때 완벽한 합주를 보일 수 있었다. 우린 합주를 통해 자신만 잘하기보다는 모두 합을 맞추는 게 더 좋은 결과를 얻을 수 있다는 것을 알았다. 이를 통해 다양한 모둠 활동을 할 때, 한 사람만 잘하는 것이 아닌 모든 사람의 의견을 들어주고 조율해 나가며 서로 이익이 되는 활동을 하게 되었다.",,2026-07-31T03:23:41.000Z (학생-자소서),2026-08-03 19:05:13.057869+00
40b66f0b-1d98-4de6-aea5-41f17d44bc63,E2WaX8Gu4unR8Bm,4,"개인의 역량보다 팀원 간의 조화가 더 큰 시너지를 발휘한다는 것을 밴드부 활동으로 알게 되었다. 밴드부에서 일렉기타 포지션을 맡았다. 우린 5월에 첫 공연을 앞두고 문제가 생겼다. 합주하는데 합주의 조화가 안 맞는 기분이었다. 그래서 팀원끼리 무엇이 문제인지 서로 소통해 보며 피드백을 해나갔다. 보컬은 노래를 힘차게 부르고 어느 부분에는 약하게 어느 부분에는 세게 부르는 등 발성의 세기를 부분마다 바꿨다. 그리고 다른 악기들은 어떤 강세와 어떤 때 임팩트를 주어야 하는지 서로 의견을 내보며 소통하고 조율해 나갔다. 그리고 공연인 만큼 호응 유도를 넣고 즐기면서 부르려 하였다. 결국 공연 때 완벽한 합주를 보일 수 있었다. 우린 합주를 통해 자신만 잘하기보다는 모두 합을 맞추는 게 더 좋은 결과를 얻을 수 있다는 것을 알았다. 이를 통해 다양한 모둠 활동을 할 때, 한 사람만 잘하는 것이 아닌 모든 사람의 의견을 들어주고 조율해 나가며 서로 이익이 되는 활동을 하게 되었다.",,2026-07-31T17:04:53.000Z (학생-자소서),2026-08-03 19:05:13.057869+00
986dc3ef-2e7f-4631-9fff-9775341c67ac,E2WaX8Gu4unR8Bm,4,"개인의 역량보다 팀원 간의 조화가 더 큰 시너지를 발휘한다는 것을 밴드부 활동으로 알게 되었다. 밴드부에서 일렉기타 포지션을 맡았다. 우린 5월에 첫 공연을 앞두고 문제가 생겼다. 합주하는데 합주의 조화가 안 맞는 기분이었다. 그래서 팀원끼리 무엇이 문제인지 서로 소통해 보며 피드백을 해나갔다. 보컬은 노래를 힘차게 부르고 어느 부분에는 약하게 어느 부분에는 세게 부르는 등 발성의 세기를 부분마다 바꿨다. 그리고 다른 악기들은 어떤 강세와 어떤 때 임팩트를 주어야 하는지 서로 의견을 내보며 소통하고 조율해 나갔다. 그리고 공연인 만큼 호응 유도를 넣고 즐기면서 부르려 하였다. 결국 공연 때 완벽한 합주를 보일 수 있었다. 우린 합주를 통해 자신만 잘하기보다는 모두 합을 맞추는 게 더 좋은 결과를 얻을 수 있다는 것을 알았다. 이를 통해 다양한 모둠 활동을 할 때, 한 사람만 잘하는 것이 아닌 모든 사람의 의견을 들어주고 조율해 나가며 서로 이익이 되는 활동을 하게 되었다.",,2026-07-31T21:09:31.000Z (학생-자소서),2026-08-03 19:05:13.057869+00
98235b60-bbc8-4a26-8d4a-30e1da2ff717,E2WaX8Gu4unR8Bm,4,"개인의 역량보다 팀원 간의 조화가 더 큰 시너지를 발휘한다는 것을 밴드부 활동으로 알게 되었다. 밴드부에서 일렉기타 포지션을 맡았다. 우린 5월에 첫 공연을 앞두고 문제가 생겼다. 합주하는데 합주의 조화가 안 맞는 기분이었다. 그래서 팀원끼리 무엇이 문제인지 서로 소통해 보며 피드백을 해나갔다. 보컬은 노래를 힘차게 부르고 어느 부분에는 약하게 어느 부분에는 세게 부르는 등 발성의 세기를 부분마다 바꿨다. 그리고 다른 악기들은 어떤 강세와 어떤 때 임팩트를 주어야 하는지 서로 의견을 내보며 소통하고 조율해 나갔다. 그리고 공연인 만큼 호응 유도를 넣고 즐기면서 부르려 하였다. 결국 공연 때 완벽한 합주를 보일 수 있었다. 우린 합주를 통해 자신만 잘하기보다는 모두 합을 맞추는 게 더 좋은 결과를 얻을 수 있다는 것을 알았다. 이를 통해 다양한 모둠 활동을 할 때, 한 사람만 잘하는 것이 아닌 모든 사람의 의견을 들어주고 조율해 나가며 서로 이익이 되는 활동을 하게 되었다.",,2026-07-31T21:32:59.000Z (학생-자소서),2026-08-03 19:05:13.057869+00
719d2459-d207-45bc-b27d-cda534d687a1,E2WaX8Gu4unR8Bm,4,"개인의 역량보다 팀원 간의 조화가 더 큰 시너지를 발휘한다는 것을 밴드부 활동으로 알게 되었다. 밴드부에서 일렉기타 포지션을 맡았다. 우린 5월에 첫 공연을 앞두고 문제가 생겼다. 합주하는데 합주의 조화가 안 맞는 기분이었다. 그래서 팀원끼리 무엇이 문제인지 서로 소통해 보며 피드백을 해나갔다. 보컬은 노래를 힘차게 부르고 어느 부분에는 약하게 어느 부분에는 세게 부르는 등 발성의 세기를 부분마다 바꿨다. 그리고 다른 악기들은 어떤 강세와 어떤 때 임팩트를 주어야 하는지 서로 의견을 내보며 소통하고 조율해 나갔다. 그리고 공연인 만큼 호응 유도를 넣고 즐기면서 부르려 하였다. 결국 공연 때 완벽한 합주를 보일 수 있었다. 우린 합주를 통해 자신만 잘하기보다는 모두 합을 맞추는 게 더 좋은 결과를 얻을 수 있다는 것을 알았다. 이를 통해 다양한 모둠 활동을 할 때, 한 사람만 잘하는 것이 아닌 모든 사람의 의견을 들어주고 조율해 나가며 서로 이익이 되는 활동을 하게 되었다.",,2026-08-03T23:52:58.000Z (학생-자소서),2026-08-03 19:05:13.057869+00
5fce8045-b510-4b95-9c69-2d44b2152c40,E2WaX8Gu4unR8Bm,4,"개인의 역량보다 팀원 간의 조화가 더 큰 시너지를 발휘한다는 것을 밴드부 활동으로 알게 되었다. 밴드부에서 일렉기타 포지션을 맡았다. 우린 5월에 첫 공연을 앞두고 문제가 생겼다. 합주하는데 합주의 조화가 안 맞는 기분이었다. 그래서 팀원끼리 무엇이 문제인지 서로 소통해 보며 피드백을 해나갔다. 보컬은 노래를 힘차게 부르고 어느 부분에는 약하게 어느 부분에는 세게 부르는 등 발성의 세기를 부분마다 바꿨다. 그리고 다른 악기들은 어떤 강세와 어떤 때 임팩트를 주어야 하는지 서로 의견을 내보며 소통하고 조율해 나갔다. 그리고 공연인 만큼 호응 유도를 넣고 즐기면서 부르려 하였다. 결국 공연 때 완벽한 합주를 보일 수 있었다. 우린 합주를 통해 자신만 잘하기보다는 모두 합을 맞추는 게 더 좋은 결과를 얻을 수 있다는 것을 알았다. 이를 통해 다양한 모둠 활동을 할 때, 한 사람만 잘하는 것이 아닌 모든 사람의 의견을 들어주고 조율해 나가며 서로 이익이 되는 활동을 하게 되었다.",,2026-07-30T17:18:00.000Z (학생-자소서),2026-08-03 19:05:13.057869+00
33870600-a32b-4811-b29a-ba9f6adb941e,E2WaX8Gu4unR8Bm,4,"개인의 역량보다 팀원 간의 조화가 더 큰 시너지를 발휘한다는 것을 밴드부 활동으로 알게 되었다. 밴드부에서 일렉기타 포지션을 맡았다. 우린 5월에 첫 공연을 앞두고 문제가 생겼다. 합주하는데 합주의 조화가 안 맞는 기분이었다. 그래서 팀원끼리 무엇이 문제인지 서로 소통해 보며 피드백을 해나갔다. 보컬은 노래를 힘차게 부르고 어느 부분에는 약하게 어느 부분에는 세게 부르는 등 발성의 세기를 부분마다 바꿨다. 그리고 다른 악기들은 어떤 강세와 어떤 때 임팩트를 주어야 하는지 서로 의견을 내보며 소통하고 조율해 나갔다. 그리고 공연인 만큼 호응 유도를 넣고 즐기면서 부르려 하였다. 결국 공연 때 완벽한 합주를 보일 수 있었다. 우린 합주를 통해 자신만 잘하기보다는 모두 합을 맞추는 게 더 좋은 결과를 얻을 수 있다는 것을 알았다. 이를 통해 다양한 모둠 활동을 할 때, 한 사람만 잘하는 것이 아닌 모든 사람의 의견을 들어주고 조율해 나가며 서로 이익이 되는 활동을 하게 되었다.",,최신,2026-08-03 19:05:13.057869+00
8f9127ef-6a51-4501-a655-2a55f7a51a04,gkYc5vJT4eqL,4,"가족과 수학에 대해 이야기 하던 중 0의 발견에 대해 이야기를 들을 수 있었습니다. 자세한 설명은 아니었지면 0의 발견이 수학적으로 대단한 의미가 있다고하여 챗지피티 및 인터넷 등을 통해 알아보니 0의 개념이 철학적인 면도 있다는 것을 알게되었습니다.
0은 수학적인 발견인 동시에 철학적으로도 매우 갚은 의미를 지닌 개념으로 ‘아무것도 없음’을 단순한 빈칸이 아니라 하나의 존재로 인정한다는 점에서 철학의 역사에도 큰 영향을 주었습니다.
503이라는 숫자가 있다면 백의자리가 5이며 1의 자리가 3입니다. 그러나 십의자리는 없음에도 없음을 표현할 수 있는 숫자를 발견한 것으로 수학에 큰 발전을 이룰 수 있는 개념이었음을 알게 되었습니다.
또한 철학적으로 
‘무를 생각하게 만들었고, 아무것도 없다면 왜 0이라는 개념은 존재하는가? 정말 0은 아무것도 아닌가? 즉 0은 없음과 존재의 경계를 생각하게 만들었습니다.

테스트",,2026-08-04T01:50:10.000Z (학생-자소서),2026-08-03 19:05:13.057869+00
7bbdbdb0-252c-4839-95d3-9df7af671c21,gkYc5vJT4eqL,4,"가족과 수학에 대해 이야기 하던 중 0의 발견에 대해 이야기를 들을 수 있었습니다. 자세한 설명은 아니었지면 0의 발견이 수학적으로 대단한 의미가 있다고하여 챗지피티 및 인터넷 등을 통해 알아보니 0의 개념이 철학적인 면도 있다는 것을 알게되었습니다.
0은 수학적인 발견인 동시에 철학적으로도 매우 갚은 의미를 지닌 개념으로 ‘아무것도 없음’을 단순한 빈칸이 아니라 하나의 존재로 인정한다는 점에서 철학의 역사에도 큰 영향을 주었습니다.
503이라는 숫자가 있다면 백의자리가 5이며 1의 자리가 3입니다. 그러나 십의자리는 없음에도 없음을 표현할 수 있는 숫자를 발견한 것으로 수학에 큰 발전을 이룰 수 있는 개념이었음을 알게 되었습니다.
또한 철학적으로 
‘무를 생각하게 만들었고, 아무것도 없다면 왜 0이라는 개념은 존재하는가? 정말 0은 아무것도 아닌가? 즉 0은 없음과 존재의 경계를 생각하게 만들었습니다.",,2026-08-04T01:54:39.000Z (학생-자소서),2026-08-03 19:05:13.057869+00
eb16390e-95a1-4386-8e80-c8962607cada,gkYc5vJT4eqL,4,"가족과 수학에 대해 이야기 하던 중 0의 발견에 대해 이야기를 들을 수 있었습니다. 자세한 설명은 아니었지면 0의 발견이 수학적으로 대단한 의미가 있다고하여 챗지피티 및 인터넷 등을 통해 알아보니 0의 개념이 철학적인 면도 있다는 것을 알게되었습니다.
0은 수학적인 발견인 동시에 철학적으로도 매우 갚은 의미를 지닌 개념으로 ‘아무것도 없음’을 단순한 빈칸이 아니라 하나의 존재로 인정한다는 점에서 철학의 역사에도 큰 영향을 주었습니다.
503이라는 숫자가 있다면 백의자리가 5이며 1의 자리가 3입니다. 그러나 십의자리는 없음에도 없음을 표현할 수 있는 숫자를 발견한 것으로 수학에 큰 발전을 이룰 수 있는 개념이었음을 알게 되었습니다.
또한 철학적으로 
‘무를 생각하게 만들었고, 아무것도 없다면 왜 0이라는 개념은 존재하는가? 정말 0은 아무것도 아닌가? 즉 0은 없음과 존재의 경계를 생각하게 만들었습니다.",,2026-08-04T01:07:23.999Z (학생-자소서),2026-08-03 19:05:13.057869+00
ab4d26ad-1f5f-48f9-85dc-c0bcded255f7,gkYc5vJT4eqL,4,"가족과 수학에 대해 이야기 하던 중 0의 발견에 대해 이야기를 들을 수 있었습니다. 자세한 설명은 아니었지면 0의 발견이 수학적으로 대단한 의미가 있다고하여 챗지피티 및 인터넷 등을 통해 알아보니 0의 개념이 철학적인 면도 있다는 것을 알게되었습니다.
0은 수학적인 발견인 동시에 철학적으로도 매우 갚은 의미를 지닌 개념으로 ‘아무것도 없음’을 단순한 빈칸이 아니라 하나의 존재로 인정한다는 점에서 철학의 역사에도 큰 영향을 주었습니다.
503이라는 숫자가 있다면 백의자리가 5이며 1의 자리가 3입니다. 그러나 십의자리는 없음에도 없음을 표현할 수 있는 숫자를 발견한 것으로 수학에 큰 발전을 이룰 수 있는 개념이었음을 알게 되었습니다.
또한 철학적으로 
‘무를 생각하게 만들었고, 아무것도 없다면 왜 0이라는 개념은 존재하는가? 정말 0은 아무것도 아닌가? 즉 0은 없음과 존재의 경계를 생각하게 만들었습니다.",,2026-08-04T01:55:12.000Z (학생-자소서),2026-08-03 19:05:13.057869+00
3f506c50-b7d7-4a2e-bdb2-d2a42a9f7fb3,gkYc5vJT4eqL,4,"가족과 수학에 대해 이야기 하던 중 0의 발견에 대해 이야기를 들을 수 있었습니다. 자세한 설명은 아니었지면 0의 발견이 수학적으로 대단한 의미가 있다고하여 ��지피티 및 인터넷 등을 통해 알아보니 0의 개념이 철학적인 면도 있다는 것을 알게되었습니다.
0은 수학적인 발견인 동시에 철학적으로도 매우 갚은 의미를 지닌 개념으로 ‘아무것도 없음’을 단순한 빈칸이 아니라 하나의 존재로 인정한다는 점에서 철학의 역사에도 큰 영향을 주었습니다.
503이라는 숫자가 있다면 백의자리가 5이며 1의 자리가 3입니다. 그러나 십의자리는 없음에도 없음을 표현할 수 있는 숫자를 발견한 것으로 수학에 큰 발전을 이룰 수 있는 개념이었음을 알게 되었습니다.
또한 철학적으로 
‘무를 생각하게 만들었고, 아무것도 없다면 왜 0이라는 개념은 존재하는가? 정말 0은 아무것도 아닌가? 즉 0은 없음과 존재의 경계를 생각하게 만들었습니다.",,최신,2026-08-03 19:05:13.057869+00
e06f020b-48a5-4c4c-8a2c-3606d73e5fe9,gkYc5vJT4eqL,4,"가족과 수학에 대해 이야기 하던 중 0의 발견에 대해 이야기를 들을 수 있었습니다. 자세한 설명은 아니었지면 0의 발견이 수학적으로 대단한 의미가 있다고하여 챗지피티 및 인터넷 등을 통해 알아보니 0의 개념이 철학적인 면도 있다는 것을 알게되었습니다.
0은 수학적인 발견인 동시에 철학적으로도 매우 갚은 의미를 지닌 개념으로 ‘아무것도 없음’을 단순한 빈칸이 아니라 하나의 존재로 인정한다는 점에서 철학의 역사에도 큰 영향을 주었습니다.
503이라는 숫자가 있다면 백의자리가 5이며 1의 자리가 3입니다. 그러나 십의자리는 없음에도 없음을 표현할 수 있는 숫자를 발견한 것으로 수학에 큰 발전을 이룰 수 있는 개념이었음을 알게 되었습니다.
또한 철학적으로 
‘무를 생각하게 만들었고, 아무것도 없다면 왜 0이라는 개념은 존재하는가? 정말 0은 아무것도 아닌가? 즉 0은 없음과 존재의 경계를 생각하게 만들었습니다.",,2026-08-04T01:56:08.000Z (학생-자소서),2026-08-03 19:05:13.057869+00
4883d1ea-4da1-48fc-b81a-316d9674e11e,gkYc5vJT4eqL,5,,,최신,2026-08-03 19:05:13.057869+00
053d0d29-3bee-4855-a165-8c2cbbb268c1,gkYc5vJT4eqL,6,,,최신,2026-08-03 19:05:13.057869+00
6c854b4a-e813-42eb-95bd-5bb50fcad8b2,gkYc5vJT4eqL,1,"저의 진로희망은 우주공학자입니다.
저는 중학교 2학년 과학과목의 천문단원을 공부하던 중 “우주가 팽창 중이다”라는 한 줄 내용을 보고, 왜? 우주가 팽창하는지 호기심이 생겼고 우주팽창하는 것을 어떻게 알게되었을까 궁금했습니다. 그래서, 과학동영상을 찾아보다 도플러 효과에 대해 알게되었는데 도플러 효과는 “파원의 멀어짐과 가까워짐에 따라 주파수가 달라지는 현상”으로 이 도플러 효과를 적용하면, 은하에서 나온 파원으로 별의 이동방향을 추론할 수 있다는 것을 알게되었습니다. 우주에 대해 더 궁금해지고 조금씩 알아갈수록 어릴적 보았던 누리호 발사장면도 생각이 나면서 우주공하에 대해 관심을 가지게 되었고 우주공학자가 되는 것이 저의 진로가 되었습니다.
제가 경기 북과학고에 진학하게 된다면, 공통관심사가 있는 친구와 선생님의 지도에 따라 천문, 우주에 대한 연구과제를 수행하고 싶습니다. 또, 과학동아리 “천체관측반”에서도 활동하고 싶습니다.",,최신,2026-08-03 19:05:12.044261+00
030aef43-ac6c-42b3-bc0f-a6dec1fc0430,mo8vdRSQHGpoxY7,1,"일상생활에서의 관심이 수학과 과학을 공부하는데 도움이 된다는 것을 알게 되었다. 평소에 사다리타기를 하면서 결과가 중복되거나 누락되는 경우가 없었고 사다리타기가 진짜 공정한지 확인하기 위해 수학적 원리에 대해서 연구했다. 연구를 진행하면서 사다리타기가 중복되거나 누락되지 않는 이유를 일대일 대응 함수를 통해 이해했다. 가로선을 통한 자리바꿈을 호환이라고 하는데, 여러번의 호환을 해도 일대일 대응 함수가 되는 이유는 합성함수와 관련지었다. 또한, 사다리 타기에서 가운데는 왼쪽과 오른쪽에서 온 경로가 만나는 지점이지만, 양 끝은 상대적으로 가짓수가 적어 확률이 낮다는 것을 사다리타기 모형을 직접 만들어서 확인했다. 사다리타기를 수학적으로 탐구해 보면서 수학이 단지 이론적 학문이 아닌 실생활의 원리를 설명하는 과목임을 느꼈고, 일상생활 속에서 수학적 원리를 찾아보게 된 계기가 되었다. 

명제에서 루트2가 무리수임을 증명하는 문제를 귀류법으로 해결하는 것을 배웠다.  그러다가 문득 파이가 무리수라는 것은 어떻게 증명할 수 있는지 궁금해졌다. 파이는 다른 무리수들처럼 귀류법으로 증명할 수 없을까하고 찾아보다 람베르트의 증명법을 알게되었다. 람베르트의 증명법에서도 무리수 증명법처럼 파이를 유리수로 가정한 다음, 유리수를 대입했을 때 항상 무리수가 되는 무한연분수의 모순을 찾아 파이가 무리수임을 증명했습니다. 이 증명법을 공부하면서 수학이 논리적인 사고 과정을 중시하는 학문이라는 것을 알게 되었고 완벽해 보이는 이론을 보더라도 의심하고 반박해보게 되었다.

넘버스라는 책의 허수 부분을 읽으며 복소평면 위에서 발산하지 않는 점들이 모여서 무한한 복잡성과 자기 유사성을 가지는 프랙탈 구조가 유지된다는 사실이 인상적이었다. 직접 점화식의 c값을 바꿔가며 대입해 본 결과, 점화식 계산 결과가 2를 넘어서는 순간 프랙탈 모양이 만들어지지 않고 발산한다는 사실을 알게되었다. 왜 그런지 궁금해 삼각부등식을 활용해 어떤 항과 다음 항의 크기를 비교해서 증명해냈다. 부등식을 통한 증명으로 .또한, 궁금했던 점을 이해하는 것 뿐만 아니라 수학적으로 증명하는 과정의 재미를 찾게 되었다.",,2026-07-29T23:03:05.000Z (학생-자소서),2026-08-03 19:05:12.044261+00
bdac1c53-fd58-495f-9f89-de6246cbb14d,mo8vdRSQHGpoxY7,1,"일상생활에서의 관심이 수학과 과학을 공부하는데 도움이 된다는 것을 알게 되었다. 평소에 사다리타기를 하면서 결과가 중복되거나 누락되는 경우가 없었고 사다리타기가 진짜 공정한지 확인하기 위해 수학적 원리에 대해서 연구했다. 연구를 진행하면서 사다리타기가 중복되거나 누락되지 않는 이유를 일대일 대응 함수를 통해 이해했다. 가로선을 통한 자리바꿈을 호환이라고 하는데, 여러번의 호환을 해도 일대일 대응 함수가 되는 이유는 합성함수와 관련지었다. 또한, 사다리 타기에서 가운데는 왼쪽과 오른쪽에서 온 경로가 만나는 지점이지만, 양 끝은 상대적으로 가짓수가 적어 확률이 낮다는 것을 사다리타기 모형을 직접 만들어서 확인했다. 사다리타기를 수학적으로 탐구해 보면서 수학이 단지 이론적 학문이 아닌 실생활의 원리를 설명하는 과목임을 느꼈고, 일상생활 속에서 수학적 원리를 찾아보게 된 계기가 되었다. 

명제에서 루트2가 무리수임을 증명하는 문제를 귀류법으로 해결하는 것을 배웠다.  그러다가 문득 파이가 무리수라는 것은 어떻게 증명할 수 있는지 궁금해졌다. 파이는 다른 무리수들처럼 귀류법으로 증명할 수 없을까하고 찾아보다 람베르트의 증명법을 알게되었다. 람베르트의 증명법에서도 무리수 증명법처럼 파이를 유리수로 가정한 다음, 유리수를 대입했을 때 항상 무리수가 되는 무한연분수의 모순을 찾아 파이가 무리수임을 증명했습니다. 이 증명법을 공부하면서 수학이 논리적인 사고 과정을 중시하는 학문이라는 것을 알게 되었고 완벽해 보이는 이론을 보더라도 의심하고 반박해보게 되었다.

넘버스라는 책의 허수 부분을 읽으며 복소평면 위에서 발산하지 않는 점들이 모여서 무한한 복잡성과 자기 유사성을 가지는 프랙탈 구조가 유지된다는 사실이 인상적이었다. 직접 점화식의 c값을 바꿔가며 대입해 본 결과, 점화식 계산 결과가 2를 넘어서는 순간 프랙탈 모양이 만들어지지 않고 발산한다는 사실을 알게되었다. 왜 그런지 궁금해 삼각부등식을 활용해 어떤 항과 다음 항의 크기를 비교해서 증명해냈다. 부등식을 통한 증명으로 .또한, 궁금했던 점을 이해하는 것 뿐만 아니라 수학적으로 증명하는 과정의 재미를 찾게 되었다.",,2026-08-03T21:13:11.000Z (학생-자소서),2026-08-03 19:05:12.044261+00
f8f5efc5-be2b-4b31-8555-e33780f5c1a4,mo8vdRSQHGpoxY7,1,"일상생활에서의 관심이 수학과 과학을 공부하는데 도움이 된다는 것을 알게 되었다. 평소에 사다리타기를 하면서 결과가 중복되거나 누락되는 경우가 없었고 사다리타기가 진짜 공정한지 확인하기 위해 수학적 원리에 대해서 연구했다. 연구를 진행하면서 사다리타기가 중복되거나 누락되지 않는 이유를 일대일 대응 함수를 통해 이해했다. 가로선을 통한 자리바꿈을 호환이라고 하는데, 여러번의 호환을 해도 일대일 대응 함수가 되는 이유는 합성함수와 관련지었다. 또한, 사다리 타기에서 가운데는 왼쪽과 오른쪽에서 온 경로가 만나는 지점이지만, 양 끝은 상대적으로 가짓수가 적어 확률이 낮다는 것을 사다리타기 모형을 직접 만들어서 확인했다. 하지만 사다리타기의 시작점에 따라 가는 곳의 확률이 바뀐다는 것을 확인하고 싶었지만 코딩을 못해 하지 못해서 아쉬웠다.사다리타기를 수학적으로 탐구해 보면서 수학이 단지 이론적 학문이 아닌 실생활의 원리를 설명하는 과목임을 느꼈고, 일상생활 속에서 수학적 원리를 찾아보게 된 계기가 되었다. 
넘버스라는 책에서 파이에 대한 내용을 읽었는데 무리수인 파이의 값을 찾아내려는 사람들의 다양한 도전이 있었다. 그러다가 문득 파이가 무리수라는 것을 어떻게 증명할 수 있는지 궁금해졌다. 파이는 다른 무리수들처럼 귀류법으로 증명할 수 없을까하고  찾아보기 시작했다.  람베르트의 증명법을  ",,2026-07-25T13:43:28.000Z (학생-자소서),2026-08-03 19:05:12.044261+00
217740c4-4dcf-42ff-ad78-5d472e9ab345,mo8vdRSQHGpoxY7,1,"일상생활에서의 관심이 수학과 과학을 공부하는데 도움이 된다는 것을 알게 되었다. 평소에 사다리타기를 하면서 결과가 중복되거나 누락되는 경우가 없었고 사다리타기가 진짜 공정한지 확인하기 위해 수학적 원리에 대해서 연구했다. 연구를 진행하면서 사다리타기가 중복되거나 누락되지 않는 이유를 일대일 대응 함수를 통해 이해했다. 가로선을 통한 자리바꿈을 호환이라고 하는데, 여러번의 호환을 해도 일대일 대응 함수가 되는 이유는 합성함수와 관련지었다. 또한, 사다리 타기에서 가운데는 왼쪽과 오른쪽에서 온 경로가 만나는 지점이지만, 양 끝은 상대적으로 가짓수가 적어 확률이 낮다는 것을 사다리타기 모형을 직접 만들어서 확인했다. 하지만 사다리타기의 시작점에 따라 가는 곳의 확률이 바뀐다는 것을 확인하고 싶었지만 코딩을 못해 하지 못해서 아쉬웠다.사다리타기를 수학적으로 탐구해 보면서 수학이 단지 이론적 학문이 아닌 실생활의 원리를 설명하는 과목임을 느꼈고, 일상생활 속에서 수학적 원리를 찾아보게 된 계기가 되었다. 
넘버스라는 책에서 파이에 대한 내용을 읽었는데 무리수인 파이의 값을 찾아내려는 사람들의 다양한 도전이 있었다. 그러다가 문득 파이가 무리수라는 것을 어떻게 증명할 수 있는지 궁금해졌다. 파이는 다른 무리수들처럼 귀류법으로 증명할 수 없을까하고  찾아보기 시작했다.  람베르트의 증명법을  ",,2026-07-25T12:42:22.999Z (학생-자소서),2026-08-03 19:05:12.044261+00
2c18a0e6-4c0e-483a-aedd-895a8b828984,mo8vdRSQHGpoxY7,1,"일상생활에서의 관심이 수학과 과학을 공부하는데 도움이 된다는 것을 알게 되었다. 평소에 사다리타기를 하면서 결과가 중복되거나 누락되는 경우가 없었고 사다리타기가 진짜 공정한지 확인하기 위해 수학적 원리에 대해서 연구했다. 연구를 진행하면서 사다리타기가 중복되거나 누락되지 않는 이유를 일대일 대응 함수를 통해 이해했다. 가로선을 통한 자리바꿈을 호환이라고 하는데, 여러번의 호환을 해도 일대일 대응 함수가 되는 이유는 합성함수와 관련지었다. 또한, 사다리 타기에서 가운데는 왼쪽과 오른쪽에서 온 경로가 만나는 지점이지만, 양 끝은 상대적으로 가짓수가 적어 확률이 낮다는 것을 사다리타기 모형을 직접 만들어서 확인했다. 하지만 사다리타기의 시작점에 따라 가는 곳의 확률이 바뀐다는 것을 확인하고 싶었지만 코딩을 못해 하지 못해서 아쉬웠다.사다리타기를 수학적으로 탐구해 보면서 수학이 단지 이론적 학문이 아닌 실생활의 원리를 설명하는 과목임을 느꼈고, 일상생활 속에서 수학적 원리를 찾아보게 된 계기가 되었다. 
넘버스라는 책에서 파이에 대한 내용을 읽었는데 무리수인 파이의 값을 찾아내려는 사람들의 다양한 도전이 있었다. 그러다가 문득 파이가 무리수라는 것을 어떻게 증명할 수 있는지 궁금해졌다. 파이는 다른 무리수들처럼 귀류법으로 증명할 수 없을까하고  찾아보기 시작했다.  람베르트의 증명법을  ",,2026-07-18T14:01:09.000Z (학생-자소서),2026-08-03 19:05:12.044261+00
176538ed-5259-4650-8e39-bb91baabe8d0,mo8vdRSQHGpoxY7,1,,5667565666,2026-08-03T21:18:26.000Z (선생님-피드백),2026-08-03 19:05:12.044261+00
c7c684de-d4aa-4af7-8ad6-7829d2610ff1,mo8vdRSQHGpoxY7,1,"일상생활에서의 관심이 수학과 과학을 공부하는데 도움이 된다는 것을 알게 되었다. 평소에 사다리타기를 하면서 결과가 중복되거나 누락되는 경우가 없었고 사다리타기가 진짜 공정한지 확인하기 위해 수학적 원리에 대해서 연구했다. 연구를 진행하면서 사다리타기가 중복되거나 누락되지 않는 이유를 일대일 대응 함수를 통해 이해했다. 가로선을 통한 자리바꿈을 호환이라고 하는데, 여러번의 호환을 해도 일대일 대응 함수가 되는 이유는 합성함수와 관련지었다. 또한, 사다리 타기에서 가운데는 왼쪽과 오른쪽에서 온 경로가 만나는 지점이지만, 양 끝은 상대적으로 가짓수가 적어 확률이 낮다는 것을 사다리타기 모형을 직접 만들어서 확인했다. 하지만 사다리타기의 시작점에 따라 가는 곳의 확률이 바뀐다는 것을 확인하고 싶었지만 코딩을 못해 하지 못해서 아쉬웠다.사다리타기를 수학적으로 탐구해 보면서 수학이 단지 이론적 학문이 아닌 실생활의 원리를 설명하는 과목임을 느꼈고, 일상생활 속에서 수학적 원리를 찾아보게 된 계기가 되었다. 
",,2026-07-18T13:09:05.999Z (학생-자소서),2026-08-03 19:05:12.044261+00
1c8c6a90-4846-4a36-b211-6f750c37d691,mo8vdRSQHGpoxY7,1,"일상생활에서의 관심이 수학과 과학을 공부하는데 도움이 된다는 것을 알게 되었다. 평소에 사다리타기를 하면서 결과가 중복되거나 누락되는 경우가 없었고 사다리타기가 진짜 공정한지 확인하기 위해 수학적 원리에 대해서 연구했다. 연구를 진행하면서 사다리타기가 중복되거나 누락되지 않는 이유를 일대일 대응 함수를 통해 이해했다. 가로선을 통한 자리바꿈을 호환이라고 하는데, 여러번의 호환을 해도 일대일 대응 함수가 되는 이유는 합성함수와 관련지었다. 또한, 사다리 타기에서 가운데는 왼쪽과 오른쪽에서 온 경로가 만나는 지점이지만, 양 끝은 상대적으로 가짓수가 적어 확률이 낮다는 것을 사다리타기 모형을 직접 만들어서 확인했다. 사다리타기를 수학적으로 탐구해 보면서 수학이 단지 이론적 학문이 아닌 실생활의 원리를 설명하는 과목임을 느꼈고, 일상생활 속에서 수학적 원리를 찾아보게 된 계기가 되었다. 

명제에서 루트2가 무리수임을 증명하는 문제를 귀류법으로 해결하는 것을 배웠다.  그러다가 문득 파이가 무리수라는 것은 어떻게 증명할 수 있는지 궁금해졌다. 파이는 다른 무리수들처럼 귀류법으로 증명할 수 없을까하고 찾아보다 람베르트의 증명법을 알게되었다. 람베르트의 증명법에서도 무리수 증명법처럼 파이를 유리수로 가정한 다음, 유리수를 대입했을 때 항상 무리수가 되는 무한연분수의 모순을 찾아 파이가 무리수임을 증명했습니다. 이 증명법을 공부하면서 수학이 논리적인 사고 과정을 중시하는 학문이라는 것을 알게 되었고 완벽해 보이는 이론을 보더라도 의심하고 반박해보게 되었다.

넘버스라는 책의 허수 부분을 읽으며 복소평면 위에서 발산하지 않는 점들이 모여서 무한한 복잡성과 자기 유사성을 가지는 프랙탈 구조가 유지된다는 사실이 인상적이었다. 직접 점화식의 c값을 바꿔가며 대입해 본 결과, 점화식 계산 결과가 2를 넘어서는 순간 프랙탈 모양이 만들어지지 않고 발산한다는 사실을 알게되었다. 왜 그런지 궁금해 삼각부등식을 활용해 어떤 항과 다음 항의 크기를 비교해서 증명해냈다. 부등식을 통한 증명으로 .또한, 궁금했던 점을 이해하는 것 뿐만 아니라 수학적으로 증명하는 과정의 재미를 찾게 되었다.",,최신,2026-08-03 19:05:12.044261+00
4cf0efc5-6bcb-4810-a4c7-9dcd0d5fcaa7,mo8vdRSQHGpoxY7,1,,"주제1

고체금속 산화물과 아이오딘 녹말 지시약 반응을 이용한 비타민C의 산화환원 적정 실험

1) 실험시 사용한 데이터 제시 얼마정도 
2) 오차에 대한 원인을 정량적 분석 필요
3) 이 활동을 통해 배운고 적용한 사례 제시

주제2

제목
한옥 기와에 사용된 사이클로이드의 등시성 탐구 및 역학적 에너지 보존법칙을 이용한 증명 

1) 등시성 실험 필요
2) 역학적 에너지 보존 법칙으로 증명한 방법 설명
3) 이 활동을 통해 배운고 적용한 사례 제시


주제3

다시작성 필요

1) DNA와 RNA에 대해 교과에서 배운 것을 적용하여 작성 필요
2) 중등교과의 유전파트나 염색체 부분과 연계해서 설명하면 좋을듯",2026-08-03T21:21:40.999Z (선생님-피드백),2026-08-03 19:05:12.044261+00
286dbe6b-eecb-4a85-9143-3d1e1c8bbd9b,mo8vdRSQHGpoxY7,1,"일상생활에서의 관심이 수학과 과학을 공부하는데 도움이 된다는 것을 알게 되었다. 평소에 사다리타기를 하면서 결과가 중복되거나 누락되는 경우가 없었고 사다리타기가 진짜 공정한지 확인하기 위해 수학적 원리에 대해서 연구했다. 연구를 진행하면서 사다리타기가 중복되거나 누락되지 않는 이유를 일대일 대응 함수를 통해 이해했다. 가로선을 통한 자리바꿈을 호환이라고 하는데, 여러번의 호환을 해도 일대일 대응 함수가 되는 이유는 합성함수와 관련지었다. 또한, 사다리 타기에서 가운데는 왼쪽과 오른쪽에서 온 경로가 만나는 지점이지만, 양 끝은 상대적으로 가짓수가 적어 확률이 낮다는 것을 사다리타기 모형을 직접 만들어서 확인했다. 사다리타기를 수학적으로 탐구해 보면서 수학이 단지 이론적 학문이 아닌 실생활의 원리를 설명하는 과목임을 느꼈고, 일상생활 속에서 수학적 원리를 찾아보게 된 계기가 되었다. 

명제에서 루트2가 무리수임을 증명하는 문제를 귀류법으로 해결하는 것을 배웠다.  그러다가 문득 파이가 무리수라는 것은 어떻게 증명할 수 있는지 궁금해졌다. 파이는 다른 무리수들처럼 귀류법으로 증명할 수 없을까하고 찾아보다 람베르트의 증명법을 알게되었다. 람베르트의 증명법에서도 무리수 증명법처럼 파이를 유리수로 가정한 다음, 유리수를 대입했을 때 항상 무리수가 되는 무한연분수의 모순을 찾아 파이가 무리수임을 증명했습니다. 이 증명법을 공부하면서 수학이 논리적인 사고 과정을 중시하는 학문이라는 것을 알게 되었고 완벽해 보이는 이론을 보더라도 의심하고 반박해보게 되었다.

넘버스라는 책의 허수 부분을 읽으며 복소평면 위에서 발산하지 않는 점들이 모여서 무한한 복잡성과 자기 유사성을 가지는 프랙탈 구조가 유지된다는 사실이 인상적이었다. 직접 점화식의 c값을 바꿔가며 대입해 본 결과, 점화식 계산 결과가 2를 넘어서는 순간 프랙탈 모양이 만들어지지 않고 발산한다는 사실을 알게되었다. 왜 그런지 궁금해 삼각부등식을 활용해 어떤 항과 다음 항의 크기를 비교해서 증명해냈다. 부등식을 통한 증명으로 .또한, 궁금했던 점을 이해하는 것 뿐만 아니라 수학적으로 증명하는 과정의 재미를 찾게 되었다.",,2026-08-03T21:12:09.000Z (학생-자소서),2026-08-03 19:05:12.044261+00
3c910a9d-74cb-4f08-a5aa-831417375112,mo8vdRSQHGpoxY7,1,"일상생활에서의 관심이 수학과 과학을 공부하는데 도움이 된다는 것을 알게 되었다. 평소에 사다리타기를 하면서 결과가 중복되거나 누락되는 경우가 없었고 사다리타기가 진짜 공정한지 확인하기 위해 수학적 원리에 대해서 연구했다. 연구를 진행하면서 사다리타기가 중복되거나 누락되지 않는 이유를 일대일 대응 함수를 통해 이해했다. 가로선을 통한 자리바꿈을 호환이라고 하는데, 여러번의 호환을 해도 일대일 대응 함수가 되는 이유는 합성함수와 관련지었다. 또한, 사다리 타기에서 가운데는 왼쪽과 오른쪽에서 온 경로가 만나는 지점이지만, 양 끝은 상대적으로 가짓수가 적어 확률이 낮다는 것을 사다리타기 모형을 직접 만들어서 확인했다. 하지만 사다리타기의 시작점에 따라 가는 곳의 확률이 바뀐다는 것을 확인하고 싶었지만 코딩을 못해 하지 못해서 아쉬웠다.사다리타기를 수학적으로 탐구해 보면서 수학이 단지 이론적 학문이 아닌 실생활의 원리를 설명하는 과목임을 느꼈고, 일상생활 속에서 수학적 원리를 찾아보게 된 계기가 되었다. 

명제에서 루트2가 무리수임을 증명하는 문제를 귀류법으로 해결하는 것을 배웠다.  그러다가 문득 파이가 무리수라는 것은 어떻게 증명할 수 있는지 궁금해졌다. 파이는 다른 무리수들처럼 귀류법으로 증명할 수 없을까하고 찾아보다 람베르트의 증명법을 알게되었다. 람베르트의 증명법에서도 무리수 증명법처럼 파이를 유리수로 가정한 다음, 유리수를 대입했을 때 항상 무리수가 되는 무한연분수의 모순을 찾아 파이가 무리수임을 증명했습니다. 이 증명법을 공부하면서 수학이 논리적인 사고 과정을 중시하는 학문이라는 것을 알게 되었고 완벽해 보이는 이론을 보더라도 의심하고 반박해보게 되었다.",,2026-07-27T19:29:10.999Z (학생-자소서),2026-08-03 19:05:12.044261+00
0d631e6c-f987-4ab4-be34-c52a713664e9,ZKTVSlfX812R9nZ,1,"  학교 환경 교육과 언론 보도로 환경 문제의 심각성을 느끼던 중, 과학 시간에 폐휴대폰에 다양한 금속 자원이 들어 있다는 것을 알게 되어 재활용 방법을 찾아보고 싶었습니다. 조사 중 태양광 발전은 날씨와 시간대에 따라 발전량이 불안정해 ESS(에너지저장장치)가 필요하다는 점을 떠올려, 폐휴대폰에서 얻은 금속으로 만든 배터리를 태양광 저장장치로 활용하는 탐구를 진행했습니다. 태양광 패널만 연결했을 때는 밤에 전압이 0.1V까지 떨어졌지만, 배터리를 연결해 낮 동안 충전한 뒤에는 밤에도 3.7V를 안정적으로 공급하는 것을 확인하며 ESS의 역할을 체감했습니다. 이를 통해 버려지는 자원으로도 에너지 문제를 해결할 수 있다는 사실에 흥미를 느꼈고, 지속가능한 에너지를 효율적으로 만드는 방법을 연구하고 싶다는 목표를 갖게 되었습니다.
  이 꿈을 이루기 위해 분당중앙과학고에 진학한 후 물리학과 화학 등 기초 과학 교과를 심도 있게 공부하며 에너지 관련 지식을 쌓고, 신재생에너지를 발전시킬 소재를 실험하는 탐구를 이어가겠습니다. 3학년 과제연구를 통해 폐자원을 활용한 지속가능한 에너지 연구를 직접 설계해, 환경과 에너지 문제에 기여하는 신재생에너지 연구자로 성장하겠습니다.

(1번 문항 띄어쓰기 포함 600자 인 것 같습니다.)",,2026-07-25T10:16:06.000Z (학생-자소서),2026-08-03 19:05:12.044261+00
6f8334f3-47e8-4b3a-8d46-36d181ed8e7e,ZKTVSlfX812R9nZ,1,"  학교 환경 교육과 언론 보도로 환경 문제의 심각성을 느끼던 중, 과학 시간에 폐휴대폰에 다양한 금속 자원이 들어 있다는 것을 알게 되어 재활용 방법을 찾아보고 싶었습니다. 조사 중 태양광 발전은 날씨와 시간대에 따라 발전량이 불안정해 ESS(에너지저장장치)가 필요하다는 점을 떠올려, 폐휴대폰에서 얻은 금속으로 만든 배터리를 태양광 저장장치로 활용하는 탐구를 진행했습니다. 태양광 패널만 연결했을 때는 밤에 전압이 0.1V까지 떨어졌지만, 배터리를 연결해 낮 동안 충전한 뒤에는 밤에도 3.7V를 안정적으로 공급하는 것을 확인하며 ESS의 역할을 체감했습니다. 이를 통해 버려지는 자원으로도 에너지 문제를 해결할 수 있다는 사실에 흥미를 느꼈고, 지속가능한 에너지를 효율적으로 만드는 방법을 연구하고 싶다는 목표를 갖게 되었습니다.
  이 꿈을 이루기 위해 분당중앙과학고에 진학한 후 물리학과 화학 등 기초 과학 교과를 심도 있게 공부하며 에너지 관련 지식을 쌓고, 신재생에너지를 발전시킬 소재를 실험하는 탐구를 이어가겠습니다. 3학년 과제연구를 통해 폐자원을 활용한 지속가능한 에너지 연구를 직접 설계해, 환경과 에너지 문제에 기여하는 신재생에너지 연구자로 성장하겠습니다.

(1번 문항 띄어쓰기 포함 600자 인 것 같습니다.)",,2026-07-25T10:14:41.999Z (학생-자소서),2026-08-03 19:05:12.044261+00
e57aa10a-d335-4706-9000-57da0c588a8f,ZKTVSlfX812R9nZ,1,"에너지와 환경 문제에 관심을 갖고 신재생에너지를 공부하다 태양광 발전은 친환경적이지만 날씨와 시간대에 따라 발전량이 불안정해 ESS(에너지저장장치)가 필요함을 알게 되었습니다. 과학 시간에 도시 광산에 대해 알아보다 폐가전제품에 다양한 금속 자원이 있어 ESS에 활용할 수 있다는 것을 인지해, 폐가전제품에서 얻은 배터리를 ESS로 활용하는 탐구를 진행했습니다. 그 결과 태양광 패널만 연결했을 때는 패널에서 생산된 전기의 전압이 밤에 0.1V로 떨어지지만, 배터리를 연결해 낮에 생성한 전기를 배터리에 저장했을 때는 밤에도 3.7V의 전압을 유지하는 것을 확인했습니다. 버려지는 자원으로도 에너지 문제를 해결할 수 있다는 사실에 흥미를 느꼈고 지속가능한 에너지를 효율적으로 만드는 방법을 연구하고 싶다는 목표를 갖게 되었습니다.
  이 꿈을 이루기 위해 분당중앙과학고에 진학한 후 물리학과 화학 등 기초 과학을 공부하며 에너지 관련 지식을 쌓고 신재생에너지 저장 기술을 발전시켜 안정적 전력 유지가 필수적인 데이터센터 등에 활용할 기술을 연구하겠습니다. 또한 과제연구를 통해 폐자원을 활용한 지속가능한 에너지 연구를 설계해, 에너지 기술 발전에 기여하는 신재생에너지 연구원으로 성장하겠습니다.",,2026-08-03T23:11:14.000Z (학생-자소서),2026-08-03 19:05:12.044261+00
358b3b78-fa42-4e42-800b-03f33991dcce,ZKTVSlfX812R9nZ,1,"에너지와 환경 문제에 관심을 갖고 신재생에너지를 공부하다 태양광 발전은 친환경적이지만 날씨와 시간대에 따라 발전량이 불안정해 ESS(에너지저장장치)가 필요함을 알게 되었습니다. 과학 시간에 도시 광산에 대해 알아보다 폐가전제품에 다양한 금속 자원이 있어 ESS에 활용할 수 있다는 것을 인지해, 폐가전제품에서 얻은 배터리를 ESS로 활용하는 탐구를 진행했습니다. 그 결과 태양광 패널만 연결했을 때는 패널에서 생산된 전기의 전압이 밤에 0.1V로 떨어지지만, 배터리를 연결해 낮에 생성한 전기를 배터리에 저장했을 때는 밤에도 3.7V의 전압을 유지하는 것을 확인했습니다. 버려지는 자원으로도 에너지 문제를 해결할 수 있다는 사실에 흥미를 느꼈고 지속가능한 에너지를 효율적으로 만드는 방법을 연구하고 싶다는 목표를 갖게 되었습니다.
  이 꿈을 이루기 위해 분당중앙과학고에 진학한 후 물리학과 화학 등 기초 과학을 공부하며 에너지 관련 지식을 쌓고 신재생에너지 저장 기술을 발전시켜 안정적 전력 유지가 필수적인 데이터센터 등에 활용할 기술을 연구하겠습니다. 또한 과제연구를 통해 폐자원을 활용한 지속가능한 에너지 연구를 설계해, 에너지 기술 발전에 기여하는 신재생에너지 연구원으로 성장하겠습니다.",,2026-07-29T10:10:57.000Z (학생-자소서),2026-08-03 19:05:12.044261+00
7974a5f1-da08-467d-aae4-b9330742b8f0,ZKTVSlfX812R9nZ,1,"에너지와 환경 문제에 관심을 갖고 신재생에너지를 공부하다 태양광 발전은 친환경적이지만 날씨와 시간대에 따라 발전량이 불안정해 ESS(에너지저장장치)가 필요함을 알게 되었습니다. 과학 시간에 도시 광산에 대해 알아보다 폐가전제품에 다양한 금속 자원이 있어 ESS에 활용할 수 있다는 것을 인지해, 폐가전제품에서 얻은 배터리를 ESS로 활용하는 탐구를 진행했습니다. 그 결과 태양광 패널만 연결했을 때는 패널에서 생산된 전기의 전압이 밤에 0.1V로 떨어지지만, 배터리를 연결해 낮에 생성한 전기를 배터리에 저장했을 때는 밤에도 3.7V의 전압을 유지하는 것을 확인했습니다. 버려지는 자원으로도 에너지 문제를 해결할 수 있다는 사실에 흥미를 느꼈고 지속가능한 에너지를 효율적으로 만드는 방법을 연구하고 싶다는 목표를 갖게 되었습니다.
  이 꿈을 이루기 위해 분당중앙과학고에 진학한 후 물리학과 화학 등 기초 과학을 공부하며 에너지 관련 지식을 쌓고 신재생에너지 저장 기술을 발전시켜 안정적 전력 유지가 필수적인 데이터센터 등에 활용할 기술을 연구하겠습니다. 또한 과제연구를 통해 폐자원을 활용한 지속가능한 에너지 연구를 설계해, 에너지 기술 발전에 기여하는 신재생에너지 연구원으로 성장하겠습니다.",,2026-07-29T10:10:30.000Z (학생-자소서),2026-08-03 19:05:12.044261+00
56471495-921a-4561-a1a0-1f7b999b709f,ZKTVSlfX812R9nZ,1,"에너지와 환경 문제에 관심을 갖고 신재생에너지를 공부하다 태양광 발전은 친환경적이지만 날씨와 시간대에 따라 발전량이 불안정해 ESS(에너지저장장치)가 필요함을 알게 되었습니다. 과학 시간에 도시 광산에 대해 알아보다 폐가전제품에 다양한 금속 자원이 있어 ESS에 활용할 수 있다는 것을 인지해, 폐가전제품에서 얻은 배터리를 ESS로 활용하는 탐구를 진행했습니다. 그 결과 태양광 패널만 연결했을 때는 패널에서 생산된 전기의 전압이 밤에 0.1V로 떨어지지만, 배터리를 연결해 낮에 생성한 전기를 배터리에 저장했을 때는 밤에도 3.7V의 전압을 유지하는 것을 확인했습니다. 버려지는 자원으로도 에너지 문제를 해결할 수 있다는 사실에 흥미를 느꼈고 지속가능한 에너지를 효율적으로 만드는 방법을 연구하고 싶다는 목표를 갖게 되었습니다.
  이 꿈을 이루기 위해 분당중앙과학고에 진학한 후 물리학과 화학 등 기초 과학을 공부하며 에너지 관련 지식을 쌓고 신재생에너지 저장 기술을 발전시켜 안정적 전력 유지가 필수적인 데이터센터 등에 활용할 기술을 연구하겠습니다. 또한 과제연구를 통해 폐자원을 활용한 지속가능한 에너지 연구를 설계해, 에너지 기술 발전에 기여하는 신재생에너지 연구원으로 성장하겠습니다.",,2026-07-29T09:52:03.999Z (학생-자소서),2026-08-03 19:05:12.044261+00
fd65ee66-4ecb-476e-ad8a-66b8f66188a8,ZKTVSlfX812R9nZ,1,"에너지 문제와 환경 문제에 관심을 갖고 신재생에너지에 대해 공부하다 태양광 발전은 친환경적이지만 날씨와 시간대에 따라 발전량이 불안정해 ESS(에너지저장장치)가 필요하다는 점을 알게 되었습니다.  과학 시간에 폐가전제품에 다양한 금속 자원이 들어 있고, 이를 ESS에 활용할 수 있다는 것을 알게 되어 폐가전제품에서 얻은 배터리를 ESS로 활용하는 탐구를 진행했습니다. 그 결과, 태양광 패널만 연결했을 때는 밤에 전압이 0.1V까지 떨어졌지만, 배터리를 연결해 낮 동안 충전한 뒤에는 밤에도 3.7V를 안정적으로 공급하는 것을 확인해 ESS의 역할을 체감했습니다. 이를 통해 버려지는 자원으로도 에너지 문제를 해결할 수 있다는 사실에 흥미를 느꼈고, 지속가능한 에너지를 효율적으로 만드는 방법을 연구하고 싶다는 목표를 갖게 되었습니다. 
  이 꿈을 이루기 위해 분당중앙과학고에 진학한 후 물리학과 화학 등 기초 과학 교과를 심도 있게 공부하며 에너지 관련 지식을 쌓고, 신재생에너지를 발전시킬 다양한 방법을 연구해 가겠습니다. 또한 과제연구를 통해 폐자원을 활용한 지속가능한 에너지 연구를 설계해 환경과 에너지 기술 발전에 기여하는 신재생에너지 연구원으로 성장하겠습니다.",,2026-07-27T20:38:59.000Z (학생-자소서),2026-08-03 19:05:12.044261+00
4539076e-28d7-441b-a7a0-5052d32fa904,ZKTVSlfX812R9nZ,1,"에너지 문제와 환경 문제에 관심을 갖고 신재생에너지에 대해 공부하다 태양광 발전은 친환경적이지만 날씨와 시간대에 따라 발전량이 불안정해 ESS(에너지저장장치)가 필요하다는 점을 알게 되었습니다.  과학 시간에 폐가전제품에 다양한 금속 자원이 들어 있고, 이를 ESS에 활용할 수 있다는 것을 알게 되어 폐가전제품에서 얻은 배터리를 ESS로 활용하는 탐구를 진행했습니다. 그 결과, 태양광 패널만 연결했을 때는 밤에 전압이 0.1V까지 떨어졌지만, 배터리를 연결해 낮 동안 충전한 뒤에는 밤에도 3.7V를 안정적으로 공급하는 것을 확인해 ESS의 역할을 체감했습니다. 이를 통해 버려지는 자원으로도 에너지 문제를 해결할 수 있다는 사실에 흥미를 느꼈고, 지속가능한 에너지를 효율적으로 만드는 방법을 연구하고 싶다는 목표를 갖게 되었습니다. 
  이 꿈을 이루기 위해 분당중앙과학고에 진학한 후 물리학과 화학 등 기초 과학 교과를 심도 있게 공부하며 에너지 관련 지식을 쌓고, 신재생에너지를 발전시킬 다양한 방법을 연구해 가겠습니다. 또한 과제연구를 통해 폐자원을 활용한 지속가능한 에너지 연구를 설계해 환경과 에너지 기술 발전에 기여하는 신재생에너지 연구원으로 성장하겠습니다.",,2026-07-27T13:31:16.000Z (학생-자소서),2026-08-03 19:05:12.044261+00
10a13c44-a7c8-471d-9baa-c5cdd37703e7,ZKTVSlfX812R9nZ,1,"에너지 문제와 환경 문제에 관심을 갖고 신재생에너지에 대해 공부하다 태양광 발전은 친환경적이지만 날씨와 시간대에 따라 발전량이 불안정해 ESS(에너지저장장치)가 필요하다는 점을 알게 되었습니다.  과학 시간에 폐가전제품에 다양한 금속 자원이 들어 있고, 이를 ESS에 활용할 수 있다는 것을 알게 되어 폐가전제품에서 얻은 배터리를 ESS로 활용하는 탐구를 진행했습니다. 그 결과, 태양광 패널만 연결했을 때는 밤에 전압이 0.1V까지 떨어졌지만, 배터리를 연결해 낮 동안 충전한 뒤에는 밤에도 3.7V를 안정적으로 공급하는 것을 확인해 ESS의 역할을 체감했습니다. 이를 통해 버려지는 자원으로도 에너지 문제를 해결할 수 있다는 사실에 흥미를 느꼈고, 지속가능한 에너지를 효율적으로 만드는 방법을 연구하고 싶다는 목표를 갖게 되었습니다. 
  이 꿈을 이루기 위해 분당중앙과학고에 진학한 후 물리학과 화학 등 기초 과학 교과를 심도 있게 공부하며 에너지 관련 지식을 쌓고, 신재생에너지를 발전시킬 다양한 방법을 연구해 가겠습니다. 또한 과제연구를 통해 폐자원을 활용한 지속가능한 에너지 연구를 설계해 환경과 에너지 기술 발전에 기여하는 신재생에너지 연구원으로 성장하겠습니다.",,2026-07-25T15:46:56.000Z (학생-자소서),2026-08-03 19:05:12.044261+00
c3a376b5-129b-4b89-98ed-5f146945af69,ZKTVSlfX812R9nZ,1,"에너지 문제와 환경 문제에 관심을 갖고 신재생에너지에 대해 공부하다 태양광 발전은 친환경적이지만 날씨와 시간대에 따라 발전량이 불안정해 ESS(에너지저장장치)가 필요하다는 점을 알게 되었습니다.  과학 시간에 폐가전제품에 다양한 금속 자원이 들어 있고, 이를 ESS에 활용할 수 있다는 것을 알게 되어 폐가전제품에서 얻은 배터리를 ESS로 활용하는 탐구를 진행했습니다. 그 결과, 태양광 패널만 연결했을 때는 밤에 전압이 0.1V까지 떨어졌지만, 배터리를 연결해 낮 동안 충전한 뒤에는 밤에도 3.7V를 안정적으로 공급하는 것을 확인해 ESS의 역할을 체감했습니다. 이를 통해 버려지는 자원으로도 에너지 문제를 해결할 수 있다는 사실에 흥미를 느꼈고, 지속가능한 에너지를 효율적으로 만드는 방법을 연구하고 싶다는 목표를 갖게 되었습니다. 
  이 꿈을 이루기 위해 분당중앙과학고에 진학한 후 물리학과 화학 등 기초 과학 교과를 심도 있게 공부하며 에너지 관련 지식을 쌓고, 신재생에너지를 발전시킬 다양한 방법을 연구해 가겠습니다. 또한 과제연구를 통해 폐자원을 활용한 지속가능한 에너지 연구를 설계해 환경과 에너지 기술 발전에 기여하는 신재생에너지 연구원으로 성장하겠습니다.",,2026-07-25T15:12:17.000Z (학생-자소서),2026-08-03 19:05:12.044261+00
7ff2bccd-08f4-4df1-996b-d0df6b44314e,ZKTVSlfX812R9nZ,1," 학교 환경 교육과 언론 보도로 환경 문제의 심각성을 느끼던 중, 태양광 발전은 친환경적이지만 날씨와 시간대에 따라 발전량이 불안정해 ESS(에너지저장장치)가 필요하다는 점을 알게 되었고, 이를 해결할 방법을 고민하다가 과학 시간에 폐휴대폰에 다양한 금속 자원이 들어 있고, 이를 ESS에 활용할 수 있다는 것을 알게 되어 폐휴대폰에서 얻은 금속으로 만든 배터리를 태양광 저장장치로 활용하는 탐구를 진행했습니다. 그 결과, 태양광 패널만 연결했을 때는 밤에 전압이 0.1V까지 떨어졌지만, 배터리를 연결해 낮 동안 충전한 뒤에는 밤에도 3.7V를 안정적으로 공급하는 것을 확인해 ESS의 역할을 체감했습니다. 이를 통해 버려지는 자원으로도 에너지 문제를 해결할 수 있다는 사실에 흥미를 느꼈고, 지속가능한 에너지를 효율적으로 만드는 방법을 연구하고 싶다는 목표를 갖게 되었습니다. 
  이 꿈을 이루기 위해 분당중앙과학고에 진학한 후 물리학과 화학 등 기초 과학 교과를 심도 있게 공부하며 에너지 관련 지식을 쌓고, 신재생에너지를 발전시킬 소재를 실험하는 탐구를 이어가겠습니다. 또한 3학년 과제연구를 통해 폐자원을 활용한 지속가능한 에너지 연구를 직접 설계해 환경과 에너지 기술 발전에 기여하는 신재생에너지 연구원으로 성장하겠습니다.",,2026-07-25T14:50:51.000Z (학생-자소서),2026-08-03 19:05:12.044261+00
8b208d22-238f-4b2c-b623-80d3c5220de6,ZKTVSlfX812R9nZ,1," 학교 환경 교육과 언론 보도로 환경 문제의 심각성을 느끼던 중, 태양광 발전은 친환경적이지만 날씨와 시간대에 따라 발전량이 불안정해 ESS(에너지저장장치)가 필요하다는 점을 알게 되었고, 이를 해결할 방법을 고민하다가 과학 시간에 폐휴대폰에 다양한 금속 자원이 들어 있고, 이를 ESS에 활용할 수 있다는 것을 알게 되어 폐휴대폰에서 얻은 금속으로 만든 배터리를 태양광 저장장치로 활용하는 탐구를 진행했습니다. 그 결과, 태양광 패널만 연결했을 때는 밤에 전압이 0.1V까지 떨어졌지만, 배터리를 연결해 낮 동안 충전한 뒤에는 밤에도 3.7V를 안정적으로 공급하는 것을 확인해 ESS의 역할을 체감했습니다. 이를 통해 버려지는 자원으로도 에너지 문제를 해결할 수 있다는 사실에 흥미를 느꼈고, 지속가능한 에너지를 효율적으로 만드는 방법을 연구하고 싶다는 목표를 갖게 되었습니다. 
  이 꿈을 이루기 위해 분당중앙과학고에 진학한 후 물리학과 화학 등 기초 과학 교과를 심도 있게 공부하며 에너지 관련 지식을 쌓고, 신재생에너지를 발전시킬 소재를 실험하는 탐구를 이어가겠습니다. 또한 3학년 과제연구를 통해 폐자원을 활용한 지속가능한 에너지 연구를 직접 설계해 환경과 에너지 기술 발전에 기여하는 신재생에너지 연구원으로 성장하겠습니다.",,2026-07-25T14:00:07.000Z (학생-자소서),2026-08-03 19:05:12.044261+00
89dac50d-0766-445d-8858-a09e63e6fe7e,gkYc5vJT4eqL,2,"의미있었던 활동
알지오매스라는 프로그램을 쓰면서 함수를 그래프로 시각화하여 기하적 모양을 연구하는 활동을 하였다.
의미 : 알지오매스라는 프로그램을 가지고 놀면서 함수의 식에 절댓값이 있다면 그래프 모양은 어떻게 될까? 궁금하게 되었다. 
1. 절댓값 안에 우변의 모든 항이 들어가 있는 경우 
 - 처음에는 y=x−4의 그래프를 그린 뒤 절댓값을 적용한 y=∣x−4∣를 비교하였다. 절댓값은 음수인 함수값만 x축에 대해 대칭으로 뒤집는다는 점을 확인, 이 때문에 v모양이 만들어짐을 알 수 있었음.
2. 절댓값 안에 우변의 일부분이 들어가 있는 경우
 - 처음에는 y=∣x∣의 그래프를 관찰. 이후 y=∣x−1∣, y=∣x−2∣+3, y=∣x+1∣−2 등으로 식을 변형하면서 그래프의 변화를 비교. 그 결과 절댓값 내부의 상수는 그래프의 좌우 이동을, 절댓값 밖의 상수는 상하 이동을 결정, 꼭짓점은 항상 (a,b), 대칭축은 x=a가 된다는 규칙을 발견. 
(일차함수 기준)",,최신,2026-08-03 19:05:12.044261+00
eeed7a04-3020-474f-a17b-1d5fef37aa20,mo8vdRSQHGpoxY7,2,,"주제1

고체금속 산화물과 아이오딘 녹말 지시약 반응을 이용한 비타민C의 산화환원 적정 실험

1) 실험시 사용한 데이터 제시 얼마정도 
2) 오차에 대한 원인을 정량적 분석 필요
3) 이 활동을 통해 배운고 적용한 사례 제시

주제2

제목
한옥 기와에 사용된 사이클로이드의 등시성 탐구 및 역학적 에너지 보존법칙을 이용한 증명 

1) 등시성 실험 필요
2) 역학적 에너지 보존 법칙으로 증명한 방법 설명
3) 이 활동을 통해 배운고 적용한 사례 제시


주제3

다시작성 필요

1) DNA와 RNA에 대해 교과에서 배운 것을 적용하여 작성 필요
2) 중등교과의 유전파트나 염색체 부분과 연계해서 설명하면 좋을듯",2026-08-03T21:23:19.999Z (선생님-피드백),2026-08-03 19:05:12.044261+00
1e5cf900-8b9b-4a4e-b92b-681147ef4d35,mo8vdRSQHGpoxY7,2,"비타민C의 보관온도, 같이 놔둔 고체 금속를 달리하여 비타민C 산화환원 적정 실험을 진행했다. 아이오딘이랑 비타민C가 산환환원 반응을 해 아이오딘이 녹말 지시약과 반응하여 색이 변할 때까지 넣은 양을 토대로 산화된 양을 비교했다.


 변인이 같아야 정확한 실험이 가능하기 때문에 금속을 넣을때도 무게와 표면적을 같게 넣었다. 처음엔 시료를 과다 투입해 요오드 용액이 과소모되어 재실험을 하기도 했다.이 실패를 통해 반응 비율을 고려한 초기 시료 양 조절의 중요성을 알게 되었다. 또한, 금속과 온도가 산화를 촉진한다는 원리를 깊이 이해하게 되었습니다. 또, 이 실험 후에 재실험을 힘든 일로만 생각하지 않고, 시행착오를 긍정적으로 받아들이는 계기가 되었다.

학교 동아리 활동에서 한옥 만들기 키트를 활용해서 한옥 지붕에 사용된 과학적 원리를 탐구했다. 이 활동에서 빗물에 지붕이 녹슬지 않도록 빗물이 빨리 빠지게 설계된 원리인 사이클로이드 곡선에 흥미를 갖게 되었다. 연구하면서, 사이클로이드 곡선을 뒤집은 등시 곡선은 구슬을 어디서 굴리든 바닥까지 도달하는 시간이 정확히 똑같다는 성질을 가지고 있었다.  등시 곡선의 증명 과정에는 적분이 포함돼 제대로 증명할 수 없었지만, 역학적 에너지 보존 법칙의 원리와 적분을 사용해야 하는 이유를 생각해보면서 이해할 수 있었다. 무언가 배울 때 받아들이기만 하지 않고 궁금한 점을 더 찾아보고 계속 생각해보는 게 진짜 과학적 활동이라는 것을 깨달았다.


멋진 신세계에서 인위적인 환경 조절로 배아의 발달을 억제하는 보카노프스키를 보고, DNA 염기서열의 변화 없이 환경이 유전 형질을 통제하는 후성유전학에 호기심이 생겼다. 이를 탐구하면서 환경적 자극이 DNA의 메틸화를 유발해 특정 유전자의 발현을 억제할 수 있다는 사실을 배우며 암이나 다른 희귀 질병의 발생과 치료 원리를 계속 찾아보게 되었다. 또한, 이 탐구를 통해 단순히 지식을 얻은 것 뿐만 아니라 과학기술의 장단점을 생각하는 계기가 되었다. 현대의 발달하고 있는 과학 기술이 통제 수단을 위해서가 아니라 공공의 이익을 위해 사용되어야 한다는 윤리적 책임감을 되새기게 되었다.","주제1

고체금속 산화물과 아이오딘 녹말 지시약 반응을 이용한 비타민C의 산화환원 적정 실험

1) 실험시 사용한 데이터 제시 얼마정도 
2) 오차에 대한 원인을 정량적 분석 필요
3) 이 활동을 통해 배운고 적용한 사례 제시

주제2

제목
한옥 기와에 사용된 사이클로이드의 등시성 탐구 및 역학적 에너지 보존법칙을 이용한 증명 

1) 등시성 실험 필요
2) 역학적 에너지 보존 법칙으로 증명한 방법 설명
3) 이 활동을 통해 배운고 적용한 사례 제시


주제3

다시작성 필요

1) DNA와 RNA에 대해 교과에서 배운 것을 적용하여 작성 필요
2) 중등교과의 유전파트나 염색체 부분과 연계해서 설명하면 좋을듯",최신,2026-08-03 19:05:12.044261+00
68c8a0df-95e8-4699-a7d9-00a67fb147a5,mo8vdRSQHGpoxY7,2,"비타민C의 보관온도, 같이 놔둔 고체 금속를 달리하여 비타민C 산화환원 적정 실험을 진행했다. 아이오딘이랑 비타민C가 산환환원 반응을 해 아이오딘이 녹말 지시약과 반응하여 색이 변할 때까지 넣은 양을 토대로 산화된 양을 비교했다.


 변인이 같아야 정확한 실험이 가능하기 때문에 금속을 넣을때도 무게와 표면적을 같게 넣었다. 처음엔 시료를 과다 투입해 요오드 용액이 과소모되어 재실험을 겪었습니다.이 실패를 통해 반응 비율을 고려한 초기 시료 양 조절의 중요성을 깨달았습니다. 또한, 금속과 온도가 산화를 촉진한다는 원리를 깊이 이해하게 되었습니다. 또, 이 실험 후에 재실험을 단지 힘든 일로 끝내지 않고, 시행착오를 긍정적으로 받아들이는 계기가 되었다.",,2026-07-18T13:09:05.999Z (학생-자소서),2026-08-03 19:05:12.044261+00
77c9b2d3-fa9e-47b1-b783-3d72c3c01854,mo8vdRSQHGpoxY7,2,"비타민C의 보관온도, 같이 놔둔 고체 금속를 달리하여 비타민C 산화환원 적정 실험을 진행했다. 아이오딘이랑 비타민C가 산환환원 반응을 해 아이오딘이 녹말 지시약과 반응하여 색이 변할 때까지 넣은 양을 토대로 산화된 양을 비교했다.


 변인이 같아야 정확한 실험이 가능하기 때문에 금속을 넣을때도 무게와 표면적을 같게 넣었다. 처음엔 시료를 과다 투입해 요오드 용액이 과소모되어 재실험을 겪었습니다.이 실패를 통해 반응 비율을 고려한 초기 시료 양 조절의 중요성을 깨달았습니다. 또한, 금속과 온도가 산화를 촉진한다는 원리를 깊이 이해하게 되었습니다. 또, 이 실험 후에 재실험을 단지 힘든 일로 끝내지 않고, 시행착오를 긍정적으로 받아들이는 계기가 되었다.
",,2026-07-18T14:01:09.000Z (학생-자소서),2026-08-03 19:05:12.044261+00
2c7e6548-7825-4ba7-bef1-65e526206fd5,mo8vdRSQHGpoxY7,2,"비타민C의 보관온도, 같이 놔둔 고체 금속를 달리하여 비타민C 산화환원 적정 실험을 진행했다. 아이오딘이랑 비타민C가 산환환원 반응을 해 아이오딘이 녹말 지시약과 반응하여 색이 변할 때까지 넣은 양을 토대로 산화된 양을 비교했다.


 변인이 같아야 정확한 실험이 가능하기 때문에 금속을 넣을때도 무게와 표면적을 같게 넣었다. 처음엔 시료를 과다 투입해 요오드 용액이 과소모되어 재실험을 하기도 했다.이 실패를 통해 반응 비율을 고려한 초기 시료 양 조절의 중요성을 알게 되었다. 또한, 금속과 온도가 산화를 촉진한다는 원리를 깊이 이해하게 되었습니다. 또, 이 실험 후에 재실험을 힘든 일로만 생각하지 않고, 시행착오를 긍정적으로 받아들이는 계기가 되었다.

학교 동아리 활동에서 한옥 만들기 키트를 활용해서 한옥 지붕에 사용된 과학적 원리를 탐구했다. 이 활동에서 빗물에 지붕이 녹슬지 않도록 빗물이 빨리 빠지게 설계된 원리인 사이클로이드 곡선에 흥미를 갖게 되었다. 연구하면서, 사이클로이드 곡선을 뒤집은 등시 곡선은 구슬을 어디서 굴리든 바닥까지 도달하는 시간이 정확히 똑같다는 성질을 가지고 있었다. 
",,2026-07-25T12:42:22.999Z (학생-자소서),2026-08-03 19:05:12.044261+00
911b0cf7-0d98-4d42-97fb-33696cedded8,mo8vdRSQHGpoxY7,2,"비타민C의 보관온도, 같이 놔둔 고체 금속를 달리하여 비타민C 산화환원 적정 실험을 진행했다. 아이오딘이랑 비타민C가 산환환원 반응을 해 아이오딘이 녹말 지시약과 반응하여 색이 변할 때까지 넣은 양을 토대로 산화된 양을 비교했다.


 변인이 같아야 정확한 실험이 가능하기 때문에 금속을 넣을때도 무게와 표면적을 같게 넣었다. 처음엔 시료를 과다 투입해 요오드 용액이 과소모되어 재실험을 하기도 했다.이 실패를 통해 반응 비율을 고려한 초기 시료 양 조절의 중요성을 알게 되었다. 또한, 금속과 온도가 산화를 촉진한다는 원리를 깊이 이해하게 되었습니다. 또, 이 실험 후에 재실험을 힘든 일로만 생각하지 않고, 시행착오를 긍정적으로 받아들이는 계기가 되었다.

학교 동아리 활동에서 한옥 만들기 키트를 활용해서 한옥 지붕에 사용된 과학적 원리를 탐구했다. 이 활동에서 빗물에 지붕이 녹슬지 않도록 빗물이 빨리 빠지게 설계된 원리인 사이클로이드 곡선에 흥미를 갖게 되었다. 연구하면서, 사이클로이드 곡선을 뒤집은 등시 곡선은 구슬을 어디서 굴리든 바닥까지 도달하는 시간이 정확히 똑같다는 성질을 가지고 있었다.  등시 곡선의 증명 과정에는 적분이 포함돼 제대로 증명할 수 없었지만, 역학적 에너지 보존 법칙의 원리와 적분을 사용해야 하는 이유를 생각해보면서 이해할 수 있었다. 무언가 배울 때 단순히 받아들이기만 하지 않고 궁금한 점을 더 찾아보고 계속 생각해보는 게 진짜 과학적 활동이라는 것을 깨달았다.",,2026-07-25T13:43:28.000Z (학생-자소서),2026-08-03 19:05:12.044261+00
98e93f1e-625d-45d3-9624-2c6ee1c29ddf,mo8vdRSQHGpoxY7,2,"비타민C의 보관온도, 같이 놔둔 고체 금속를 달리하여 비타민C 산화환원 적정 실험을 진행했다. 아이오딘이랑 비타민C가 산환환원 반응을 해 아이오딘이 녹말 지시약과 반응하여 색이 변할 때까지 넣은 양을 토대로 산화된 양을 비교했다.


 변인이 같아야 정확한 실험이 가능하기 때문에 금속을 넣을때도 무게와 표면적을 같게 넣었다. 처음엔 시료를 과다 투입해 요오드 용액이 과소모되어 재실험을 하기도 했다.이 실패를 통해 반응 비율을 고려한 초기 시료 양 조절의 중요성을 알게 되었다. 또한, 금속과 온도가 산화를 촉진한다는 원리를 깊이 이해하게 되었습니다. 또, 이 실험 후에 재실험을 힘든 일로만 생각하지 않고, 시행착오를 긍정적으로 받아들이는 계기가 되었다.

학교 동아리 활동에서 한옥 만들기 키트를 활용해서 한옥 지붕에 사용된 과학적 원리를 탐구했다. 이 활동에서 빗물에 지붕이 녹슬지 않도록 빗물이 빨리 빠지게 설계된 원리인 사이클로이드 곡선에 흥미를 갖게 되었다. 연구하면서, 사이클로이드 곡선을 뒤집은 등시 곡선은 구슬을 어디서 굴리든 바닥까지 도달하는 시간이 정확히 똑같다는 성질을 가지고 있었다.  등시 곡선의 증명 과정에는 적분이 포함돼 제대로 증명할 수 없었지만, 역학적 에너지 보존 법칙의 원리와 적분을 사용해야 하는 이유를 생각해보면서 이해할 수 있었다. 무언가 배울 때 받아들이기만 하지 않고 궁금한 점을 더 찾아보고 계속 생각해보는 게 진짜 과학적 활동이라는 것을 깨달았다.


멋진 신세계에서 인위적인 환경 조절로 배아의 발달을 억제하는 보카노프스키를 보고, DNA 염기서열의 변화 없이 환경이 유전 형질을 통제하는 후성유전학에 호기심이 생겼다. 이를 탐구하면서 환경적 자극이 DNA의 메틸화를 유발해 특정 유전자의 발현을 억제할 수 있다는 사실을 배우며 암이나 다른 희귀 질병의 발생과 치료 원리를 계속 찾아보게 되었다. 또한, 이 탐구를 통해 단순히 지식을 얻은 것 뿐만 아니라 과학기술의 장단점을 생각하는 계기가 되었다. 현대의 발달하고 있는 과학 기술이 통제 수단을 위해서가 아니라 공공의 이익을 위해 사용되어야 한다는 윤리적 책임감을 되새기게 되었다.",,2026-07-27T19:29:10.999Z (학생-자소서),2026-08-03 19:05:12.044261+00
d69556e8-26b2-4447-9715-066b6baa74e3,mo8vdRSQHGpoxY7,2,"비타민C의 보관온도, 같이 놔둔 고체 금속를 달리하여 비타민C 산화환원 적정 실험을 진행했다. 아이오딘이랑 비타민C가 산환환원 반응을 해 아이오딘이 녹말 지시약과 반응하여 색이 변할 때까지 넣은 양을 토대로 산화된 양을 비교했다.


 변인이 같아야 정확한 실험이 가능하기 때문에 금속을 넣을때도 무게와 표면적을 같게 넣었다. 처음엔 시료를 과다 투입해 요오드 용액이 과소모되어 재실험을 하기도 했다.이 실패를 통해 반응 비율을 고려한 초기 시료 양 조절의 중요성을 알게 되었다. 또한, 금속과 온도가 산화를 촉진한다는 원리를 깊이 이해하게 되었습니다. 또, 이 실험 후에 재실험을 힘든 일로만 생각하지 않고, 시행착오를 긍정적으로 받아들이는 계기가 되었다.

학교 동아리 활동에서 한옥 만들기 키트를 활용해서 한옥 지붕에 사용된 과학적 원리를 탐구했다. 이 활동에서 빗물에 지붕이 녹슬지 않도록 빗물이 빨리 빠지게 설계된 원리인 사이클로이드 곡선에 흥미를 갖게 되었다. 연구하면서, 사이클로이드 곡선을 뒤집은 등시 곡선은 구슬을 어디서 굴리든 바닥까지 도달하는 시간이 정확히 똑같다는 성질을 가지고 있었다.  등시 곡선의 증명 과정에는 적분이 포함돼 제대로 증명할 수 없었지만, 역학적 에너지 보존 법칙의 원리와 적분을 사용해야 하는 이유를 생각해보면서 이해할 수 있었다. 무언가 배울 때 받아들이기만 하지 않고 궁금한 점을 더 찾아보고 계속 생각해보는 게 진짜 과학적 활동이라는 것을 깨달았다.


멋진 신세계에서 인위적인 환경 조절로 배아의 발달을 억제하는 보카노프스키를 보고, DNA 염기서열의 변화 없이 환경이 유전 형질을 통제하는 후성유전학에 호기심이 생겼다. 이를 탐구하면서 환경적 자극이 DNA의 메틸화를 유발해 특정 유전자의 발현을 억제할 수 있다는 사실을 배우며 암이나 다른 희귀 질병의 발생과 치료 원리를 계속 찾아보게 되었다. 또한, 이 탐구를 통해 단순히 지식을 얻은 것 뿐만 아니라 과학기술의 장단점을 생각하는 계기가 되었다. 현대의 발달하고 있는 과학 기술이 통제 수단을 위해서가 아니라 공공의 이익을 위해 사용되어야 한다는 윤리적 책임감을 되새기게 되었다.",,2026-07-29T23:03:05.000Z (학생-자소서),2026-08-03 19:05:12.044261+00
998e93d6-800c-4f29-8405-7746909c6afb,mo8vdRSQHGpoxY7,2,"비타민C의 보관온도, 같이 놔둔 고체 금속를 달리하여 비타민C 산화환원 적정 실험을 진행했다. 아이오딘이랑 비타민C가 산환환원 반응을 해 아이오딘이 녹말 지시약과 반응하여 색이 변할 때까지 넣은 양을 토대로 산화된 양을 비교했다.


 변인이 같아야 정확한 실험이 가능하기 때문에 금속을 넣을때도 무게와 표면적을 같게 넣었다. 처음엔 시료를 과다 투입해 요오드 용액이 과소모되어 재실험을 하기도 했다.이 실패를 통해 반응 비율을 고려한 초기 시료 양 조절의 중요성을 알게 되었다. 또한, 금속과 온도가 산화를 촉진한다는 원리를 깊이 이해하게 되었습니다. 또, 이 실험 후에 재실험을 힘든 일로만 생각하지 않고, 시행착오를 긍정적으로 받아들이는 계기가 되었다.

학교 동아리 활동에서 한옥 만들기 키트를 활용해서 한옥 지붕에 사용된 과학적 원리를 탐구했다. 이 활동에서 빗물에 지붕이 녹슬지 않도록 빗물이 빨리 빠지게 설계된 원리인 사이클로이드 곡선에 흥미를 갖게 되었다. 연구하면서, 사이클로이드 곡선을 뒤집은 등시 곡선은 구슬을 어디서 굴리든 바닥까지 도달하는 시간이 정확히 똑같다는 성질을 가지고 있었다.  등시 곡선의 증명 과정에는 적분이 포함돼 제대로 증명할 수 없었지만, 역학적 에너지 보존 법칙의 원리와 적분을 사용해야 하는 이유를 생각해보면서 이해할 수 있었다. 무언가 배울 때 받아들이기만 하지 않고 궁금한 점을 더 찾아보고 계속 생각해보는 게 진짜 과학적 활동이라는 것을 깨달았다.


멋진 신세계에서 인위적인 환경 조절로 배아의 발달을 억제하는 보카노프스키를 보고, DNA 염기서열의 변화 없이 환경이 유전 형질을 통제하는 후성유전학에 호기심이 생겼다. 이를 탐구하면서 환경적 자극이 DNA의 메틸화를 유발해 특정 유전자의 발현을 억제할 수 있다는 사실을 배우며 암이나 다른 희귀 질병의 발생과 치료 원리를 계속 찾아보게 되었다. 또한, 이 탐구를 통해 단순히 지식을 얻은 것 뿐만 아니라 과학기술의 장단점을 생각하는 계기가 되었다. 현대의 발달하고 있는 과학 기술이 통제 수단을 위해서가 아니라 공공의 이익을 위해 사용되어야 한다는 윤리적 책임감을 되새기게 되었다.",,2026-08-03T21:12:09.000Z (학생-자소서),2026-08-03 19:05:12.044261+00
b940023d-d3db-4f28-98d9-bdf22b0272f3,mo8vdRSQHGpoxY7,2,"비타민C의 보관온도, 같이 놔둔 고체 금속를 달리하여 비타민C 산화환원 적정 실험을 진행했다. 아이오딘이랑 비타민C가 산환환원 반응을 해 아이오딘이 녹말 지시약과 반응하여 색이 변할 때까지 넣은 양을 토대로 산화된 양을 비교했다.


 변인이 같아야 정확한 실험이 가능하기 때문에 금속을 넣을때도 무게와 표면적을 같게 넣었다. 처음엔 시료를 과다 투입해 요오드 용액이 과소모되어 재실험을 하기도 했다.이 실패를 통해 반응 비율을 고려한 초기 시료 양 조절의 중요성을 알게 되었다. 또한, 금속과 온도가 산화를 촉진한다는 원리를 깊이 이해하게 되었습니다. 또, 이 실험 후에 재실험을 힘든 일로만 생각하지 않고, 시행착오를 긍정적으로 받아들이는 계기가 되었다.

학교 동아리 활동에서 한옥 만들기 키트를 활용해서 한옥 지붕에 사용된 과학적 원리를 탐구했다. 이 활동에서 빗물에 지붕이 녹슬지 않도록 빗물이 빨리 빠지게 설계된 원리인 사이클로이드 곡선에 흥미를 갖게 되었다. 연구하면서, 사이클로이드 곡선을 뒤집은 등시 곡선은 구슬을 어디서 굴리든 바닥까지 도달하는 시간이 정확히 똑같다는 성질을 가지고 있었다.  등시 곡선의 증명 과정에는 적분이 포함돼 제대로 증명할 수 없었지만, 역학적 에너지 보존 법칙의 원리와 적분을 사용해야 하는 이유를 생각해보면서 이해할 수 있었다. 무언가 배울 때 받아들이기만 하지 않고 궁금한 점을 더 찾아보고 계속 생각해보는 게 진짜 과학적 활동이라는 것을 깨달았다.


멋진 신세계에서 인위적인 환경 조절로 배아의 발달을 억제하는 보카노프스키를 보고, DNA 염기서열의 변화 없이 환경이 유전 형질을 통제하는 후성유전학에 호기심이 생겼다. 이를 탐구하면서 환경적 자극이 DNA의 메틸화를 유발해 특정 유전자의 발현을 억제할 수 있다는 사실을 배우며 암이나 다른 희귀 질병의 발생과 치료 원리를 계속 찾아보게 되었다. 또한, 이 탐구를 통해 단순히 지식을 얻은 것 뿐만 아니라 과학기술의 장단점을 생각하는 계기가 되었다. 현대의 발달하고 있는 과학 기술이 통제 수단을 위해서가 아니라 공공의 이익을 위해 사용되어야 한다는 윤리적 책임감을 되새기게 되었다.",,2026-08-03T21:13:11.000Z (학생-자소서),2026-08-03 19:05:12.044261+00
1ce3e8df-29f7-49d8-bae7-f5907c3504ce,ZKTVSlfX812R9nZ,2,"1학년 동아리 시간에 과학 활동으로 영화 ‘오펜하이머’의 대본집을 읽고 중학생이 이해하기 쉬운 오펜하이머 해설서를 만드는 프로젝트를 진행했습니다. 저는 시간 순서가 복잡하게 뒤섞인 이야기를 정리하는 역할을 맡아, 주인공의 생애를 타임라인으로 재구성하고 등장인물 간의 관계도를 작성해 동아리원들과 공유했습니다. 단순히 줄거리를 정리하는 데 그치지 않고 핵분열 등 관련 과학 이론과 원자폭탄 개발의 역사적 배경과 더 나아가 그 원리를 이용한 원자력 발전소와 같은 활용 사례를 조사하였습니다. 이 과정에서 오펜하이머가 자신이 개발한 기술이 가져온 결과 앞에서 깊이 고뇌하는 모습을 보며, 과학기술의 힘이 클수록 그것을 다루는 과학자의 윤리적 책임도 그만큼 크다는 것을 깨달았습니다. 
  프로젝트를 진행하며 과학 분야 중 어렵다고 생각했던 물리학적 지식을 키울 수 있었고 과학 이론을 탐구하는 과정에서 모르는 과학적 지식을 선배님과 소통하고 배우며 의사소통 능력과 협동심도 기를 수 있었습니다. 또한 앞으로 무엇인가 연구할 때 그 결과가 사회에 미칠 영향까지 신중하게 고려하는 책임감 있는 연구자가 되고 싶다는 다짐을 하게 되었습니다.",,2026-07-25T15:46:56.000Z (학생-자소서),2026-08-03 19:05:12.044261+00
c325f07e-2949-4879-9e8c-7990771e2409,ZKTVSlfX812R9nZ,2,"1학년 동아리 시간에 과학 활동으로 영화 ‘오펜하이머’의 대본집을 읽고 중학생이 이해하기 쉬운 오펜하이머 해설서를 만드는 프로젝트를 진행했습니다. 저는 시간 순서가 복잡하게 뒤섞인 이야기를 정리하는 역할을 맡아, 주인공의 생애를 타임라인으로 재구성하고 등장인물 간의 관계도를 작성해 동아리원들과 공유했습니다. 단순히 줄거리를 정리하는 데 그치지 않고 핵분열 등 관련 과학 이론과 원자폭탄 개발의 역사적 배경과 더 나아가 그 원리를 이용한 원자력 발전소와 같은 활용 사례를 조사하였습니다. 이 과정에서 오펜하이머가 자신이 개발한 기술이 가져온 결과 앞에서 깊이 고뇌하는 모습을 보며, 과학기술의 힘이 클수록 그것을 다루는 과학자의 윤리적 책임도 그만큼 크다는 것을 깨달았습니다. 
  프로젝트를 진행하며 과학 분야 중 어렵다고 생각했던 물리학적 지식을 키울 수 있었고 과학 이론을 탐구하는 과정에서 모르는 과학적 지식을 선배님과 소통하고 배우며 의사소통 능력과 협동심도 기를 수 있었습니다. 또한 앞으로 무엇인가 연구할 때 그 결과가 사회에 미칠 영향까지 신중하게 고려하는 책임감 있는 연구자가 되고 싶다는 다짐을 하게 되었습니다.",,2026-07-27T13:31:16.000Z (학생-자소서),2026-08-03 19:05:12.044261+00
91a27298-2c37-47ce-bc7c-101b22b91fbe,ZKTVSlfX812R9nZ,2,"1학년 동아리 시간에 과학 활동으로 영화 ‘오펜하이머’의 대본집을 읽고 중학생이 이해하기 쉬운 오펜하이머 해설서를 만드는 프로젝트를 진행했습니다. 저는 시간 순서가 복잡하게 뒤섞인 이야기를 정리하는 역할을 맡아, 주인공의 생애를 타임라인으로 재구성하고 등장인물 간의 관계도를 작성해 동아리원들과 공유했습니다. 단순히 줄거리를 정리하는 데 그치지 않고 핵분열 등 관련 과학 이론과 원자폭탄 개발의 역사적 배경과 더 나아가 그 원리를 이용한 원자력 발전소와 같은 활용 사례를 조사하였습니다. 이 과정에서 오펜하이머가 자신이 개발한 기술이 가져온 결과 앞에서 깊이 고뇌하는 모습을 보며, 과학기술의 힘이 클수록 그것을 다루는 과학자의 윤리적 책임도 그만큼 크다는 것을 깨달았습니다. 
  프로젝트를 진행하며 과학 분야 중 어렵다고 생각했던 물리학적 지식을 키울 수 있었고 과학 이론을 탐구하는 과정에서 모르는 과학적 지식을 선배님과 소통하고 배우며 의사소통 능력과 협동심도 기를 수 있었습니다. 또한 앞으로 무엇인가 연구할 때 그 결과가 사회에 미칠 영향까지 신중하게 고려하는 책임감 있는 연구자가 되고 싶다는 다짐을 하게 되었습니다.",,2026-07-27T20:38:59.000Z (학생-자소서),2026-08-03 19:05:12.044261+00
04999b30-95fe-4a50-b40f-536c4225c170,ZKTVSlfX812R9nZ,2,"1학년 동아리 시간에 과학 활동으로 영화 ‘오펜하이머’의 대본집을 읽고 오펜하이머와 관련된 책자를 만드는 프로젝트를 진행했습니다. 이 프로젝트는 과학 이론 탐구, 역사적 배경 조사, 그리고 등장인물 관계도와 타임라인 제작 순서대로 진행되었고, 저와 친구들 뿐 아니라 선배님들까지 서로 협동해서 프로젝트를 완수해 나갔습니다. 특히 과학 이론을 탐구하는 과정에서는 저와 같은 1학년들이 모르는 과학적 지식을 선배님들이 친절하게 알려 주어서 이 활동이 특히 의미있었습니다. 과학 이론을 탐구하는 과정에서 저를 포함한 저희 모둠은 주로 핵과 관련된 물리학적 지식을 찾아보며 이해하는 역할을 맡았습니다. 이를 통해 원자폭탄에 들어있는 과학적 원리를 이해할 수 있었고, 더 나아가 그 원리를 이용한 원자력 발전소와 같은 활용 사례까지 알 수 있었습니다. 또한 오펜하이머라는 인물에 대한 정보와 과학자의 윤리적 책임의 범위까지 고민했습니다. 저는 이 프로젝트를 통해 과학, 특히 원래 부족하다고 생각했던 물리학적 지식을 키울 수 있었고, 다른 사람들과 협력해서 프로젝트를 진행하며 의사소통 능력과 협동심도 기를 수 있었습니다.","동아리 시간에 영화 ‘오펜하이머’의 대본집을 읽고 중학생이 이해하기 쉬운 오펜하이머 해설서를 만드는 프로젝트를 진행했습니다. 저는 시간 순서가 복잡하게 뒤섞인 이야기를 정리하는 역할을 맡아 주인공의 생애를 타임라인으로 재구성하고 인물 관계도를 작성해 공유했습니다. 
 오펜하이머를 이해하기 위해서 과학개념의 정리도 필요했습니다. 원자핵과 전자에 대한 개념도 정리할 수 있었고 무엇보다 질량-에너지 등가원리(E=mc²)에 대해 처음 접할 수 있었습니다. 질량은 항상 보존된다고 했던 기존 생각과 달리, 핵반응 시 발생하는 질량 결손이 막대한 에너지로 전환된다는 점이 인상 깊었습니다.
또한 원자력이 무기뿐 아니라 방사선 치료 등 원자력의 다양한 활용을 보며 동일한 과학 원리도 쓰임에 따라 결과가 달라짐을 배웠습니다. 이런 이해를 바탕으로 오펜하이머가 자신이 개발한 기술의 결과 앞에서 고뇌하는 모습을 보며 과학자적 호기심의 결과가 사회에 미치는 영향과 연구에 필요한 윤리를 고민하게 되었습니다.",2026-07-25T14:00:07.000Z (학생-자소서),2026-08-03 19:05:12.044261+00
3b09c1e3-2b7f-4f9d-b5c4-54719f795a58,ZKTVSlfX812R9nZ,2,"1학년 동아리 시간에 과학 활동으로 영화 ‘오펜하이머’의 대본집을 읽고 중학생이 이해하기 쉬운 오펜하이머 해설서를 만드는 프로젝트를 진행했습니다. 저는 시간 순서가 복잡하게 뒤섞인 이야기를 정리하는 역할을 맡아 주인공의 생애를 타임라인으로 재구성하고 등장인물 간의 관계도를 작성해 동아리원들과 공유했습니다. 
  줄거리 정리에 그치지 않기 위해 원자의 구성과 전자, 핵, 중성자의 개념을 정리하고, 핵분열 시 질량이 에너지로 전환되는 원리(E=mc²)를 조사했습니다. 그동안 에너지는 전기나 화학반응처럼 형태만 바뀐다고 알고 있었는데 핵분열은 질량 자체가 에너지로 바뀐다는 사실이 새로웠고 에너지에 대한 이해를 한층 넓힐 수 있었습니다. 또한 원자력이 무기뿐 아니라 방사선 치료나 의료기기 멸균 등에도 활용된다는 것을 알게 되며 같은 과학 원리도 쓰임에 따라 결과가 달라진다는 것을 느꼈습니다. 이런 이해를 바탕으로 오펜하이머가 자신이 개발한 기술의 결과 앞에서 고뇌하는 모습을 보며 과학자적 호기심의 결과가 사회에 미치는 영향과 연구에 필요한 윤리를 고민하게 되었습니다.
  이 경험은 에너지를 연구하고 싶다는 제 진로에도 영향을 주었습니다. 새로운 기술이 사회에 미칠 영향까지 고려하는 책임감 있는 연구자가 되겠습니다.",,2026-07-29T10:10:57.000Z (학생-자소서),2026-08-03 19:05:12.044261+00
fe4f3763-8b1f-4b94-9d3b-44e8d0e65624,ZKTVSlfX812R9nZ,2,"1학년 동아리 시간에 과학 활동으로 영화 ‘오펜하이머’의 대본집을 읽고 중학생이 이해하기 쉬운 오펜하이머 해설서를 만드는 프로젝트를 진행했습니다. 저는 시간 순서가 복잡하게 뒤섞인 이야기를 정리하는 역할을 맡아 주인공의 생애를 타임라인으로 재구성하고 등장인물 간의 관계도를 작성해 동아리원들과 공유했습니다. 
  줄거리 정리에 그치지 않기 위해 원자의 구성과 전자, 핵, 중성자의 개념을 정리하고, 핵분열 시 질량이 에너지로 전환되는 원리(E=mc²)를 조사했습니다. 그동안 에너지는 전기나 화학반응처럼 형태만 바뀐다고 알고 있었는데 핵분열은 질량 자체가 에너지로 바뀐다는 사실이 새로웠고 에너지에 대한 이해를 한층 넓힐 수 있었습니다. 또한 원자력이 무기뿐 아니라 방사선 치료나 의료기기 멸균 등에도 활용된다는 것을 알게 되며 같은 과학 원리도 쓰임에 따라 결과가 달라진다는 것을 느꼈습니다. 이런 이해를 바탕으로 오펜하이머가 자신이 개발한 기술의 결과 앞에서 고뇌하는 모습을 보며 과학자적 호기심의 결과가 사회에 미치는 영향과 연구에 필요한 윤리를 고민하게 되었습니다.
  이 경험은 에너지를 연구하고 싶다는 제 진로에도 영향을 주었습니다. 새로운 기술이 사회에 미칠 영향까지 고려하는 책임감 있는 연구자가 되겠습니다.",,2026-07-29T10:10:30.000Z (학생-자소서),2026-08-03 19:05:12.044261+00
21c1a59e-1e70-41a5-a331-8b2575fab8ad,ZKTVSlfX812R9nZ,2,"1학년 동아리 시간에 과학 활동으로 영화 ‘오펜하이머’의 대본집을 읽고 오펜하이머와 관련된 책자를 만드는 프로젝트를 진행했습니다. 이 프로젝트는 과학 이론 탐구, 역사적 배경 조사, 그리고 등장인물 관계도와 타임라인 제작 순서대로 진행되었고, 저와 친구들 뿐 아니라 선배님들까지 서로 협동해서 프로젝트를 완수해 나갔습니다. 특히 과학 이론을 탐구하는 과정에서는 저와 같은 1학년들이 모르는 과학적 지식을 선배님들이 친절하게 알려 주어서 이 활동이 특히 의미있었습니다. 과학 이론을 탐구하는 과정에서 저를 포함한 저희 모둠은 주로 핵과 관련된 물리학적 지식을 찾아보며 이해하는 역할을 맡았습니다. 이를 통해 원자폭탄에 들어있는 과학적 원리를 이해할 수 있었고, 더 나아가 그 원리를 이용한 원자력 발전소와 같은 활용 사례까지 알 수 있었습니다. 또한 오펜하이머라는 인물에 대한 정보와 과학자의 윤리적 책임의 범위까지 고민했습니다. 저는 이 프로젝트를 통해 과학, 특히 원래 부족하다고 생각했던 물리학적 지식을 키울 수 있었고, 다른 사람들과 협력해서 프로젝트를 진행하며 의사소통 능력과 협동심도 기를 수 있었습니다.",,2026-07-25T14:50:51.000Z (학생-자소서),2026-08-03 19:05:12.044261+00
5d6e24f4-aead-4f4a-a394-f79475d3c4da,ZKTVSlfX812R9nZ,2,"1학년 동아리 시간에 과학 활동으로 영화 ‘오펜하이머’의 대본집을 읽고 중학생이 이해하기 쉬운 오펜하이머 해설서를 만드는 프로젝트를 진행했습니다. 저는 시간 순서가 복잡하게 뒤섞인 이야기를 정리하는 역할을 맡아 주인공의 생애를 타임라인으로 재구성하고 등장인물 간의 관계도를 작성해 동아리원들과 공유했습니다. 
  줄거리 정리에 그치지 않기 위해 원자의 구성과 전자, 핵, 중성자의 개념을 정리하고, 핵분열 시 질량이 에너지로 전환되는 원리(E=mc²)를 조사했습니다. 그동안 에너지는 전기나 화학반응처럼 형태만 바뀐다고 알고 있었는데 핵분열은 질량 자체가 에너지로 바뀐다는 사실이 새로웠고 에너지에 대한 이해를 한층 넓힐 수 있었습니다. 또한 원자력이 무기뿐 아니라 방사선 치료나 의료기기 멸균 등에도 활용된다는 것을 알게 되며 같은 과학 원리도 쓰임에 따라 결과가 달라진다는 것을 느꼈습니다. 이런 이해를 바탕으로 오펜하이머가 자신이 개발한 기술의 결과 앞에서 고뇌하는 모습을 보며 과학자적 호기심의 결과가 사회에 미치는 영향과 연구에 필요한 윤리를 고민하게 되었습니다.
  이 경험은 에너지를 연구하고 싶다는 제 진로에도 영향을 주었습니다. 새로운 기술이 사회에 미칠 영향까지 고려하는 책임감 있는 연구자가 되겠습니다.

 2학년 교과연계프로젝트에서 확률 단원을 친구들에게 소개하며 확률 자체에 흥미가 생겨 평소 좋아하는 야구와 연결한 탐구를 해보게 되었습니다. 야구에 숨어있는 확률을 찾다가 득점과 실점만으로 승률을 예측하는 '피타고리안 승률'을 알게 되었는데 실제 승수가 아닌 득실 데이터만으로 승률을 예측할 수 있다는 점이 흥미로워 직접 검증해보고 싶었습니다. 이 지표는 리그마다 지수 값에 차이는 있지만 보편적으로 득점²÷(득점²+실점²)로 계산합니다.
  KBO 각 구단의 득점과 실점 데이터를 직접 정리해 실제 승률과 피타고리안 승률을 계산하고 순위를 비교한 결과 대체로 비슷했지만 어긋나는 경우도 있었습니다. 그 원인을 분석해보니 같은 승수를 쌓았더라도 큰 점수 차로 이긴 팀은 피타고리안 승률이 높게, 적은 점수 차 승부가 많았던 팀은 낮게 나타난다는 것을 알 수 있었습니다. 이를 통해 데이터를 활용하면 승수만으로는 보이지 않는 더 객관적인 팀의 실력 지표를 얻을 수 있다는 것을 배웠습니다.
  앞으로 이 방식이 다른 스포츠에도 적용되는지, 현재 KBO가 쓰는 지수 값(약 1.83)을 조정하면 더 정확한 예측이 가능한지도 탐구해보고 싶습니다.",,2026-08-03T23:11:14.000Z (학생-자소서),2026-08-03 19:05:12.044261+00
b5a40733-4add-46fc-947e-afe820d6aa77,ZKTVSlfX812R9nZ,2,"1학년 동아리 시간에 과학 활동으로 영화 ‘오펜하이머’의 대본집을 읽고 오펜하이머와 관련된 책자를 만드는 프로젝트를 진행했습니다. 이 프로젝트는 과학 이론 탐구, 역사적 배경 조사, 그리고 등장인물 관계도와 타임라인 제작 순서대로 진행되었고, 저와 친구들 뿐 아니라 선배님들까지 서로 협동해서 프로젝트를 완수해 나갔습니다. 특히 과학 이론을 탐구하는 과정에서는 저와 같은 1학년들이 모르는 과학적 지식을 선배님들이 친절하게 알려 주어서 이 활동이 특히 의미있었습니다. 과학 이론을 탐구하는 과정에서 저를 포함한 저희 모둠은 주로 핵과 관련된 물리학적 지식을 찾아보며 이해하는 역할을 맡았습니다. 이를 통해 원자폭탄에 들어있는 과학적 원리를 이해할 수 있었고, 더 나아가 그 원리를 이용한 원자력 발전소와 같은 활용 사례까지 알 수 있었습니다. 또한 오펜하이머라는 인물에 대한 정보와 과학자의 윤리적 책임의 범위까지 고민했습니다. 저는 이 프로젝트를 통해 과학, 특히 원래 부족하다고 생각했던 물리학적 지식을 키울 수 있었고, 다른 사람들과 협력해서 프로젝트를 진행하며 의사소통 능력과 협동심도 기를 수 있었습니다.",,2026-07-25T15:12:17.000Z (학생-자소서),2026-08-03 19:05:12.044261+00
86ff2fed-22ad-4555-b348-92de09bcec36,ZKTVSlfX812R9nZ,2,"1학년 동아리 시간에 과학 활동으로 영화 ‘오펜하이머’의 대본집을 읽고 중학생이 이해하기 쉬운 오펜하이머 해설서를 만드는 프로젝트를 진행했습니다. 저는 시간 순서가 복잡하게 뒤섞인 이야기를 정리하는 역할을 맡아, 주인공의 생애를 타임라인으로 재구성하고 등장인물 간의 관계도를 작성해 동아리원들과 공유했습니다. 단순히 줄거리를 정리하는 데 그치지 않고 핵분열 등 관련 과학 이론과 원자폭탄 개발의 역사적 배경과 더 나아가 그 원리를 이용한 원자력 발전소와 같은 활용 사례를 조사하였습니다. 이 과정에서 오펜하이머가 자신이 개발한 기술이 가져온 결과 앞에서 깊이 고뇌하는 모습을 보며, 과학기술의 힘이 클수록 그것을 다루는 과학자의 윤리적 책임도 그만큼 크다는 것을 깨달았습니다. 
  프로젝트를 진행하며 과학 분야 중 어렵다고 생각했던 물리학적 지식을 키울 수 있었고 과학 이론을 탐구하는 과정에서 모르는 과학적 지식을 선배님과 소통하고 배우며 의사소통 능력과 협동심도 기를 수 있었습니다. 또한 앞으로 무엇인가 연구할 때 그 결과가 사회에 미칠 영향까지 신중하게 고려하는 책임감 있는 연구자가 되고 싶다는 다짐을 하게 되었습니다.",,2026-07-29T09:52:03.999Z (학생-자소서),2026-08-03 19:05:12.044261+00
14f6755c-ab47-491b-b7af-bba12f4e67eb,gkYc5vJT4eqL,3,"과학실험동아리 만든이유 : 영상으로만 배웠던 실험을 직접 해보고 싶었음
1. 브로콜리 DNA채취실험 
  - 주제선정 : 아주작은 단위 세포 안에 들어있는 유전정보를 가지고 있는 더 작은 DNA를 직접 볼수있을까 하는 질문, 주제선정
 - 자료 : 유튜브에서 실험과정을 확인
 - 준비물 : 브로콜리, 절구, 소금(DNA가 서로 뭉치는 걸 도와줌), 주방세제(세포막과 핵막 녹임/DNA추출 용이), 에탄올(DNA가 물과 불리되게 도와 줌), 필터, 비커
 - 진행과정 :부로콜리 확보, 잎과 가지를 절구로 빠아서 소금과 세제 혼합, 필터로 용액을 걸러냄, 에탄올 천천히 붙고 눈으로 관찰
 - 결과 : 실처럼 보이는 DNA를 관찰
 - 평가 : 책과 영상으로 배우는 연구결과보다 직접 행동으로 경험해보는 연구결과가 더 오래 기억에 남는거 같다.
 - 보완 : 첫 동아리 실험인 만큼 서로의 역할분담이 잘 되지 않아 실험이 원활하게 진행되는 것에 어려움을 느꼈고 실험결과도 만족스럽지 못했다.",,최신,2026-08-03 19:05:12.044261+00
8945cc3f-6435-4b77-b227-624c5719ee0a,mo8vdRSQHGpoxY7,3,,,최신,2026-08-03 19:05:12.044261+00
2bfb987c-238a-41bb-81a6-9ac2a77600c2,ZKTVSlfX812R9nZ,3,"1학년 과학 시간에 상태변화를 배우며 잠열에 대해 알게 되었고, 이를 활용해 수도관 동파를 늦출 수 있을지 궁금했습니다. 그래서 상변화물질을 단열재와 함께 쓰면 온도 유지 효과가 향상될 것이라는 가설을 바탕으로 '단열재와 상변화 물질을 활용한 동결 지연 연구'를 탐구 주제로 정했습니다. 
  먼저 재료별 단독 효과를 비교한 뒤 복합 구조로 발전시키는 순서로 계획을 세우고 단열재의 공기층 구조와 비열, 상변화물질의 잠열 방출 원리를 조사했습니다. 사전 실험에서 생긴 문제를 반복 실험을 통해 파악하여 본 실험에 적용하였고 단열재 중에서는 수건, 솜, 에어캡, 상변화물질 중에서는 물, 소금물, 냉온찜질팩의 효과를 비교했습니다. 그 결과 단열재 중에서는 미세한 공기층을 통해 공기의 대류를 억제하는 솜이, 상변화물질 중에서는 어는점이 가장 높았던 물이 상변화 구간을 가장 오래 유지했습니다. 그 후 가장 효율이 좋았던 두 재료를 결합한 복합 구조로 설계해 실험한 결과, 단독 사용보다 100분 이상 더 길게 0℃ 부근이 유지되었습니다. 이 연구를 통해 상변화물질이 동파 방지를 위한 재료로써 활용될 수 있다는 결론을 얻었습니다. 다만 통제된 실내 환경 결과라 실제 환경 검증이 필요하다고 생각되며 추후 상변화 물질이 방출한 잠열을 낭비 없이 활용하는 방법을 알아보고 싶습니다.",,2026-07-25T15:46:56.000Z (학생-자소서),2026-08-03 19:05:12.044261+00
4f71a7d0-00f5-4851-9372-12f2344d440a,ZKTVSlfX812R9nZ,3,"1학년 과학 시간에 상태변화를 배우며 잠열에 대해 알게 되었고, 이를 활용해 수도관 동파를 늦출 수 있을지 궁금했습니다. 그래서 상변화물질을 단열재와 함께 쓰면 온도 유지 효과가 향상될 것이라는 가설을 바탕으로 '단열재와 상변화 물질을 활용한 동결 지연 연구'를 탐구 주제로 정했습니다. 
  먼저 재료별 단독 효과를 비교한 뒤 복합 구조로 발전시키는 순서로 계획을 세우고 단열재의 공기층 구조와 비열, 상변화물질의 잠열 방출 원리를 조사했습니다. 사전 실험에서 생긴 문제를 반복 실험을 통해 파악하여 본 실험에 적용하였고 단열재 중에서는 수건, 솜, 에어캡, 상변화물질 중에서는 물, 소금물, 냉온찜질팩의 효과를 비교했습니다. 그 결과 단열재 중에서는 미세한 공기층을 통해 공기의 대류를 억제하는 솜이, 상변화물질 중에서는 어는점이 가장 높았던 물이 상변화 구간을 가장 오래 유지했습니다. 그 후 가장 효율이 좋았던 두 재료를 결합한 복합 구조로 설계해 실험한 결과, 단독 사용보다 100분 이상 더 길게 0℃ 부근이 유지되었습니다. 이 연구를 통해 상변화물질이 동파 방지를 위한 재료로써 활용될 수 있다는 결론을 얻었습니다. 다만 통제된 실내 환경 결과라 실제 환경 검증이 필요하다고 생각되며 추후 상변화 물질이 방출한 잠열을 낭비 없이 활용하는 방법을 알아보고 싶습니다.",,2026-07-25T15:12:17.000Z (학생-자소서),2026-08-03 19:05:12.044261+00
31dfab9b-f6e1-4704-a1ab-9b7424bdc4e0,ZKTVSlfX812R9nZ,3,"1학년 과학 시간에 물질의 상태 변화에는 잠열이 필요하다는 것을 배우며, 이 원리로 수도관 동파를 늦출 수 있지 않을까 하는 의문에서 '단열재와 상변화물질을 활용한 동결 지연 연구'를 탐구 주제로 정하고, 두 물질을 함께 쓰면 온도 유지 효과가 향상될 것이라는 가설을 세웠습니다.
  먼저 재료별 단독 효과를 비교한 뒤 복합 구조로 발전시키는 순서로 계획을 세우고 단열재의 공기층 구조와 비열, 상변화물질의 잠열 방출 원리를 조사했습니다. 사전 실험에서 발생한 물의 상태변화 온도 측정 오류를 반복 실험을 통해 수정하여 본 실험에 적용하였습니다. 단열재 중에서는 수건, 솜, 에어캡, 상변화물질 중에서는 물, 소금물, 냉온찜질팩의 효과를 비교하였는데 그 결과 단열재 중에서는 미세한 공기층을 통해 공기의 대류를 억제하는 솜이, 상변화물질 중에서는 어는점이 가장 높았던 물이 상변화 구간을 가장 오래 유지하는 것을 확인했습니다. 그 후 효과가 제일 좋았던 두 재료를 결합하여 복합 구조로 설계해 실험한 결과, 단독 사용보다 100분 이상 더 길게 0℃ 부근이 유지되었습니다. 이 연구를 통해 상변화물질이 동파 방지를 위한 재료로써 활용될 수 있다는 결론을 얻었습니다. 다만 통제된 실내 환경 결과라 실제 환경 검증이 필요하다고 생각되며 추후 상변화 물질이 방출한 잠열을 낭비 없이 활용하는 방법을 알아보고 싶습니다.",,2026-08-03T23:11:14.000Z (학생-자소서),2026-08-03 19:05:12.044261+00
1e179399-5332-4667-9a58-ffabcf6f0713,ZKTVSlfX812R9nZ,3,"1학년 과학 시간에 상태변화를 배우며 잠열에 대해 알게 되었고, 이를 활용해 수도관 동파를 늦출 수 있을지 궁금했습니다. 그래서 상변화물질을 단열재와 함께 쓰면 온도 유지 효과가 향상될 것이라는 가설을 바탕으로 '단열재와 상변화 물질을 활용한 동결 지연 연구'를 탐구 주제로 정했습니다. 
  먼저 재료별 단독 효과를 비교한 뒤 복합 구조로 발전시키는 순서로 계획을 세우고 단열재의 공기층 구조와 비열, 상변화물질의 잠열 방출 원리를 조사했습니다. 사전 실험에서 생긴 문제를 반복 실험을 통해 파악하여 본 실험에 적용하였고 단열재 중에서는 수건, 솜, 에어캡, 상변화물질 중에서는 물, 소금물, 냉온찜질팩의 효과를 비교했습니다. 그 결과 단열재 중에서는 미세한 공기층을 통해 공기의 대류를 억제하는 솜이, 상변화물질 중에서는 어는점이 가장 높았던 물이 상변화 구간을 가장 오래 유지했습니다. 그 후 가장 효율이 좋았던 두 재료를 결합한 복합 구조로 설계해 실험한 결과, 단독 사용보다 100분 이상 더 길게 0℃ 부근이 유지되었습니다. 이 연구를 통해 상변화물질이 동파 방지를 위한 재료로써 활용될 수 있다는 결론을 얻었습니다. 다만 통제된 실내 환경 결과라 실제 환경 검증이 필요하다고 생각되며 추후 상변화 물질이 방출한 잠열을 낭비 없이 활용하는 방법을 알아보고 싶습니다.",,2026-07-29T09:52:03.999Z (학생-자소서),2026-08-03 19:05:12.044261+00
d01e332b-04ee-4f20-8fec-8990b210fb4c,ZKTVSlfX812R9nZ,3,"1학년 과학 시간에 상태변화를 배우며 잠열에 대해 알게 되었고, 이를 활용해 수도관 동파를 늦출 수 있을지 궁금했습니다. 그래서 상변화물질을 단열재와 함께 쓰면 온도 유지 효과가 향상될 것이라는 가설을 바탕으로 '단열재와 상변화 물질을 활용한 동결 지연 연구'를 탐구 주제로 정했습니다. 
  먼저 재료별 단독 효과를 비교한 뒤 복합 구조로 발전시키는 순서로 계획을 세우고 단열재의 공기층 구조와 비열, 상변화물질의 잠열 방출 원리를 조사했습니다. 사전 실험에서 생긴 문제를 반복 실험을 통해 파악하여 본 실험에 적용하였고 단열재 중에서는 수건, 솜, 에어캡, 상변화물질 중에서는 물, 소금물, 냉온찜질팩의 효과를 비교했습니다. 그 결과 단열재 중에서는 미세한 공기층을 통해 공기의 대류를 억제하는 솜이, 상변화물질 중에서는 어는점이 가장 높았던 물이 상변화 구간을 가장 오래 유지했습니다. 그 후 가장 효율이 좋았던 두 재료를 결합한 복합 구조로 설계해 실험한 결과, 단독 사용보다 100분 이상 더 길게 0℃ 부근이 유지되었습니다. 이 연구를 통해 상변화물질이 동파 방지를 위한 재료로써 활용될 수 있다는 결론을 얻었습니다. 다만 통제된 실내 환경 결과라 실제 환경 검증이 필요하다고 생각되며 추후 상변화 물질이 방출한 잠열을 낭비 없이 활용하는 방법을 알아보고 싶습니다.",,2026-07-25T14:50:51.000Z (학생-자소서),2026-08-03 19:05:12.044261+00
914b042b-24d4-4605-8190-9abee8c5d744,ZKTVSlfX812R9nZ,3,"1학년 과학 시간에 물질의 상태 변화에는 잠열이 필요하다는 것을 배우며, 이 원리로 수도관 동파를 늦출 수 있지 않을까 하는 의문에서 '단열재와 상변화물질을 활용한 동결 지연 연구'를 탐구 주제로 정하고, 두 물질을 함께 쓰면 온도 유지 효과가 향상될 것이라는 가설을 세웠습니다.
  먼저 재료별 단독 효과를 비교한 뒤 복합 구조로 발전시키는 순서로 계획을 세우고 단열재의 공기층 구조와 비열, 상변화물질의 잠열 방출 원리를 조사했습니다. 사전 실험에서 발생한 물의 상태변화 온도 측정 오류를 반복 실험을 통해 수정하여 본 실험에 적용하였습니다. 단열재 중에서는 수건, 솜, 에어캡, 상변화물질 중에서는 물, 소금물, 냉온찜질팩의 효과를 비교하였는데 그 결과 단열재 중에서는 미세한 공기층을 통해 공기의 대류를 억제하는 솜이, 상변화물질 중에서는 어는점이 가장 높았던 물이 상변화 구간을 가장 오래 유지하는 것을 확인했습니다. 그 후 효과가 제일 좋았던 두 재료를 결합하여 복합 구조로 설계해 실험한 결과, 단독 사용보다 100분 이상 더 길게 0℃ 부근이 유지되었습니다. 이 연구를 통해 상변화물질이 동파 방지를 위한 재료로써 활용될 수 있다는 결론을 얻었습니다. 다만 통제된 실내 환경 결과라 실제 환경 검증이 필요하다고 생각되며 추후 상변화 물질이 방출한 잠열을 낭비 없이 활용하는 방법을 알아보고 싶습니다.",,2026-07-29T10:10:57.000Z (학생-자소서),2026-08-03 19:05:12.044261+00
f61520ac-8649-4524-b98c-ebee2075af7f,ZKTVSlfX812R9nZ,3,"1학년 과학 시간에 배운 상태변화를 알아보던 중 잠열에 대해 알게 되었고, 이를 활용해 수도관 동파를 늦출 수 있을지 궁금했습니다. 그래서 많은 양의 잠열을 내는 PCM을 단열재와 함께 쓰면 온도 유지 효과가 향상될 것이라는 가설을 바탕으로 '단열재와 PCM을 활용한 동결 지연 연구'를 탐구 주제로 정했습니다. 
  먼저 재료별 단독 효과를 비교한 뒤 복합 구조로 발전시키는 순서로 계획을 세우고 단열재의 공기층 구조와 비열, PCM의 잠열 방출 원리를 조사했습니다. 사전 실험에서 생긴 문제의 이유를 반복 실험을 통해 알게 되었고, 이를 통해 단열재 중 수건, 솜, 에어캡, 그리고 PCM 중 물, 소금물, 냉온찜질팩의 효과를 비교했습니다. 그 결과 단열재 중에서는 미세한 공기층을 통해 공기의 대류를 억제하는 솜이, PCM 중에서는 가장 어는점이 높았던 물이 상변화 구간을 가장 오래 유지했습니다. 그 후, 가장 효율이 좋았던 두 재료를 결합한 복합 구조로 설계해 실험한 결과, 단독 사용보다 100분 이상 더 길게 0℃ 부근이 유지되었습니다. 이 연구를 통해 PCM이 동파 방지를 위한 재료로써 활용될 수 있다는 결론을 얻었습니다. 다만 통제된 실내 환경 결과라 실제 환경 검증이 필요하다고 평가했으며, PCM이 방출한 잠열을 낭비 없이 활용하는 방법을 알아보고 싶습니다.",,2026-07-25T14:00:07.000Z (학생-자소서),2026-08-03 19:05:12.044261+00
a4c9af90-cba3-4a09-9c62-29dc07f17776,ZKTVSlfX812R9nZ,3,"1학년 과학 시간에 물질의 상태 변화에는 잠열이 필요하다는 것을 배우며, 이 원리로 수도관 동파를 늦출 수 있지 않을까 하는 의문에서 '단열재와 상변화물질을 활용한 동결 지연 연구'를 탐구 주제로 정하고, 두 물질을 함께 쓰면 온도 유지 효과가 향상될 것이라는 가설을 세웠습니다.
  먼저 재료별 단독 효과를 비교한 뒤 복합 구조로 발전시키는 순서로 계획을 세우고 단열재의 공기층 구조와 비열, 상변화물질의 잠열 방출 원리를 조사했습니다. 사전 실험에서 발생한 물의 상태변화 온도 측정 오류를 반복 실험을 통해 수정하여 본 실험에 적용하였습니다. 단열재 중에서는 수건, 솜, 에어캡, 상변화물질 중에서는 물, 소금물, 냉온찜질팩의 효과를 비교하였는데 그 결과 단열재 중에서는 미세한 공기층을 통해 공기의 대류를 억제하는 솜이, 상변화물질 중에서는 어는점이 가장 높았던 물이 상변화 구간을 가장 오래 유지하는 것을 확인했습니다. 그 후 효과가 제일 좋았던 두 재료를 결합하여 복합 구조로 설계해 실험한 결과, 단독 사용보다 100분 이상 더 길게 0℃ 부근이 유지되었습니다. 이 연구를 통해 상변화물질이 동파 방지를 위한 재료로써 활용될 수 있다는 결론을 얻었습니다. 다만 통제된 실내 환경 결과라 실제 환경 검증이 필요하다고 생각되며 추후 상변화 물질이 방출한 잠열을 낭비 없이 활용하는 방법을 알아보고 싶습니다.",,2026-07-29T10:10:30.000Z (학생-자소서),2026-08-03 19:05:12.044261+00
89b536e0-5284-4da7-ba76-b89e2aa9a193,ZKTVSlfX812R9nZ,3,"  1학년 과학 시간에 배운 잠열의 원리로 수도관 동파를 늦출 수 있지 않을까 하는 의문에서 '단열재와 PCM을 활용한 동결 지연 연구'를 탐구 주제로 정하고, 단열재만으로는 한계가 있으니 PCM을 함께 쓰면 온도 유지 효과가 향상될 것이라는 가설을 세웠습니다.
  먼저 재료별 단독 효과를 비교한 뒤 복합 구조로 발전시키는 순서로 계획을 세우고 단열재의 공기층 구조와 비열, PCM의 잠열 방출 원리를 조사했습니다. 사전 실험에서 물의 온도가 예상했던 0℃가 아닌 -1~-3℃ 부근에서 유지돼 측정 오류로 여겼지만, 반복 실험에서도 같은 결과가 나와 센서를 외부에 부착해 간접 측정한 점과 과냉각 현상 때문으로 파악해 온도 급상승 시점을 잠열 방출 기준으로 재설정했습니다.
  단열재 중에서는 미세한 공기층이 대류를 억제하는 솜이, PCM 중에서는 물이 상변화 구간을 가장 오래 유지해 두 재료를 결합한 복합 구조로 설계해 실험한 결과, 단독 사용보다 100분 이상 더 길게 0℃ 부근이 유지되었습니다. 다만 통제된 실내 환경 결과라 실제 환경 검증이 필요하다고 평가했으며, 배합 조건을 최적화하는 에너지 효율 연구로 이어가고 싶습니다.",,2026-07-25T10:16:06.000Z (학생-자소서),2026-08-03 19:05:12.044261+00
d5b185f1-36eb-4302-b4c2-49284aede221,ZKTVSlfX812R9nZ,3,"1학년 과학 시간에 상태변화를 배우며 잠열에 대해 알게 되었고, 이를 활용해 수도관 동파를 늦출 수 있을지 궁금했습니다. 그래서 상변화물질을 단열재와 함께 쓰면 온도 유지 효과가 향상될 것이라는 가설을 바탕으로 '단열재와 상변화 물질을 활용한 동결 지연 연구'를 탐구 주제로 정했습니다. 
  먼저 재료별 단독 효과를 비교한 뒤 복합 구조로 발전시키는 순서로 계획을 세우고 단열재의 공기층 구조와 비열, 상변화물질의 잠열 방출 원리를 조사했습니다. 사전 실험에서 생긴 문제를 반복 실험을 통해 파악하여 본 실험에 적용하였고 단열재 중에서는 수건, 솜, 에어캡, 상변화물질 중에서는 물, 소금물, 냉온찜질팩의 효과를 비교했습니다. 그 결과 단열재 중에서는 미세한 공기층을 통해 공기의 대류를 억제하는 솜이, 상변화물질 중에서는 어는점이 가장 높았던 물이 상변화 구간을 가장 오래 유지했습니다. 그 후 가장 효율이 좋았던 두 재료를 결합한 복합 구조로 설계해 실험한 결과, 단독 사용보다 100분 이상 더 길게 0℃ 부근이 유지되었습니다. 이 연구를 통해 상변화물질이 동파 방지를 위한 재료로써 활용될 수 있다는 결론을 얻었습니다. 다만 통제된 실내 환경 결과라 실제 환경 검증이 필요하다고 생각되며 추후 상변화 물질이 방출한 잠열을 낭비 없이 활용하는 방법을 알아보고 싶습니다.",,2026-07-27T20:38:59.000Z (학생-자소서),2026-08-03 19:05:12.044261+00
f74d2db6-364f-49a6-9d7c-7f709640e427,ZKTVSlfX812R9nZ,3,"1학년 과학 시간에 상태변화를 배우며 잠열에 대해 알게 되었고, 이를 활용해 수도관 동파를 늦출 수 있을지 궁금했습니다. 그래서 상변화물질을 단열재와 함께 쓰면 온도 유지 효과가 향상될 것이라는 가설을 바탕으로 '단열재와 상변화 물질을 활용한 동결 지연 연구'를 탐구 주제로 정했습니다. 
  먼저 재료별 단독 효과를 비교한 뒤 복합 구조로 발전시키는 순서로 계획을 세우고 단열재의 공기층 구조와 비열, 상변화물질의 잠열 방출 원리를 조사했습니다. 사전 실험에서 생긴 문제를 반복 실험을 통해 파악하여 본 실험에 적용하였고 단열재 중에서는 수건, 솜, 에어캡, 상변화물질 중에서는 물, 소금물, 냉온찜질팩의 효과를 비교했습니다. 그 결과 단열재 중에서는 미세한 공기층을 통해 공기의 대류를 억제하는 솜이, 상변화물질 중에서는 어는점이 가장 높았던 물이 상변화 구간을 가장 오래 유지했습니다. 그 후 가장 효율이 좋았던 두 재료를 결합한 복합 구조로 설계해 실험한 결과, 단독 사용보다 100분 이상 더 길게 0℃ 부근이 유지되었습니다. 이 연구를 통해 상변화물질이 동파 방지를 위한 재료로써 활용될 수 있다는 결론을 얻었습니다. 다만 통제된 실내 환경 결과라 실제 환경 검증이 필요하다고 생각되며 추후 상변화 물질이 방출한 잠열을 낭비 없이 활용하는 방법을 알아보고 싶습니다.",,2026-07-27T13:31:16.000Z (학생-자소서),2026-08-03 19:05:12.044261+00
af1bd5f0-11d0-40b1-96a8-a4a909c2edd2,mo8vdRSQHGpoxY7,4,,,최신,2026-08-03 19:05:12.044261+00
89c1197b-d542-4126-8f10-91506d212d26,mo8vdRSQHGpoxY7,4,테스트,,2026-08-03T21:12:09.000Z (학생-자소서),2026-08-03 19:05:12.044261+00
402139fa-0225-4ee5-b3a3-f5b8f48be9b6,ZKTVSlfX812R9nZ,4,"공동체 생활의 어려움은 목표를 향해 나아가는 과정에서 생기는 갈등이며, 이때 리더의 역할이 중요하다고 생각합니다. 
  저는 리더란 항상 앞에 서서 이끄는 사람이라 여겨왔습니다. 2학년 초, 학급 회장으로써 학급에 면학 분위기를 만들려던 저는 친구들을 이해시키기보다 목표를 위해 끌고 가려 했고 친구들은 이를 강요로 느끼며 불편해했습니다. 그 과정에서 목표만 앞세워서는 지지를 얻을 수 없다는 것을 깨달았고, 리더는 앞이 아니라 친구들 옆에서 함께 이끄는 사람이어야 한다는 것을 알게 되었습니다. 
  이후 시험 날짜를 미리 안내하고 중요 내용을 정리해 공유하는 등 같은 목표를 공유하기 위해 노력했고, 학기 말에는 친구들도 자발적으로 자료를 보완하여 공유하며 함께 하는 분위기가 만들어졌습니다. 학년을 마무리하며 받은 롤링페이퍼에는 ‘덕분에 성적이 올랐다’는 메시지들이 담겨 있었습니다. 앞으로도 목표만 좇는 리더가 아니라 곁에�� 소통하며 함께 나아가는 구성원으로 공동체의 어려움을 해결하겠습니다.",,최신,2026-08-03 19:05:12.044261+00
cc242f35-a966-4dc2-b532-bca1c5b7fb51,ZKTVSlfX812R9nZ,4,"공동체 생활의 어려움은 목표를 향해 나아가는 과정에서 생기는 갈등이며, 이때 리더의 역할이 중요하다고 생각합니다. 
  저는 리더란 항상 앞에 서서 이끄는 사람이라 여겨왔습니다. 2학년 초, 학급 회장으로써 학급에 면학 분위기를 만들려던 저는 친구들을 이해시키기보다 목표를 위해 끌고 가려 했고 친구들은 이를 강요로 느끼며 불편해했습니다. 그 과정에서 목표만 앞세워서는 지지를 얻을 수 없다는 것을 깨달았고, 리더는 앞이 아니라 친구들 옆에서 함께 이끄는 사람이어야 한다는 것을 알게 되었습니다. 
  이후 시험 날짜를 미리 안내하고 중요 내용을 정리해 공유하는 등 같은 목표를 공유하기 위해 노력했고, 학기 말에는 친구들도 자발적으로 자료를 보완하여 공유하며 함께 하는 분위기가 만들어졌습니다. 학년을 마무리하며 받은 롤링페이퍼에는 ‘덕분에 성적이 올랐다’는 메시지들이 담겨 있었습니다. 앞으로도 목표만 좇는 리더가 아니라 곁에서 소통하며 함께 나아가는 구성원으로 공동체의 어려움을 해결하겠습니다.",,2026-07-29T10:10:57.000Z (학생-자소서),2026-08-03 19:05:12.044261+00
d5286f0a-e3a0-4b16-a5a9-b5321a0a8dcd,ZKTVSlfX812R9nZ,4,"공동체 생활의 어려움은 목표를 향해 나아가는 과정에서 생기는 갈등이며, 이때 리더의 역할이 중요하다고 생각합니다. 
  저는 리더란 항상 앞에 서서 이끄는 사람이라 여겨왔습니다. 2학년 초, 학급 회장으로써 학급에 면학 분위기를 만들려던 저는 친구들을 이해시키기보다 목표를 위해 끌고 가려 했고 친구들은 이를 강요로 느끼며 불편해했습니다. 그 과정에서 목표만 앞세워서는 지지를 얻을 수 없다는 것을 깨달았고, 리더는 앞이 아니라 친구들 옆에서 함께 이끄는 사람이어야 한다는 것을 알게 되었습니다. 
  이후 시험 날짜를 미리 안내하고 중요 내용을 정리해 공유하는 등 같은 목표를 공유하기 위해 노력했고, 학기 말에는 친구들도 자발적으로 자료를 보완하여 공유하며 함께 하는 분위기가 만들어졌습니다. 학년을 마무리하며 받은 롤링페이퍼에는 ‘덕분에 성적이 올랐다’는 메시지들이 담겨 있었습니다. 앞으로도 목표만 좇는 리더가 아니라 곁에서 소통하며 함께 나아가는 구성원으로 공동체의 어려움을 해결하겠습니다.",,2026-08-03T23:11:14.000Z (학생-자소서),2026-08-03 19:05:12.044261+00
d95849c7-ac0d-4cb2-9090-efe192a761fa,ZKTVSlfX812R9nZ,4," 저는 초등학교 때부터 꾸준히 회장을 해왔습니다. 예전에 제가 회장을 하면서 생각했던 리더쉽의 정의는 항상 친구들의 앞에 서서 이끌어주는 것이라고 생각했습니다. 그래서 중학교 2학년 때까지는 회장을 맡을 때 친구들을 이해하고 설득하는 것이 아닌 목표만을 이루기 위해 친구들을 끌고 가는 것이 올바른 리더쉽인 줄 알았습니다. 그러나 중학교 2학년이 된 후 학급에서 공부 분위기를 만들기 위해 노력하는 과정에서 친구들이 처음에는 제가 공부를 강요하는 것처럼 느껴 이를 불편해하고 좋아하지 않았습니다. 그 과정에서 단순히 목표만을 생각하는 것은 친구들의 지지를 얻을 수 없다는 것을 깨닫고 내가 지금까지 생각했던 리더쉽이 잘못되었을 수 있다는 생각을 하게 되었습니다. 리더쉽은 친구들의 앞에 서는 것이 아닌 친구들의 옆에서 같이 이끌어 가는 것이었습니다. 그 후로 저는 제가 먼저 행동하기로 마음먹고, 수행평가 같은 시험 날짜를 알려주고 중요 내용을 공유하는 등 솔선수범하는 모습을 보였고, 그 모습을 본 친구들도 자발적으로 정리 자료를 보완해주는 등 저를 도와주었습니다. ",,2026-07-27T13:31:16.000Z (학생-자소서),2026-08-03 19:05:12.044261+00
5a2ae139-66bc-4b7e-b0e2-94c2e6b4f072,ZKTVSlfX812R9nZ,4,"   공동체 생활의 어려움은 목표를 향해 나아가는 과정에서 생기는 갈등이며, 이때 리더의 역할이 중요하다고 생각합니다. 
  저는 회장을 맡을 때마다 리더란 항상 앞에 서서 이끄는 사람이라 여겼고 중학교 2학년 때까지도 친구들을 이해시키기보다 목표를 위해 끌고 가는 것이 옳은 리더십이라 생각했습니다. 그러나 2학년 때 학급에 면학 분위기를 만들려 하자 친구들은 이를 강요로 느끼며 불편해했습니다. 그 과정에서 목표만 앞세워서는 지지를 얻을 수 없다는 것을 깨달았고, 리더는 앞이 아니라 친구들 옆에서 함께 이끄는 사람이어야 한다는 것을 알게 되었습니다. 
  이후 저는 먼저 행동하기로 하고, 시험 날짜를 미리 안내하고 중요 내용을 정리해 공유하는 등 솔선수범했습니다. 그 모습을 본 친구들도 자발적으로 자료를 보완하며 저를 도왔습니다. 앞으로도 목표만 쫓는 리더가 아니라 곁에서 소통하며 함께 나아가는 리더로 공동체의 어려움을 해결하겠습니다.",,2026-07-29T09:52:03.999Z (학생-자소서),2026-08-03 19:05:12.044261+00
a2477995-1be3-404e-98b6-69bed1187553,ZKTVSlfX812R9nZ,4,"   공동체 생활의 어려움은 목표를 향해 나아가는 과정에서 생기는 갈등이며, 이때 리더의 역할이 중요하다고 생각합니다. 
  저는 회장을 맡을 때마다 리더란 항상 앞에 서서 이끄는 사람이라 여겼고 중학교 2학년 때까지도 친구들을 이해시키기보다 목표를 위해 끌고 가는 것이 옳은 리더십이라 생각했습니다. 그러나 2학년 때 학급에 면학 분위기를 만들려 하자 친구들은 이를 강요로 느끼며 불편해했습니다. 그 과정에서 목표만 앞세워서는 지지를 얻을 수 없다는 것을 깨달았고, 리더는 앞이 아니라 친구들 옆에서 함께 이끄는 사람이어야 한다는 것을 알게 되었습니다. 
  이후 저는 먼저 행동하기로 하고, 시험 날짜를 미리 안내하고 중요 내용을 정리해 공유하는 등 솔선수범했습니다. 그 모습을 본 친구들도 자발적으로 자료를 보완하며 저를 도왔습니다. 앞으로도 목표만 쫓는 리더가 아니라 곁에서 소통하며 함께 나아가는 리더로 공동체의 어려움을 해결하겠습니다.",,2026-07-27T20:38:59.000Z (학생-자소서),2026-08-03 19:05:12.044261+00
641ad857-ea77-4ec7-9e4c-cf977b98a1a9,1xYaV46iZaI7nNB,1,"저는 중학교 재학 중에 수학 동아리에 가입하여 활동했습니다. 이 동아리에서는, 교과서 내의 수학 뿐만 아니라 다른 분야의 수학도 많이 다루었습니다. 그 예로, 저는 중학교 1학년 때 동아리에서 지역 수학 축전에 참가했습니다. 위상수학의 한 분야인 ""매듭이론""을 주제로 탐구를 진행했으며, 저는 이 주제를 탐구하기 위해 정보들을 찾았습니다. 매듭이론의 기초 개념인 교차점, 영매듭과 매듭을 다른 매듭으로 변환하는 라이데마이스터 변환을 직접 체험해보며 위상수학을 몸소 경험했습니다. 저는 이 경험을 통해 학교에서 배우는 수학 외에도 흥미를 가지고 탐구하게 되었고, 이때 흥미를 가지게 된 위상수학을 더 깊이 공부해보게 되었습니다.
또, 2학년때는 동아리에서 사라지는 그림 마술을 주제로 탐구했습니다. 이 마술은 샘 로이드의 ""지구를 떠난 검객"" 이라는 퍼즐로, 고정된 배경 그림에서 원판 모양의 그림을 돌려, 13의 크기를 가진 검객 12명을 12의 크기를 가진 검객 13명으로 변화시키는 퍼즐입니다. 이 퍼즐을 ""수학적 모델링""을 통해 탐구하고 동일한 원리로 퍼즐을 만들어보며 이 원리를 더 깊게 이해할 수 있게 되었고, 어떤 대상을 수학적으로 바라보며 이해해보려 한 경험을 바탕으로 다른 대상을 수학적으로 보고 이해해보려 하게 되는 계기가 되었습니다.",,2026-08-02T00:24:13.999Z (학생-자소서),2026-08-03 19:05:10.961652+00
eabc7f16-509d-4831-a301-08de5929bd4a,1xYaV46iZaI7nNB,1,"저는 중학교 재학 중에 수학 동아리에 가입하여 활동했습니다. 이 동아리에서는, 교과서 내의 수학 뿐만 아니라 다른 분야의 수학도 많이 다루었습니다. 그 예로, 저는 중학교 1학년 때 동아리에서 지역 수학 축전에 참가했습니다. 위상수학의 한 분야인 ""매듭이론""을 주제로 탐구를 진행했으며, 저는 이 주제를 탐구하기 위해 정보들을 찾았습니다. 매듭이론의 기초 개념인 교차점, 영매듭과 매듭을 다른 매듭으로 변환하는 라이데마이스터 변환을 직접 체험해보며 위상수학을 몸소 경험했습니다. 저는 이 경험을 통해 학교에서 배우는 수학 외에도 흥미를 가지고 탐구하게 되었고, 이때 흥미를 가지게 된 위상수학을 더 깊이 공부해보게 되었습니다.
또, 2학년때는 동아리에서 사라지는 그림 마술을 주제로 탐구했습니다. 이 마술은 샘 로이드의 ""지구를 떠난 검객"" 이라는 퍼즐로, 고정된 배경 그림에서 원판 모양의 그림을 돌려, 13의 크기를 가진 검객 12명을 12의 크기를 가진 검객 13명으로 변화시키는 퍼즐입니다. 이 퍼즐을 ""수학적 모델링""을 통해 탐구하고 동일한 원리로 퍼즐을 만들어보며 이 원리를 더 깊게 이해할 수 있게 되었고, 어떤 대상을 수학적으로 바라보며 이해해보려 한 경험을 바탕으로 다른 대상을 수학적으로 보고 이해해보려 하게 되는 계기가 되었습니다.",,최신,2026-08-03 19:05:10.961652+00
4dd6957b-1208-420f-b80c-d85db24904a1,1xYaV46iZaI7nNB,1,"저는 중학교 재학 중에 수학 동아리에 가입하여 활동했습니다. 이 동아리에서는, 교과서 내의 수학 뿐만 아니라 다른 분야의 수학도 많이 다루었습니다. 그 예로, 저는 중학교 1학년 때 동아리에서 지역 수학 축전에 참가했습니다. 위상수학의 한 분야인 ""매듭이론""을 주제로 탐구를 진행했으며, 저는 이 주제를 탐구하기 위해 정보들을 찾았습니다. 매듭이론의 기초 개념인 교차점, 영매듭과 매듭을 다른 매듭으로 변환하는 라이데마이스터 변환을 직접 체험해보며 위상수학을 몸소 경험했습니다. 저는 이 경험을 통해 학교에서 배우는 수학 외에도 흥미를 가지고 탐구하게 되었고, 이때 흥미를 가지게 된 위상수학을 더 깊이 공부해보게 되었습니다.
또, 2학년때는 사라지는 그림 마술을 주제로 ",,2026-08-01T23:46:50.999Z (학생-자소서),2026-08-03 19:05:10.961652+00
7de00d1c-af1a-4f69-b1b9-ea00bfcd13a0,1xYaV46iZaI7nNB,1,"저는 중학교 재학 중에 수학 동아리에 가입하여 활동했습니다. 이 동아리에서는, 교과서 내의 수학 뿐만 아니라 다른 분야의 수학도 많이 다루었습니다. 그 예로, 저는 중학교 1학년 때 동아리에서 지역 수학 축전에 참가했습니다. 위상수학의 한 분야인 ""매듭이론""을 주제로 탐구를 진행했으며, 저는 이 주제를 탐구하기 위해 정보들을 찾았습니다. 매듭이론의 기초 개념인 교차점, 영매듭과 매듭을 다른 매듭으로 변환하는 라이데마이스터 변환을 직접 체험해보며 위상수학을 몸소 경험했습니다. 저는 이 경험을 통해 학교에서 배우는 수학 외에도 흥미를 가지고 탐구하게 되었고, 이때 흥미를 가지게 된 위상수학을 더 깊이 공부해보게 되었습니다.",,2026-07-30T02:53:41.000Z (학생-자소서),2026-08-03 19:05:10.961652+00
8b8d6179-e8c5-4e11-90fb-d313fdde30db,1xYaV46iZaI7nNB,1,"저는 중학교 재학 중에 수학 동아리에 가입하여 활동했습니다. 이 동아리에서는, 교과서 내의 수학 뿐만 아니라 다른 분야의 수학도 많이 다루었습니다. 그 예로, 저는 중학교 1학년 때 동아리에서 지역 수학 축전에 참가했습니다. 위상수학의 한 분야인 ""매듭이론""을 주제로 탐구를 진행했으며, 저는 이 주제를 탐구하기 위해 정보들을 찾았습니다. 매듭이론의 기초 개념인 교차점, 영매듭과 매듭을 다른 매듭으로 변환하는 라이데마이스터 변환을 직접 체험해보며 위상수학을 몸소 경험했습니다. 저는 이 경험을 통해 학교에서 배우는 수학 외에도 흥미를 가지고 탐구하게 되었고, 이때 흥미를 가지게 된 위상수학을 더 깊이 공부해보게 되었습니다.",,2026-07-30T02:46:10.999Z (학생-자소서),2026-08-03 19:05:10.961652+00
50950cdb-baad-4f5b-b6c6-f0be923ba17c,1xYaV46iZaI7nNB,1,"저는 중학교 재학 중에 수학 동아리에 가입하여 활동했습니다. 이 동아리에서는, 교과서 내의 수학 뿐만 아니라 다른 분야의 수학도 많이 다루었습니다. 그 예로, 저는 중학교 1학년 때 동아리에서 지역 수학 축전에 참가했습니다. 위상수학의 한 분야인 ""매듭이론""을 주제로 탐구를 진행했으며, 저는 이 주제를 탐구하기 위해 정보들을 찾았습니다. 매듭이론의 기초 개념인 교차점, 영매듭과 매듭을 다른 매듭으로 변환하는 라이데마이스터 변환을 직접 체험해보며 위상수학을 몸소 경험했습니다. 저는 이 경험을 통해 학교에서 배우는 수학 외에도 흥미를 가지고 탐구하게 되었고, 이때 흥미를 가지게 된 위상수학을 더 깊이 공부해보게 되었습니다.
또, 2학년때는 동아리에서 사라지는 그림 마술을 주제로 탐구했습니다. 이 마술은 샘 로이드의 ""지구를 떠난 검객"" 이라는 퍼즐로, 고정된 배경 그림에서 원판 모양의 그림을 돌려, 13의 크기를 가진 검객 12명을 12의 크기를 가진 검객 13명으로 변화시키는 퍼즐입니다. 이 퍼즐을 ""수학적 모델링""을 통해 탐구하고 동일한 원리로 퍼즐을 만들어보며 이 원리를 더 깊게 이해할 수 있게 되었고, 어떤 대상을 수학적으로 바라보며 이해해보려 한 경험을 바탕으로 다른 대상을 수학적으로 보고 이해해보려 하게 되는 계기가 되었습니다.",,2026-08-03T01:21:46.000Z (학생-자소서),2026-08-03 19:05:10.961652+00
f3798074-fd5e-45eb-97b1-d614bfe4d660,1xYaV46iZaI7nNB,1,"저는 중학교 재학 중에 수학 동아리에 가입하여 활동했습니다. 이 동아리에서는, 교과서 내의 수학 뿐만 아니라 다른 분야의 수학도 많이 다루었습니다. 그 예로, 저는 중학교 1학년 때 동아리에서 지역 수학 축전에 참가했습니다. 위상수학의 한 분야인 ""매듭이론""을 주제로 탐구를 진행했으며, 저는 이 주제를 탐구하기 위해 정보들을 찾았습니다. 매듭이론의 기초 개념인 교차점, 영매듭과 매듭을 다른 매듭으로 변환하는 라이데마이스터 변환을 직접 체험해보며 위상수학을 몸소 경험했습니다. 저는 이 경험을 통해 학교에서 배우는 수학 외에도 흥미를 가지고 탐구하게 되었고, 이때 흥미를 가지게 된 위상수학을 더 깊이 공부해보게 되었습니다.
또, 2학년때는 동아리에서 사라지는 그림 마술을 주제로 탐구했습니다. 이 마술은 샘 로이드의 ""지구를 떠난 검객"" 이라는 퍼즐로, 고정된 배경 그림에서 원판 모양의 그림을 돌려, 13의 크기를 가진 검객 12명을 12의 크기를 가진 검객 13명으로 변화시키는 퍼즐입니다. 이 퍼즐을 ""수학적 모델링""을 통해 탐구하고 동일한 원리로 퍼즐을 만들어보며 이 원리를 더 깊게 이해할 수 있게 되었고, 어떤 대상을 수학적으로 바라보며 이해해보려 한 경험을 바탕으로 다른 대상을 수학적으로 보고 이해해보려 하게 되는 계기가 되었습니다.",,2026-08-02T22:37:17.000Z (학생-자소서),2026-08-03 19:05:10.961652+00
979ff3f5-ff16-4d2e-84bf-f0bc7afdb52d,1xYaV46iZaI7nNB,1,"저는 중학교 재학 중에 수학 동아리에 가입하여 활동했습니다. 이 동아리에서는, 교과서 내의 수학 뿐만 아니라 다른 분야의 수학도 많이 다루었습니다. 그 예로, 저는 중학교 1학년 때 동아리에서 지역 수학 축전에 참가했습니다. 위상수학의 한 분야인 ""매듭이론""을 주제로 탐구를 진행했으며, 저는 이 주제를 탐구하기 위해 정보들을 찾았습니다. 매듭이론의 기초 개념인 교차점, 영매듭과 매듭을 다른 매듭으로 변환하는 라이데마이스터 변환을 직접 체험해보며 위상수학을 몸소 경험했습니다. 저는 이 경험을 통해 학교에서 배우는 수학 외에도 흥미를 가지고 탐구하게 되었고, 이때 흥미를 가지게 된 위상수학을 더 깊이 공부해보게 되었습니다.
또, 2학년때는 동아리에서 사라지는 그림 마술을 주제로 탐구했습니다. 이 마술은 샘 로이드의 ""지구를 떠난 검객"" 이라는 퍼즐로, 고정된 배경 그림에서 원판 모양의 그림을 돌려, 13의 크기를 가진 검객 12명을 12의 크기를 가진 검객 13명으로 변화시키는 퍼즐입니다. 이 퍼즐을 ""수학적 모델링""을 통해 탐구하고 동일한 원리로 퍼즐을 만들어보며 이 원리를 더 깊게 이해할 수 있게 되었고, 어떤 대상을 수학적으로 바라보며 이해해보려 한 경험을 바탕으로 다른 대상을 수학적으로 보고 이해해보려 하게 되는 계기가 되었습니다.",,2026-08-02T21:41:20.000Z (학생-자소서),2026-08-03 19:05:10.961652+00
807349bc-f3b7-4549-b063-d4ac294ad441,PBkjEb22z9NsW98,1,"몬티홀 딜레마를 통한 확률에 관한 정리와 몬티홀 딜레마의 문의 수, 차의 수에 대한 일반화
평소에 몬티홀 딜레마에 대해 '바꾸는 것이 차가 있는 문이 확률이 더 높다.'라는 말을 많이 들었다. 하지만 나는 아무리 생각해도 1/2인 것 같았다. 그래서 이 주제에 대해 탐구하게 되었다. 몬티홀 딜레마를 증명하기 위해 조건부 확률과 전확률 공식을 알아야 한다. 이것을 통해 기본적인 몬티홀 딜레마를 증명한다. 그리고 문이 4개일 때, 5개일 때 가다보면 몬티홀 딜레마에서 확률이 점점 증가한다는 사실을 알 수 있다. 이상한 점은 문이 증가하면 차를 고를 확률이 감소하는데, 몬티홀 딜레마에서는 증가하는 것이다. 이것에 대해 생각해보니, 문을 바꿀 때 차를 선택하는 확률이 증가한다는 것이 아니라, 바꾼 문들 중에 차가 존재할 확률이 증가한다는 것을 깨달았다. 추가적으로 찾아보던 중, 베이즈 정리에 대해 알았다. 이것은 과거의 일을 가지고 미래를 구할 수 있는 것이다. 나는 이 정리에 대해 놀라움을 느꼈다. 이 공식을 통해 미래의 일을 알 수 있다는 것은 나중에 일어날 재난, 재해에 대하여 확률적으로 대비를 할 수 있는 것이다. 이 과정을 통하여, 나의 미래에 대해 확률적으로 생각할 수 있는 기회가 되었고, 미래에 대한 나의 생각을 정리할 수 있는 기회가 되었다.

코시-슈바르츠 부등식의  다양한 증명과 그에 대한 다양한 확장 정리, 이 정리에 대한 응용
일차부등식을 배우면서 어떤 식의 범위를 알 수 있다는 것에서 매력을 느꼈다. 이에 관한 다양한 부등식을 알아보다가, 코시-슈바르츠 부등식을 보았다. 이것에 관한 증명은 기하적 증명, 대수적 증명 등, 많은 증명이 존재한다. 이것의 확장은 네스빗 부등식, T2 보조정리 등, 다양한 정리가 존재한다. 이것을 활용한 예는 원의 방정식 문제에서 기울기가 주어진 직선이 원과 만나는 조건을 살펴보며, 코시-슈바르츠 부등식을 이용해 가능한 y 절편의 범위를 더 쉽게 구할 수 있었다. 이 탐구를 통해 일차부등식, 이차함수, 도형의 방정식이 따로 떨어진 단원이 아니라, 식의 범위와 조건을 해석하는 공통된 관점으로 연결될 수 있음을 배웠다. 이것을 통해 건축에서 물체의 하중과 관련지어 나의 꿈에 대해 한 발 더 나아갈 수 있게 되었다.

텐세그리티의 특징과 세계의 고대 건축물의 활용, 내진 설계의 응용으로 건물의 안정성 증진
나는 세계 여러 나라를 돌아다니며 많은 고대 건축물들을 보아 이 건축물에는 어떤 물리적, 수학적 성질이 있는지 궁금했다. 그래서 나는 이것에 대하여 조사하기 시작했고, 텐세그리티라는 것을 알게 되었다. 적은 자재 수 만으로 버티는 것이 신기했다. 건축물이 버티기 위해서 필요한 것들을 한 공식 안에 적을 수 있는 것도 신기했다. 이 유연하고, 강한 구조를 이용하여, 기둥 안에 철근 대신 사용하면 내진과 동시에 안정적인 기둥을 설계할 수 있을 것이다. 이를 통해 전에 보았던 건축물의 숨겨진 원리에 대해 다시 알아보는 계기가 되었고, 짧은 공식 안에 많은 의미를 함축 시킬 수 있다는 것을 알았다. 이러한 과정을 통해 건축에 대해 진지하게 생각해보는 계기가 되었고, 내가 수학을 더 공부하는 계기가 되었다.",,2026-07-28T13:42:01.000Z (학생-자소서),2026-08-03 19:05:10.961652+00
7059f7c6-5f12-4e09-be9d-49be75c04f21,PBkjEb22z9NsW98,1,"몬티홀 딜레마를 통한 확률에 관한 정리와 몬티홀 딜레마의 문의 수, 차의 수에 대한 일반화
평소에 몬티홀 딜레마에 대해 '바꾸는 것이 차가 있는 문이 확률이 더 높다.'라는 말을 많이 들었다. 하지만 나는 아무리 생각해도 1/2인 것 같았다. 그래서 이 주제에 대해 탐구하게 되었다. 몬티홀 딜레마를 증명하기 위해 조건부 확률과 전확률 공식을 알아야 한다. 이것을 통해 기본적인 몬티홀 딜레마를 증명한다. 그리고 문이 4개일 때, 5개일 때 가다보면 몬티홀 딜레마에서 확률이 점점 증가한다는 사실을 알 수 있다. 이상한 점은 문이 증가하면 차를 고를 확률이 감소하는데, 몬티홀 딜레마에서는 증가하는 것이다. 이것에 대해 생각해보니, 문을 바꿀 때 차를 선택하는 확률이 증가한다는 것이 아니라, 바꾼 문들 중에 차가 존재할 확률이 증가한다는 것을 깨달았다. 추가적으로 찾아보던 중, 베이즈 정리에 대해 알았다. 이것은 과거의 일을 가지고 미래를 구할 수 있는 것이다. 나는 이 정리에 대해 놀라움을 느꼈다. 이 공식을 통해 미래의 일을 알 수 있다는 것은 나중에 일어날 재난, 재해에 대하여 확률적으로 대비를 할 수 있는 것이다. 이 과정을 통하여, 나의 미래에 대해 확률적으로 생각할 수 있는 기회가 되었고, 미래에 대한 나의 생각을 정리할 수 있는 기회가 되었다.

코시-슈바르츠 부등식의  다양한 증명과 그에 대한 다양한 확장 정리, 이 정리에 대한 응용
일차부등식을 배우면서 어떤 식의 범위를 알 수 있다는 것에서 매력을 느꼈다. 이에 관한 다양한 부등식을 알아보다가, 코시-슈바르츠 부등식을 보았다. 이것에 관한 증명은 기하적 증명, 대수적 증명 등, 많은 증명이 존재한다. 이것의 확장은 네스빗 부등식, T2 보조정리 등, 다양한 정리가 존재한다. 이것을 활용한 예는 원의 방정식 문제에서 기울기가 주어진 직선이 원과 만나는 조건을 살펴보며, 코시-슈바르츠 부등식을 이용해 가능한 y 절편의 범위를 더 쉽게 구할 수 있었다. 이 탐구를 통해 일차부등식, 이차함수, 도형의 방정식이 따로 떨어진 단원이 아니라, 식의 범위와 조건을 해석하는 공통된 관점으로 연결될 수 있음을 배웠다. 이것을 통해 건축에서 물체의 하중과 관련지어 나의 꿈에 대해 한 발 더 나아갈 수 있게 되었다.

텐세그리티의 특징과 세계의 고대 건축물의 활용, 내진 설계의 응용으로 건물의 안정성 증진
나는 세계 여러 나라를 돌아다니며 많은 고대 건축물들을 보아 이 건축물에는 어떤 물리적, 수학적 성질이 있는지 궁금했다. 그래서 나는 이것에 대하여 조사하기 시작했고, 텐세그리티라는 것을 알게 되었다. 적은 자재 수 만으로 버티는 것이 신기했다. 건축물이 버티기 위해서 필요한 것들을 한 공식 안에 적을 수 있는 것도 신기했다. 이 유연하고, 강한 구조를 이용하여, 기둥 안에 철근 대신 사용하면 내진과 동시에 안정적인 기둥을 설계할 수 있을 것이다. 이를 통해 전에 보았던 건축물의 숨겨진 원리에 대해 다시 알아보는 계기가 되었고, 짧은 공식 안에 많은 의미를 함축 시킬 수 있다는 것을 알았다. 이러한 과정을 통해 건축에 대해 진지하게 생각해보는 계기가 되었고, 내가 수학을 더 공부하는 계기가 되었다.",,2026-07-28T13:42:26.999Z (학생-자소서),2026-08-03 19:05:10.961652+00
7be9e18c-2c5c-40e2-8feb-ace23296f843,PBkjEb22z9NsW98,1,,111,2026-08-03T15:30:02.000Z (선생님-피드백),2026-08-03 19:05:10.961652+00
65273709-b32d-4e5c-a6e2-05dab536dd8b,PBkjEb22z9NsW98,1,,111,2026-08-03T15:30:51.000Z (선생님-피드백),2026-08-03 19:05:10.961652+00
5a438ed0-7777-4c93-93b6-1954c5cd4489,PBkjEb22z9NsW98,1,,1234,2026-08-03T15:34:21.000Z (선생님-피드백),2026-08-03 19:05:10.961652+00
9f8efa1d-0bf1-4997-b484-5191e99b323c,PBkjEb22z9NsW98,1,"몬티홀 딜레마를 통한 확률에 관한 정리와 몬티홀 딜레마의 문의 수, 차의 수에 대한 일반화
평소에 몬티홀 딜레마에 대해 '바꾸는 것이 차가 있는 문이 확률이 더 높다.'라는 말을 많이 들었다. 하지만 나는 아무리 생각해도 1/2인 것 같았다. 그래서 이 주제에 대해 탐구하게 되었다. 몬티홀 딜레마를 증명하기 위해 조건부 확률과 전확률 공식을 알아야 한다. 이것을 통해 기본적인 몬티홀 딜레마를 증명한다. 그리고 문이 4개일 때, 5개일 때 가다보면 몬티홀 딜레마에서 확률이 점점 증가한다는 사실을 알 수 있다. 이상한 점은 문이 증가하면 차를 고를 확률이 감소하는데, 몬티홀 딜레마에서는 증가하는 것이다. 이것에 대해 생각해보니, 문을 바꿀 때 차를 선택하는 확률이 증가한다는 것이 아니라, 바꾼 문들 중에 차가 존재할 확률이 증가한다는 것을 깨달았다. 추가적으로 찾아보던 중, 베이즈 정리에 대해 알았다. 이것은 과거의 일을 가지고 미래를 구할 수 있는 것이다. 나는 이 정리에 대해 놀라움을 느꼈다. 이 공식을 통해 미래의 일을 알 수 있다는 것은 나중에 일어날 재난, 재해에 대하여 확률적으로 대비를 할 수 있는 것이다. 이 과정을 통하여, 나의 미래에 대해 확률적으로 생각할 수 있는 기회가 되었고, 미래에 대한 나의 생각을 정리할 수 있는 기회가 되었다.

코시-슈바르츠 부등식의  다양한 증명과 그에 대한 다양한 확장 정리, 이 정리에 대한 응용
일차부등식을 배우면서 어떤 식의 범위를 알 수 있다는 것에서 매력을 느꼈다. 이에 관한 다양한 부등식을 알아보다가, 코시-슈바르츠 부등식을 보았다. 이것에 관한 증명은 기하적 증명, 대수적 증명 등, 많은 증명이 존재한다. 이것의 확장은 네스빗 부등식, T2 보조정리 등, 다양한 정리가 존재한다. 이것을 활용한 예는 원의 방정식 문제에서 기울기가 주어진 직선이 원과 만나는 조건을 살펴보며, 코시-슈바르츠 부등식을 이용해 가능한 y 절편의 범위를 더 쉽게 구할 수 있었다. 이 탐구를 통해 일차부등식, 이차함수, 도형의 방정식이 따로 떨어진 단원이 아니라, 식의 범위와 조건을 해석하는 공통된 관점으로 연결될 수 있음을 배웠다. 이것을 통해 건축에서 물체의 하중과 관련지어 나의 꿈에 대해 한 발 더 나아갈 수 있게 되었다.

텐세그리티의 특징과 세계의 고대 건축물의 활용, 내진 설계의 응용으로 건물의 안정성 증진
나는 세계 여러 나라를 돌아다니며 많은 고대 건축물들을 보아 이 건축물에는 어떤 물리적, 수학적 성질이 있는지 궁금했다. 그래서 나는 이것에 대하여 조사하기 시작했고, 텐세그리티라는 것을 알게 되었다. 적은 자재 수 만으로 버티는 것이 신기했다. 건축물이 버티기 위해서 필요한 것들을 한 공식 안에 적을 수 있는 것도 신기했다. 이 유연하고, 강한 구조를 이용하여, 기둥 안에 철근 대신 사용하면 내진과 동시에 안정적인 기둥을 설계할 수 있을 것이다. 이를 통해 전에 보았던 건축물의 숨겨진 원리에 대해 다시 알아보는 계기가 되었고, 짧은 공식 안에 많은 의미를 함축 시킬 수 있다는 것을 알았다. 이러한 과정을 통해 건축에 대해 진지하게 생각해보는 계기가 되었고, 내가 수학을 더 공부하는 계기가 되었다.",,2026-07-28T13:42:18.999Z (학생-자소서),2026-08-03 19:05:10.961652+00
920cec8b-8901-471c-9f9f-690aae4bfa28,YMqRLEUmmu4DQGu,1,"(수학행사 관련, 독서 관련, 교과 연장 탐구, 굳이 어려운 내용일 필요 없다.)
개인
활동주제:작도(임시)
내용:학교에서 작도 수업을 하다가 눈금 없는 자와 컴퍼스만으로 수많은 도형을 그릴 수 있다는 점에 흥미를 느껴 탐구를 해보았다. 교과서에 나와있는 기본적인 작도들부터 왜 그러한 결과가 나오는지 증명하였다. 이과정에서 작도 또한 일종의 논증이며 기본작도라는 기초적 논증을 더욱 복잡한 논증으로 확장하는 과정이라는 것을 알게 되었다. 또한 정오각형의 작도를 종이접기를 활용하는 등의 다른 방식으로도 해보고 cos72도의 증명과 연결지어 도형과 수의 연결성을 깨닫는 계기가 되었다.
개인
활동주제:이진수(진법) 탐구
내용:학교 정보 시간에 이진수를 배우고 흥미를 느껴 탐구하였다. 십진수를 이진수로 바꾸는 방법이나 컴퓨터에서 어떻게 인지하는지 뿐만 아니라 이진수를 활용한 여러문제 또한 해결해보고 이진법 뿐만 아니라 다른 진법들또한 알아보며 수의 영역에 대한 확장을 이루었다.(내용 보충 필요)
개인
활동주제:암호 탐구
내용:스키테일 암호, 치환암호 등 탐구 및 적용(내용추가 필요)","주제1

제목
전자기기의 기울기 변화 조사를 통해 알게된 자이로센서의 원리와 돌림힘 탐구

1) 글자수부족
2) 수학적 원리이해 못한부분 삭제
2) 이 활동에서 세분화 해서 분석하는 방법의 구체적 적용 사례 제시

주제2

1) 구체적으로 엔트로피를 설명한 방법 작성
2) 구체적으로 자사한 책이나 영상을 제시해야 함(한두가지 정도)
3) 이 활동을 통해 배우고 적용한 사례 제시 

주제3(내용 괜찮음 바꿀필요 없음)

안면 부위별 가림 실험에 통한 특징점 분석과 AI 안면 인식 알고리즘 작동 메커니즘 탐구

1) 맨 마지막 문장은 삭제
2) 이 활동을 통해 배우고 적용한 사례 제시 ",최신,2026-08-03 19:05:10.961652+00
cb1f02a6-0f2e-4042-99bb-834dd90eb31f,YMqRLEUmmu4DQGu,1,,"주제1

제목
전자기기의 기울기 변화 조사를 통해 알게된 자이로센서의 원리와 돌림힘 탐구

1) 글자수부족
2) 수학적 원리이해 못한부분 삭제
2) 이 활동에서 세분화 해서 분석하는 방법의 구체적 적용 사례 제시

주제2

1) 구체적으로 엔트로피를 설명한 방법 작성
2) 구체적으로 자사한 책이나 영상을 제시해야 함(한두가지 정도)
3) 이 활동을 통해 배우고 적용한 사례 제시 

주제3(내용 괜찮음 바꿀필요 없음)

안면 부위별 가림 실험에 통한 특징점 분석과 AI 안면 인식 알고리즘 작동 메커니즘 탐구

1) 맨 마지막 문장은 삭제
2) 이 활동을 통해 배우고 적용한 사례 제시 ",2026-08-03T21:26:02.000Z (선생님-피드백),2026-08-03 19:05:10.961652+00
801ee510-68fd-428b-967a-e737ca741750,YMqRLEUmmu4DQGu,1,"(수학행사 관련, 독서 관련, 교과 연장 탐구, 굳이 어려운 내용일 필요 없다.)
개인
활동주제:작도(임시)
내용:학교에서 작도 수업을 하다가 눈금 없는 자와 컴퍼스만으로 수많은 도형을 그릴 수 있다는 점에 흥미를     느껴 탐구를 해보았다. 교과서에 나와있는 기본적인 작도들부터 왜 그러한 결과가 나오는지 증명하였다. 이과정에서 작도 또한 일종의 논증이며 기본작도라는 기초적 논증을 더욱 복잡한 논증으로 확장하는 과정이라는 것을 알게 되었다.
개인
활동주제:이진수(진법) 탐구",,2026-07-27T18:54:30.000Z (학생-자소서),2026-08-03 19:05:10.961652+00
4d597c2a-4849-4207-b753-0e2852d16f63,YMqRLEUmmu4DQGu,1,"(수학행사 관련, 독서 관련, 교과 연장 탐구)",,2026-07-25T12:28:23.000Z (학생-자소서),2026-08-03 19:05:10.961652+00
6b0d6a60-4f2b-41f4-9e78-69e8228aadea,YMqRLEUmmu4DQGu,1,"(수학행사 관련, 독서 관련, 교과 연장 탐구, 굳이 어려운 내용일 필요 없다.)
개인
활동주제:작도(임시)
내용:학교에서 작도 수업을 하다가 눈금 없는 자와 컴퍼스만으로 수많은 도형을 그릴 수 있다는 점에 흥미를     느껴 탐구를 해보았다. 교과서에 나와있는 기본적인 작도들부터 왜 그러한 결과가 나오는지 증명하였다. 이과정에서 작도 또한 일종의 논증이며 기본작도라는 기초적 논증을 더욱 복잡한 논증으로 확장하는 과정이라는 것을 알게 되었다. 또한 정오각형의 작도를 종이접기를 활용하는 등의 다른 방식으로도 해보고 ocs72도의 증명과 연결지어 도형과 수의 연결성을 깨닫는 계기가 되었다.
개인
활동주제:이진수(진법) 탐구
내용:",,2026-07-27T19:56:08.000Z (학생-자소서),2026-08-03 19:05:10.961652+00
68e951e3-c9ec-4ebf-a4f0-917cc0721567,YMqRLEUmmu4DQGu,1,"(수학행사 관련, 독서 관련, 교과 연장 탐구, 굳이 어려운 내용일 필요 없다.)
개인
활동주제:작도(임시)
내용:학교에서 작도 수업을 하다가 눈금 없는 자와 컴퍼스만으로 수많은 도형을 그릴 수 있다는 점에 흥미를 느껴 탐구를 해보았다. 교과서에 나와있는 기본적인 작도들부터 왜 그러한 결과가 나오는지 증명하였다. 이과정에서 작도 또한 일종의 논증이며 기본작도라는 기초적 논증을 더욱 복잡한 논증으로 확장하는 과정이라는 것을 알게 되었다. 또한 정오각형의 작도를 종이접기를 활용하는 등의 다른 방식으로도 해보고 cos72도의 증명과 연결지어 도형과 수의 연결성을 깨닫는 계기가 되었다.
개인
활동주제:이진수(진법) 탐구
내용:학교 정보 시간에 이진수를 배우고 흥미를 느껴 탐구하였다. 십진수를 이진수로 바꾸는 방법이나 컴퓨터에서 어떻게 인지하는지 뿐만 아니라 이진수를 활용한 여러문제 또한 해결해보고 이진법 뿐만 아니라 다른 진법들또한 알아보며 수의 영역에 대한 확장을 이루었다.(내용 보충 필요)
개인
활동주제:암호 탐구
내용:",,2026-07-27T20:25:02.000Z (학생-자소서),2026-08-03 19:05:10.961652+00
5b5f41a2-6c83-4e41-99b5-6419a49a29f6,YMqRLEUmmu4DQGu,1,"(수학행사 관련, 독서 관련, 교과 연장 탐구, 굳이 어려운 내용일 필요 없다.)
개인
활동주제:작도(임시)
내용:학교에서 작도 수업을 하다가 눈금 없는 자와 컴퍼스만으로 수많은 도형을 그릴 수 있다는 점에 흥미를 느껴 탐구를 해보았다. 교과서에 나와있는 기본적인 작도들부터 왜 그러한 결과가 나오는지 증명하였다. 이과정에서 작도 또한 일종의 논증이며 기본작도라는 기초적 논증을 더욱 복잡한 논증으로 확장하는 과정이라는 것을 알게 되었다. 또한 정오각형의 작도를 종이접기를 활용하는 등의 다른 방식으로도 해보고 cos72도의 증명과 연결지어 도형과 수의 연결성을 깨닫는 계기가 되었다.
개인
활동주제:이진수(진법) 탐구
내용:학교 정보 시간에 이진수를 배우고 흥미를 느껴 탐구하였다. 십진수를 이진수로 바꾸는 방법이나 컴퓨터에서 어떻게 인지하는지 뿐만 아니라 이진수를 활용한 여러문제 또한 해결해보고 이진법 뿐만 아니라 다른 진법들또한 알아보며 수의 영역에 대한 확장을 이루었다.(내용 보충 필요)
개인
활동주제:암호 탐구
내용:스키테일 암호, 치환암호 등 탐구 및 적용(내용추가 필요)",,2026-08-01T19:25:08.000Z (학생-자소서),2026-08-03 19:05:10.961652+00
90b1e45f-1c52-49d9-9db4-711e05a8020c,YMqRLEUmmu4DQGu,1,"(수학행사 관련, 독서 관련, 교과 연장 탐구, 굳이 어려운 내용일 필요 없다.)
개인
활동주제:작도(임시)
내용:학교에서 작도 수업을 하다가 눈금 없는 자와 컴퍼스만으로 수많은 도형을 그릴 수 있다는 점에 흥미를 느껴 탐구를 해보았다. 교과서에 나와있는 기본적인 작도들부터 왜 그러한 결과가 나오는지 증명하였다. 이과정에서 작도 또한 일종의 논증이며 기본작도라는 기초적 논증을 더욱 복잡한 논증으로 확장하는 과정이라는 것을 알게 되었다. 또한 정오각형의 작도를 종이접기를 활용하는 등의 다른 방식으로도 해보고 cos72도의 증명과 연결지어 도형과 수의 연결성을 깨닫는 계기가 되었다.
개인
활동주제:이진수(진법) 탐구
내용:학교 정보 시간에 이진수를 배우고 흥미를 느껴 탐구하였다. 십진수를 이진수로 바꾸는 방법이나 컴퓨터에서 어떻게 인지하는지 뿐만 아니라 이진수를 활용한 여러문제 또한 해결해보고 이진법 뿐만 아니라 다른 진법들또한 알아보며 수의 영역에 대한 확장을 이루었다.(내용 보충 필요)
개인
활동주제:암호 탐구
내용:스키테일 암호, 치환암호 등 탐구 및 적용(내용추가 필요)",,2026-08-01T19:24:41.000Z (학생-자소서),2026-08-03 19:05:10.961652+00
f3f7f0cc-39bf-490a-8ac7-3f69e0e38df7,YMqRLEUmmu4DQGu,1,"(수학행사 관련, 독서 관련, 교과 연장 탐구, 굳이 어려운 내용일 필요 없다.)
개인
활동주제:작도(임시)
내용:학교에서 작도 수업을 하다가 눈금 없는 자와 컴퍼스만으로 수많은 도형을 그릴 수 있다는 점에 흥미를     느껴 탐구를 해보았다. 교과서에 나와있는 기본적인 작도들부터 왜 그러한 결과가 나오는지 증명하였다. 이과정에서 작도 또한 일종의 논증이며 기본작도라는 기초적 논증을 더욱 복잡한 논증으로 확장하는 과정이라는 것을 알게 되었다.",,2026-07-25T13:54:40.999Z (학생-자소서),2026-08-03 19:05:10.961652+00
dc3ac633-745c-4022-996f-c1cb00068a62,YMqRLEUmmu4DQGu,1,"(수학행사 관련, 독서 관련, 교과 연장 탐구, 굳이 어려운 내용일 필요 없다.)
개인
활동주제:작도(임시)
내용:학교에서 작도 수업을 하다가 눈금 없는 자와 컴퍼스만으로 수많은 도형을 그릴 수 있다는 점에 흥미를     느껴 탐구를 해보았다. 교과서에 나와있는 기본적인 작도들부터 왜 그러한 결과가 나오는지 증명하였다. 이과정에서 ",,2026-07-25T13:36:27.000Z (학생-자소서),2026-08-03 19:05:10.961652+00
7ffc1894-fce6-484f-9e3a-0fe7abd71360,YMqRLEUmmu4DQGu,1,"(수학행사 관련, 독서 관련, 교과 연장 탐구, 굳이 어려운 내용일 필요 없다.)
개인
활동주제:작도(임시)
내용:학교에서 작도 수업을 하다가 눈금 없는 자와 컴퍼스만으로 수많은 도형을 그릴 수 있다는 점에 흥미를 느껴 탐구를 해보았다. 교과서에 나와있는 기본적인 작도들부터 왜 그러한 결과가 나오는지 증명하였다. 이과정에서 작도 또한 일종의 논증이며 기본작도라는 기초적 논증을 더욱 복잡한 논증으로 확장하는 과정이라는 것을 알게 되었다. 또한 정오각형의 작도를 종이접기를 활용하는 등의 다른 방식으로도 해보고 cos72도의 증명과 연결지어 도형과 수의 연결성을 깨닫는 계기가 되었다.
개인
활동주제:이진수(진법) 탐구
내용:학교 정보 시간에 이진수를 배우고 흥미를 느껴 탐구하였다. 십진수를 이진수로 바꾸는 방법이나 컴퓨터에서 어떻게 인지하는지 뿐만 아니라 이진수를 활용한 여러문제 또한 해결해보고 이진법 뿐만 아니라 다른 진법들또한 알아보며 수의 영역에 대한 확장을 이루었다.(내용 보충 필요)
개인
활동주제:암호 탐구
내용:스키테일 암호, 치환암호 등 탐구 및 적용(내용추가 필요)",,2026-07-27T20:30:10.000Z (학생-자소서),2026-08-03 19:05:10.961652+00
02969c2b-8b9a-4793-afad-2c473fe84ebd,YMqRLEUmmu4DQGu,1,"(수학행사 관련, 독서 관련, 교과 연장 탐구, 굳이 어려운 내용일 필요 없다.)
개인
활동주제:작도(임시)
내용:학교에서 작도 수업을 하다가 눈금 없는 자와 컴퍼스만으로 수많은 도형을 그릴 수 있다는 점에 흥미를     느껴 탐구를 해보았다. 교과서에 나와있는 기본적인 작도들부터 왜 그러한 결과가 나오는지 증명하였다. 이과정에서 작도 또한 일종의 논증이며 기본작도라는 기초적 논증을 더욱 복잡한 논증으로 확장하는 과정이라는 것을 알게 되었다. 또한 정오각형의 작도를 종이접기를 활용하는 등의 다른 방식으로도 해보고 ocs72도의 증명과 연결지어 도형과 수의 연결성을 깨닫는 계기가 되었다.
개인
활동주제:이진수(진법) 탐구
내용:",,2026-07-27T19:53:32.000Z (학생-자소서),2026-08-03 19:05:10.961652+00
35dc66db-59a1-4d28-bacb-4937816d5625,YMqRLEUmmu4DQGu,1,"(수학행사 관련, 독서 관련, 교과 연장 탐구, 굳이 어려운 내용일 필요 없다.)
개인
활동주제:작도(임시)
내용:학교에서 작도 수업을 하다가 눈금 없는 자와 컴퍼스만으로 수많은 도형을 그릴 ",,2026-07-25T13:20:27.000Z (학생-자소서),2026-08-03 19:05:10.961652+00
bdc20efe-f7d7-4d34-ae27-9a591ee3e88b,ZKTVSlfX812R9nZ,1,"에너지와 환경 문제에 관심을 갖고 신재생에너지를 공부하다 태양광 발전은 친환경적이지만 날씨와 시간대에 따라 발전량이 불안정해 ESS(에너지저장장치)가 필요함을 알게 되었습니다. 과학 시간에 도시 광산에 대해 알아보다 폐가전제품에 다양한 금속 자원이 있어 ESS에 활용할 수 있다는 것을 인지해, 폐가전제품에서 얻은 배터리를 ESS로 활용하는 탐구를 진행했습니다. 그 결과 태양광 패널만 연결했을 때는 패널에서 생산된 전기의 전압이 밤에 0.1V로 떨어지지만, 배터리를 연결해 낮에 생성한 전기를 배터리에 저장했을 때는 밤에도 3.7V의 전압을 유지하는 것을 확인했습니다. 버려지는 자원으로도 에너지 문제를 해결할 수 있다는 사실에 흥미를 느꼈고 지속가능한 에너지를 효율적으로 만드는 방법을 연구하고 싶다는 목표를 갖게 되었습니다.
  이 꿈을 이루기 위해 분당중앙과학고에 진학한 후 물리학과 화학 등 기초 과학을 공부하며 에너지 관련 지식을 쌓고 신재생에너지 저장 기술을 발전시켜 안정적 전력 유지가 필수적인 데이터센터 등에 활용할 기술을 연구하겠습니다. 또한 과제연구를 통해 폐자원을 활용한 지속가능한 에너지 연구를 설계해, 에너지 기술 발전에 기여하는 신재생에너지 연구원으로 성장하겠습니다.",,최신,2026-08-03 19:05:10.961652+00
fe7a01a2-6219-4a76-a660-923b7c71ac7a,1xYaV46iZaI7nNB,2,"저는 일정 성분비 법칙을 주제로 한 탄산수소나트륨과 시트르산의 화학 반응을 실험해보게 되었습니다. 먼저 화학 반응식을 세워 탄산수소나트륨과 시트르산의 반응 계수비를 구하고, 이산화탄소가 기체로 생성된다는 것을 구했습니다. 그리고, 같은 몰농도의 탄산수소나트륨과 시트르산의 수용액을 만들고, 탄산수소나트륨의 양을 고정시킨 후 시트르산의 양을 다르게 하여 시험관에 넣고 풍선을 씌워 기체의 부피를 대략적으로 측정했습니다. 이 과정에서 시험관에 용액을 잘못 넣는다던지, 가루의 질량을 측정하다가 흘리는 등 시행착오가 많았지만, 이를 통해 실험 기구의 정확한 사용법과 안전 수칙을 직접 체험하며 이해할 수 있었습니다.
또, 물리 분야에서는 ",,최신,2026-08-03 19:05:10.961652+00
68abaf22-406b-424e-aeeb-fff2c23f3495,1xYaV46iZaI7nNB,2,"저는 일정 성분비 법칙을 주제로 한 탄산수소나트륨과 시트르산의 화학 반응을 실험해보게 되었습니다. 먼저 화학 반응식을 세워 탄산수소나트륨과 시트르산의 반응 계수비를 구하고, 이산화탄소가 기체로 생성된다는 것을 구했습니다. 그리고, 같은 몰농도의 탄산수소나트륨과 시트르산의 수용액을 만들고, 탄산수소나트륨의 양을 고정시킨 후 시트르산의 양을 다르게 하여 시험관에 넣고 풍선을 씌워 기체의 부피를 대략적으로 측정했습니다. 이 과정에서 시험관에 용액을 잘못 넣는다던지, 가루의 질량을 측정하다가 흘리는 등 시행착오가 많았지만, 이를 통해 실험 기구의 정확한 사용법과 안전 수칙을 직접 체험하며 이해할 수 있었습니다.
또, 물리 분야에서는 ",,2026-08-03T01:21:46.000Z (학생-자소서),2026-08-03 19:05:10.961652+00
967641a7-8fc9-4ca7-9b26-232d7682f7f5,1xYaV46iZaI7nNB,2,"저는 일정 성분비 법칙을 주제로 한 탄산수소나트륨과 시트르산의 화학 반응을 실험해보게 되었습니다. 먼저 화학 반응식을 세워 탄산수소나트륨과 시트르산의 반응 계수비를 구하고, 이산화탄소가 기체로 생성된다는 것을 구했습니다. 그리고, 같은 몰농도의 탄산수소나트륨과 시트르산의 수용액을 만들고, 탄산수소나트륨의 양을 고정시킨 후 시트르산의 양을 다르게 하여 시험관에 넣고 풍선을 씌워 기체의 부피를 대략적으로 측정했습니다. 이 과정에서 시험관에 용액을 잘못 넣는다던지, 가루의 질량을 측정하다가 흘리는 등 시행착오가 많았지만, 이를 통해 실험 기구의 정확한 사용법과 안전 수칙을 직접 체험하며 이해할 수 있었습니다.",,2026-08-02T22:37:17.000Z (학생-자소서),2026-08-03 19:05:10.961652+00
03f092eb-b6e9-4063-8f5d-c050704eac21,1xYaV46iZaI7nNB,2,"저는 일정 성분비 법칙을 주제로 한 탄산수소나트륨과 시트르산의 화학 반응을 실험해보게 되었습니다. 먼저 화학 반응식을 세워 탄산수소나트륨과 시트르산의 반응 계수비를 구하고, 이산화탄소가 기체로 생성된다는 것을 구했습니다. 그리고, 같은 몰농도의 탄산수소나트륨과 시트르산의 수용액을 만들고, 탄산수소나트륨의 양을 고정시킨 후 시트르산의 양을 다르게 하여 시험관에 넣고 풍선을 씌워 기체의 부피를 대략적으로 측정했습니다. 이 과정에서 시험관에 용액을 잘못 넣는다던지, 가루의 질량을 측정하다가 흘리는 등 시행착오가 많았지만, 이를 통해 실험 기구의 정확한 사용법과 안전 수칙을 직접 체험하며 이해할 수 있었습니다.",,2026-08-02T21:41:20.000Z (학생-자소서),2026-08-03 19:05:10.961652+00
8543d5fb-fb06-445f-80b1-869c79e24987,1xYaV46iZaI7nNB,2,"저는 일정 성분비 법칙을 주제로 한 탄산수소나트륨과 시트르산의 화학 반응을 실험해보게 되었습니다. 먼저 화학 반응식을 세워 탄산수소나트륨과 시트르산의 반응 계수비를 구하고, 이산화탄소가 기체로 생성된다는 것을 구했습니다. 그리고, 같은 몰농도의 탄산수소나트륨과 시트르산의 수용액을 만들고, 탄산수소나트륨의 양을 고정시킨 후 시트르산의 양을 다르게 하여 시험관에 넣고 풍선을 씌워 기체의 부피를 대략적으로 측정했습니다. 이 과정에서 시험관에 용액을 잘못 넣는다던지, 가루의 질량을 측정하다가 흘리는 등 시행착오가 많았지만, 이를 통해 실험 기구의 정확한 사용법과 안전 수칙을 직접 체험하며 이해할 수 있었습니다.",,2026-08-01T23:46:50.999Z (학생-자소서),2026-08-03 19:05:10.961652+00
1e711eed-061d-460a-9ca0-e367bf588807,1xYaV46iZaI7nNB,2,"저는 일정 성분비 법칙을 주제로 한 탄산수소나트륨과 시트르산의 화학 반응을 실험해보게 되었습니다. 먼저 화학 반응식을 세워 탄산수소나트륨과 시트르산의 반응 계수비를 구하고, 이산화탄소가 기체로 생성된다는 것을 구했습니다. 그리고, 같은 몰농도의 탄산수소나트륨과 시트르산의 수용액을 만들고, 탄산수소나트륨의 양을 고정시킨 후 시트르산의 양을 다르게 하여 시험관에 넣고 풍선을 씌워 기체의 부피를 대략적으로 측정했습니다. 이 과정에서 시험관에 용액을 잘못 넣는다던지, 가루의 질량을 측정하다가 흘리는 등 시행착오가 많았지만, 이를 통해 실험 기구의 정확한 사용법과 안전 수칙을 직접 체험하며 이해할 수 있었습니다.",,2026-07-30T02:53:41.000Z (학생-자소서),2026-08-03 19:05:10.961652+00
40acd4c5-53ac-4a46-9162-0bca63b2e909,1xYaV46iZaI7nNB,2,"저는 일정 성분비 법칙을 주제로 한 탄산수소나트륨과 시트르산의 화학 반응을 실험해보게 되었습니다. 먼저 화학 반응식을 세워 탄산수소나트륨과 시트르산의 반응 계수비를 구하고, 이산화탄소가 기체로 생성된다는 것을 구했습니다. 그리고, 같은 몰농도의 탄산수소나트륨과 시트르산의 수용액을 만들고, 탄산수소나트륨의 양을 고정시킨 후 시트르산의 양을 다르게 하여 시험관에 넣고 풍선을 씌워 기체의 부피를 대략적으로 측정했습니다. 이 과정에서 시험관에 용액을 잘못 넣는다던지, 가루의 질량을 측정하다가 흘리는 등 시행착오가 많았지만, 이를 통해 실험 기구의 정확한 사용법과 안전 수칙을 직접 체험하며 이해할 수 있었습니다.",,2026-08-02T00:24:13.999Z (학생-자소서),2026-08-03 19:05:10.961652+00
ed9db6c4-a068-4148-a853-0cb022f96498,PBkjEb22z9NsW98,2,"우장춘 삼각형에서 십자화속 식물에 대해 삼각형의 꼭짓점끼리 교배를 통한 유전적 관계와 이를 통해 종의 정의 재구성
나는 나의 조상님인 우장춘에 대한 존경심이 깊었다. 그래서 우장춘에 대한 자료를 찾아보던 중, 우장춘 삼각형에 대한 자료를 찾아보았다. 이것은 내가 원래 알던 종의 의미와 다른 새로운 정리였다. 서로 다른 종을 교배 시켰더니 새로운 종이 만들어 지는 것은 원래의 종의 정의에서 벗어난 새로운 이론 이었다. 우리가 먹는 갓이나 유채꽃이 배추, 양배추, 겨자에서 왔다는 것이다. 이것을 통해 유채꽃의 유전자의 조상을 파악할 수 있었다. 이것에 나는 큰 충격을 받고, 나도 미래에 우리가 보편적으로 생각하던 이론들을 뒤집는 그런 새로운 이론을 발표 하고 싶다. 




질량과 무게가 다른 공의 낙하로 역학적 에너지에서 두 공의 공기 저항의 차이에 의한 오차 파악
자유낙하에 관한 실험을 할 때, 크기와 무게가 다른 공을 가지고 낙하 시킬 때, 분명 모두 같은 조건이었는데도 불구하고 속력이 약간 차이가 발생했다. 나는 이것에 대해 궁금증을 느꼈다. 이 오차가 발생할 수 있는 이유는 공기 저항이 있다. 완벽한 진공 상태가 아니기에 면적이 더 큰 무거운 쇠공이 공기 저항을 더 크게받아 오차가 생긴 것이다. 다른 이유로는 부력이 있다. 큰 공의 부력이 더 크기 때문에 오차가 발생했다. 이 과정을 통하여 실험을 할 때 변인 통제에 대해 중요성을 느꼈다. 앞으로 실험을 할 때 오차를 줄이기 위하여 변인 통제를 제대로 하였는지 따져가며 실험할 것이다.



드론이 날라갈 때 유체 역학적 원리와 기압계의 유무에 따른 드론의 움직임 차이와 조종의 차이
나는 저렇게 작은 물체가 날아갈 수 있다는 것이 신기했다. 새처럼 날개가 있는 것도 아니고, 오로지 프로펠러 만으로 날아가고 가만히 떠있는 것이 신기했다. 이때부터 드론에 흥미가 생겨 연구하게 되었다. 드론은 비행기와 다르게 날개로 인한 양력을 얻는 것이 아니라, 프로펠러의 추진력으로 얻는다. 나는 처음에 기압계가 없는 드론을 사용했다. 그 드론을 날릴 때 가만히 띄우는 것과 움직이는 것도 어려웠다. 그 뒤에 나는 센서가 달린 드론을 사용하니 굉장히 쉽게 나는 것이다. 이때 기압계의 중요성을 느꼈다. 이 과정을 통해 나는 겉으로만 보이는 것이 아닌, 내부에 들어있는 것의 원리를 탐구해야 겉에 있는 원리를 알 수 있다는 것을 배웠다.",,2026-07-28T13:42:18.999Z (학생-자소서),2026-08-03 19:05:10.961652+00
75021015-d196-4a96-ad93-c2b0f3f40b9b,PBkjEb22z9NsW98,2,"우장춘 삼각형에서 십자화속 식물에 대해 삼각형의 꼭짓점끼리 교배를 통한 유전적 관계와 이를 통해 종의 정의 재구성
나는 나의 조상님인 우장춘에 대한 존경심이 깊었다. 그래서 우장춘에 대한 자료를 찾아보던 중, 우장춘 삼각형에 대한 자료를 찾아보았다. 이것은 내가 원래 알던 종의 의미와 다른 새로운 정리였다. 서로 다른 종을 교배 시켰더니 새로운 종이 만들어 지는 것은 원래의 종의 정의에서 벗어난 새로운 이론 이었다. 우리가 먹는 갓이나 유채꽃이 배추, 양배추, 겨자에서 왔다는 것이다. 이것을 통해 유채꽃의 유전자의 조상을 파악할 수 있었다. 이것에 나는 큰 충격을 받고, 나도 미래에 우리가 보편적으로 생각하던 이론들을 뒤집는 그런 새로운 이론을 발표 하고 싶다. 




질량과 무게가 다른 공의 낙하로 역학적 에너지에서 두 공의 공기 저항의 차이에 의한 오차 파악
자유낙하에 관한 실험을 할 때, 크기와 무게가 다른 공을 가지고 낙하 시킬 때, 분명 모두 같은 조건이었는데도 불구하고 속력이 약간 차이가 발생했다. 나는 이것에 대해 궁금증을 느꼈다. 이 오차가 발생할 수 있는 이유는 공기 저항이 있다. 완벽한 진공 상태가 아니기에 면적이 더 큰 무거운 쇠공이 공기 저항을 더 크게받아 오차가 생긴 것이다. 다른 이유로는 부력이 있다. 큰 공의 부력이 더 크기 때문에 오차가 발생했다. 이 과정을 통하여 실험을 할 때 변인 통제에 대해 중요성을 느꼈다. 앞으로 실험을 할 때 오차를 줄이기 위하여 변인 통제를 제대로 하였는지 따져가며 실험할 것이다.



드론이 날라갈 때 유체 역학적 원리와 기압계의 유무에 따른 드론의 움직임 차이와 조종의 차이
나는 저렇게 작은 물체가 날아갈 수 있다는 것이 신기했다. 새처럼 날개가 있는 것도 아니고, 오로지 프로펠러 만으로 날아가고 가만히 떠있는 것이 신기했다. 이때부터 드론에 흥미가 생겨 연구하게 되었다. 드론은 비행기와 다르게 날개로 인한 양력을 얻는 것이 아니라, 프로펠러의 추진력으로 얻는다. 나는 처음에 기압계가 없는 드론을 사용했다. 그 드론을 날릴 때 가만히 띄우는 것과 움직이는 것도 어려웠다. 그 뒤에 나는 센서가 달린 드론을 사용하니 굉장히 쉽게 나는 것이다. 이때 기압계의 중요성을 느꼈다. 이 과정을 통해 나는 겉으로만 보이는 것이 아닌, 내부에 들어있는 것의 원리를 탐구해야 겉에 있는 원리를 알 수 있다는 것을 배웠다.",,2026-07-28T13:42:26.999Z (학생-자소서),2026-08-03 19:05:10.961652+00
698aab71-b75c-448c-ad44-ffc7c33b35a4,PBkjEb22z9NsW98,2,"우장춘 삼각형에서 십자화속 식물에 대해 삼각형의 꼭짓점끼리 교배를 통한 유전적 관계와 이를 통해 종의 정의 재구성
나는 나의 조상님인 우장춘에 대한 존경심이 깊었다. 그래서 우장춘에 대한 자료를 찾아보던 중, 우장춘 삼각형에 대한 자료를 찾아보았다. 이것은 내가 원래 알던 종의 의미와 다른 새로운 정리였다. 서로 다른 종을 교배 시켰더니 새로운 종이 만들어 지는 것은 원래의 종의 정의에서 벗어난 새로운 이론 이었다. 우리가 먹는 갓이나 유채꽃이 배추, 양배추, 겨자에서 왔다는 것이다. 이것을 통해 유채꽃의 유전자의 조상을 파악할 수 있었다. 이것에 나는 큰 충격을 받고, 나도 미래에 우리가 보편적으로 생각하던 이론들을 뒤집는 그런 새로운 이론을 발표 하고 싶다. 




질량과 무게가 다른 공의 낙하로 역학적 에너지에서 두 공의 공기 저항의 차이에 의한 오차 파악
자유낙하에 관한 실험을 할 때, 크기와 무게가 다른 공을 가지고 낙하 시킬 때, 분명 모두 같은 조건이었는데도 불구하고 속력이 약간 차이가 발생했다. 나는 이것에 대해 궁금증을 느꼈다. 이 오차가 발생할 수 있는 이유는 공기 저항이 있다. 완벽한 진공 상태가 아니기에 면적이 더 큰 무거운 쇠공이 공기 저항을 더 크게받아 오차가 생긴 것이다. 다른 이유로는 부력이 있다. 큰 공의 부력이 더 크기 때문에 오차가 발생했다. 이 과정을 통하여 실험을 할 때 변인 통제에 대해 중요성을 느꼈다. 앞으로 실험을 할 때 오차를 줄이기 위하여 변인 통제를 제대로 하였는지 따져가며 실험할 것이다.



드론이 날라갈 때 유체 역학적 원리와 기압계의 유무에 따른 드론의 움직임 차이와 조종의 차이
나는 저렇게 작은 물체가 날아갈 수 있다는 것이 신기했다. 새처럼 날개가 있는 것도 아니고, 오로지 프로펠러 만으로 날아가고 가만히 떠있는 것이 신기했다. 이때부터 드론에 흥미가 생겨 연구하게 되었다. 드론은 비행기와 다르게 날개로 인한 양력을 얻는 것이 아니라, 프로펠러의 추진력으로 얻는다. 나는 처음에 기압계가 없는 드론을 사용했다. 그 드론을 날릴 때 가만히 띄우는 것과 ���직이는 것도 어려웠다. 그 뒤에 나는 센서가 달린 드론을 사용하니 굉장히 쉽게 나는 것이다. 이때 기압계의 중요성을 느꼈다. 이 과정을 통해 나는 겉으로만 보이는 것이 아닌, 내부에 들어있는 것의 원리를 탐구해야 겉에 있는 원리를 알 수 있다는 것을 배웠다.",,2026-07-27T15:22:47.999Z (학생-자소서),2026-08-03 19:05:10.961652+00
d067e6a6-b944-42c3-964a-590db4a432f2,PBkjEb22z9NsW98,2,"우장춘 삼각형에서 십자화속 식물에 대해 삼각형의 꼭짓점끼리 교배를 통한 유전적 관계와 이를 통해 종의 정의 재구성
나는 나의 조상님인 우장춘에 대한 존경심이 깊었다. 그래서 우장춘에 대한 자료를 찾아보던 중, 우장춘 삼각형에 대한 자료를 찾아보았다. 이것은 내가 원래 알던 종의 의미와 다른 새로운 정리였다. 서로 다른 종을 교배 시켰더니 새로운 종이 만들어 지는 것은 원래의 종의 정의에서 벗어난 새로운 이론 이었다. 우리가 먹는 갓이나 유채꽃이 배추, 양배추, 겨자에서 왔다는 것이다. 이것을 통해 유채꽃의 유전자의 조상을 파악할 수 있었다. 이것에 나는 큰 충격을 받고, 나도 미래에 우리가 보편적으로 생각하던 이론들을 뒤집는 그런 새로운 이론을 발표 하고 싶다. 




질량과 무게가 다른 공의 낙하로 역학적 에너지에서 두 공의 공기 저항의 차이에 의한 오차 파악
자유낙하에 관한 실험을 할 때, 크기와 무게가 다른 공을 가지고 낙하 시킬 때, 분명 모두 같은 조건이었는데도 불구하고 속력이 약간 차이가 발생했다. 나는 이것에 대해 궁금증을 느꼈다. 이 오차가 발생할 수 있는 이유는 공기 저항이 있다. 완벽한 진공 상태가 아니기에 면적이 더 큰 무거운 쇠공이 공기 저항을 더 크게받아 오차가 생긴 것이다. 다른 이유로는 부력이 있다. 큰 공의 부력이 더 크기 때문에 오차가 발생했다. 이 과정을 통하여 실험을 할 때 변인 통제에 대해 중요성을 느꼈다. 앞으로 실험을 할 때 오차를 줄이기 위하여 변인 통제를 제대로 하였는지 따져가며 실험할 것이다.



드론이 날라갈 때 유체 역학적 원리와 기압계의 유무에 따른 드론의 움직임 차이와 조종의 차이
나는 저렇게 작은 물체가 날아갈 수 있다는 것이 신기했다. 새처럼 날개가 있는 것도 아니고, 오로지 프로펠러 만으로 날아가고 가만히 떠있는 것이 신기했다. 이때부터 드론에 흥미가 생겨 연구하게 되었다. 드론은 비행기와 다르게 날개로 인한 양력을 얻는 것이 아니라, 프로펠러의 추진력으로 얻는다. 나는 처음에 기압계가 없는 드론을 사용했다. 그 드론을 날릴 때 가만히 띄우는 것과 움직이는 것도 어려웠다. 그 뒤에 나는 센서가 달린 드론을 사용하니 굉장히 쉽게 나는 것이다. 이때 기압계의 중요성을 느꼈다. 이 과정을 통해 나는 겉으로만 보이는 것이 아닌, 내부에 들어있는 것의 원리를 탐구해야 겉에 있는 원리를 알 수 있다는 것을 배웠다.",,2026-07-28T13:42:01.000Z (학생-자소서),2026-08-03 19:05:10.961652+00
33749305-2196-47aa-8af2-b67aa96b422b,PBkjEb22z9NsW98,2,,"주제 1
1) 우장춘 삼각형에서 배운 것을 토대로 어떤 변화가 있었는지 작성이 필요함
2) 앞의 동기부분 내용은 그리 좋지는 않음

주제2 

1) 질량과 무게는 둘중 하나만 쓸 것
2) 무게는 다르고 크기는 같은 것으로 실험할 필요 있음
3) 이론적인 속력과 실험적인 속력에서 수치적 차이로 구체적 작성 필요.
4) 공기저항력을 환산한 저항력 계산 필요

주제3

1) 드론이 뜨는 원리는 설명 필요 없음
2) 기압계의 유무에 따른 결과차이에 대한 분석만 작성할 필요 있음
   기압계가 있는 드론과 없는 드론의 구체적 상황에 대한 작성 필요",2026-08-03T21:22:39.000Z (선생님-피드백),2026-08-03 19:05:10.961652+00
2a0fac3c-e9d3-411c-8be5-7cf44aaa07b1,YMqRLEUmmu4DQGu,2,"개인
활동주제:자이로스코프(임시)
내용:전자기기들이 어떻게 기울기의 변화를 감지하는지 궁금해졌다. 조사해보니 자이로센서와 이를 이용한 자이로센서와 토크라는 개념이 등장했다. 돌림힘(토크)의 원리에 의해 자이로스코프가 지면과 일정한 각도를 유지하며 돌 수 있고 이 각도의 변화를 통해 기울기의 변화를 측정하는 것이 자이로 센서였다. 이 개념들을 이해하기 위해 책이나 영상도 찾아보고 직접 팔을 벌리고 돌아 보기도 하였다. 그리고 이 탐구를 발표자료로 재구성해 발표하는 과정을 진행하였다. 탐구를 진행하면서 복잡한 것도 나누어 이해한 후 다시 접목시키는 방식을 터득하였다. 이렇게 순서를 정해 쪼개어 분석하는 것을 생활화하여 쉽고 정확한 이해가 가능해져 공부의 질이 향상되었다. 그리고 아직도 수학적인 설명은 이해하지 못한 부분이 많아 더 공부가 필요하다.
개인
활동주제:엔트로피(임시)
내용:과학 책을 읽으면서 엔트로피라 불리우는 개념이 등장했다. 그런데 책에 나와있는 정보만으로는 이해가 되지 않아서 직접 찾아보기로 했다. 먼저 개념의 사전적 정의부터 찾아보았다. 그리고 책에 나와있던 단편적인 지식을 조합하여 전체적인 갈피를 잡았다. 이후에 엔트로피에 대해 전문적으로 설명한 글과 영상을 찾아보며 내가 이해한 내용이 맞는지 확인하고, 동시에 내용을 보충하면서 이해한 내용을 말로써 정리하였다. 또한 조사한 내용을 발표로 재구성하면서 엔트로피가 실제로 사용되거나, 설명 될 수 있는 현상이나 일상생활 상황의 예를 들어 설명함으로써 이해를 공고히 하였다. (배운점,느낀점 추가) 그러나 수학적인 측면에서는 이해하지 못한 부분이 있어 보충이 필요하다.
개인 
활동주제:안면인식(생체인식) 탐구 (이건 바꿀까요?)
내용:어느날, 친구의 핸드폰이 다른 아이의 얼굴을 인식하고 잠금이 해제되는 것을 확인했다. 이 현상에 궁금증을 느껴 안면인식에 대해 ‘특정 기준 부위를 중점으로 판단 할 것이다.’라는 가설을 세우고 탐구를 시작하게되었다. 차례로 눈, 볼, 코, 미간에 차례로 검은 종이를 붙이고 안면 인식을 시도하였더니 눈과 코에 붙인 경우에 다른 사람으로 인식하였다. 이 과정을 통해 부위에 따른 차이가 있다는 점을 확인할 수 있었다. 이후 실제로 쓰이는 안면인식은 어떻게 작동하는지를 찾아 보았다. 기본적으로 눈, 코, 입, 귀, 입술 등의 ‘특징점’을 기준으로 얼굴을 나눈후, 각 구역의 이미지를 AI를 통해 데이터화 시킨다. 이를 기존의 데이터와 비교하여 최종적으로 동일한 인물인지 아닌지를 판단한다. 이 탐구를 통해 AI와 같은 미래기술이 이미 우리의 일상에 녹아들어 있다는 사실을 알게되었다.
",,2026-07-27T20:25:02.000Z (학생-자소서),2026-08-03 19:05:10.961652+00
c31d1656-2fcb-463f-84b0-90f78e974a26,YMqRLEUmmu4DQGu,2,"개인
활동주제:자이로스코프(임시)
내용:전자기기들이 어떻게 기울기의 변화를 감지하는지 궁금해졌다. 조사해보니 자이로센서와 이를 이용한 자이로센서와 토크라는 개념이 등장했다. 돌림힘(토크)의 원리에 의해 자이로스코프가 지면과 일정한 각도를 유지하며 돌 수 있고 이 각도의 변화를 통해 기울기의 변화를 측정하는 것이 자이로 센서였다. 이 개념들을 이해하기 위해 책이나 영상도 찾아보고 직접 팔을 벌리고 돌아 보기도 하였다. 그리고 이 탐구를 발표자료로 재구성해 발표하는 과정을 진행하였다. 탐구를 진행하면서 복잡한 것도 나누어 이해한 후 다시 접목시키는 방식을 터득하였다. 이렇게 순서를 정해 쪼개어 분석하는 것을 생활화하여 쉽고 정확한 이해가 가능해져 공부의 질이 향상되었다. 그리고 아직도 수학적인 설명은 이해하지 못한 부분이 많아 더 공부가 필요하다.
개인
활동주제:엔트로피(임시)
내용:과학 책을 읽으면서 엔트로피라 불리우는 개념이 등장했다. 그런데 책에 나와있는 정보만으로는 이해가 되지 않아서 직접 찾아보기로 했다. 먼저 개념의 사전적 정의부터 찾아보았다. 그리고 책에 나와있던 단편적인 지식을 조합하여 전체적인 갈피를 잡았다. 이후에 엔트로피에 대해 전문적으로 설명한 글과 영상을 찾아보며 내가 이해한 내용이 맞는지 확인하고, 동시에 내용을 보충하면서 이해한 내용을 말로써 정리하였다. 또한 조사한 내용을 발표로 재구성하면서 엔트로피가 실제로 사용되거나, 설명 될 수 있는 현상이나 일상생활 상황의 예를 들어 설명함으로써 이해를 공고히 하였다. (배운점,느낀점 추가) 그러나 수학적인 측면에서는 이해하지 못한 부분이 있어 보충이 필요하다.
개인 
활동주제:안면인식(생체인식) 탐구 (이건 바꿀까요?)
내용:어느날, 친구의 핸드폰이 다른 아이의 얼굴을 인식하고 잠금이 해제되는 것을 확인했다. 이 현상에 궁금증을 느껴 안면인식에 대해 ‘특정 기준 부위를 중점으로 판단 할 것이다.’라는 가설을 세우고 탐구를 시작하게되었다. 차례로 눈, 볼, 코, 미간에 차례로 검은 종이를 붙이고 안면 인식을 시도하였더니 눈과 코에 붙인 경우에 다른 사람으로 인식하였다. 이 과정을 통해 부위에 따른 차이가 있다는 점을 확인할 수 있었다. 이후 실제로 쓰이는 안면인식은 어떻게 작동하는지를 찾아 보았다. 기본적으로 눈, 코, 입, 귀, 입술 등의 ‘특징점’을 기준으로 얼굴을 나눈후, 각 구역의 이미지를 AI를 통해 데이터화 시킨다. 이를 기존의 데이터와 비교하여 최종적으로 동일한 인물인지 아닌지를 판단한다. 이 탐구를 통해 AI와 같은 미래기술이 이미 우리의 일상에 녹아들어 있다는 사실을 알게되었다.
",,2026-08-01T19:24:41.000Z (학생-자소서),2026-08-03 19:05:10.961652+00
b6d29cf0-28fa-4224-96b0-1ae05510692b,YMqRLEUmmu4DQGu,2,"개인
활동주제:자이로스코프(임시)
내용:전자기기들이 어떻게 기울기의 변화를 감지하는지 궁금해졌다. 조사해보니 자이로센서와 이를 이용한 자이로센서와 토크라는 개념이 등장했다. 돌림힘(토크)의 원리에 의해 자이로스코프가 지면과 일정한 각도를 유지하며 돌 수 있고 이 각도의 변화를 통해 기울기의 변화를 측정하는 것이 자이로 센서였다. 이 개념들을 이해하기 위해 책이나 영상도 찾아보고 직접 팔을 벌리고 돌아 보기도 하였다. 그리고 이 탐구를 발표자료로 재구성해 발표하는 과정을 진행하였다. 탐구를 진행하면서 복잡한 것도 나누어 이해한 후 다시 접목시키는 방식을 터득하였다. 이렇게 순서를 정해 쪼개어 분석하는 것을 생활화하여 쉽고 정확한 이해가 가능해져 공부의 질이 향상되었다. 그리고 아직도 수학적인 설명은 이해하지 못한 부분이 많아 더 공부가 필요하다.
개인
활동주제:엔트로피(임시)
내용:과학 책을 읽으면서 엔트로피라 불리우는 개념이 등장했다. 그런데 책에 나와있는 정보만으로는 이해가 되지 않아서 직접 찾아보기로 했다. 먼저 개념의 사전적 정의부터 찾아보았다. 그리고 책에 나와있던 단편적인 지식을 조합하여 전체적인 갈피를 잡았다. 이후에 엔트로피에 대해 전문적으로 설명한 글과 영상을 찾아보며 내가 이해한 내용이 맞는지 확인하고, 동시에 내용을 보충하면서 이해한 내용을 말로써 정리하였다. 또한 조사한 내용을 발표로 재구성하면서 엔트로피가 실제로 사용되거나, 설명 될 수 있는 현상이나 일상생활 상황의 예를 들어 설명함으로써 이해를 공고히 하였다. (배운점,느낀점 추가) 그러나 수학적인 측면에서는 이해하지 못한 부분이 있어 보충이 필요하다.
개인 
활동주제:안면인식(생체인식) 탐구 (이건 바꿀까요?)
내용:어느날, 친구의 핸드폰이 다른 아이의 얼굴을 인식하고 잠금이 해제되는 것을 확인했다. 이 현상에 궁금증을 느껴 안면인식에 대해 ‘특정 기준 부위를 중점으로 판단 할 것이다.’라는 가설을 세우고 탐구를 시작하게되었다. 차례로 눈, 볼, 코, 미간에 차례로 검은 종이를 붙이고 안면 인식을 시도하였더니 눈과 코에 붙인 경우에 다른 사람으로 인식하였다. 이 과정을 통해 부위에 따른 차이가 있다는 점을 확인할 수 있었다. 이후 실제로 쓰이는 안면인식은 어떻게 작동하는지를 찾아 보았다. 기본적으로 눈, 코, 입, 귀, 입술 등의 ‘특징점’을 기준으로 얼굴을 나눈후, 각 구역의 이미지를 AI를 통해 데이터화 시킨다. 이를 기존의 데이터와 비교하여 최종적으로 동일한 인물인지 아닌지를 판단한다. 이 탐구를 통해 AI와 같은 미래기술이 이미 우리의 일상에 녹아들어 있다는 사실을 알게되었다.
",,2026-08-01T19:25:08.000Z (학생-자소서),2026-08-03 19:05:10.961652+00
264f19b6-b1ed-4235-92fc-25da96b45bc9,YMqRLEUmmu4DQGu,2,"개인
활동주제:자이로스코프(임시)
내용:전자기기들이 어떻게 기울기의 변화를 감지하는지 궁금해졌다. 조사해보니 자이로센서와 이를 이용한 자이로센서와 토크라는 개념이 등장했다. 돌림힘(토크)의 원리에 의해 자이로스코프가 지면과 일정한 각도를 유지하며 돌 수 있고 이 각도의 변화를 통해 기울기의 변화를 측정하는 것이 자이로 센서였다. 이 개념들을 이해하기 위해 책이나 영상도 찾아보고 직접 팔을 벌리고 돌아 보기도 하였다. 그리고 이 탐구를 발표자료로 재구성해 발표하는 과정을 진행하였다. 탐구를 진행하면서 복잡한 것도 나누어 이해한 후 다시 접목시키는 방식을 터득하였다. 이렇게 순서를 정해 쪼개어 분석하는 것을 생활화하여 쉽고 정확한 이해가 가능해져 공부의 질이 향상되었다. 그리고 아직도 수학적인 설명은 이해하지 못한 부분이 많아 더 공부가 필요하다.
개인
활동주제:엔트로피(임시)
내용:과학 책을 읽으면서 엔트로피라 불리우는 개념이 등장했다. 그런데 책에 나와있는 정보만으로는 이해가 되지 않아서 직접 찾아보기로 했다. 먼저 개념의 사전적 정의부터 찾아보았다. 그리고 책에 나와있던 단편적인 지식을 조합하여 전체적인 갈피를 잡았다. 이후에 엔트로피에 대해 전문적으로 설명한 글과 영상을 찾아보며 내가 이해한 내용이 맞는지 확인하고, 동시에 내용을 보충하면서 이해한 내용을 말로써 정리하였다. 또한 조사한 내용을 발표로 재구성하면서 엔트로피가 실제로 사용되거나, 설명 될 수 있는 현상이나 일상생활 상황의 예를 들어 설명함으로써 이해를 공고히 하였다. (배운점,느낀점 추가) 그러나 수학적인 측면에서는 이해하지 못한 부분이 있어 보충이 필요하다. 
",,2026-07-25T12:28:23.000Z (학생-자소서),2026-08-03 19:05:10.961652+00
6e91dcc1-4f2d-4747-9f59-4d19a3fb850a,YMqRLEUmmu4DQGu,2,"개인
활동주제:자이로스코프(임시)
내용:전자기기들이 어떻게 기울기의 변화를 감지하는지 궁금해졌다. 조사해보니 자이로센서와 이를 이용한 자이로센서와 토크라는 개념이 등장했다. 돌림힘(토크)의 원리에 의해 자이로스코프가 지면과 일정한 각도를 유지하며 돌 수 있고 이 각도의 변화를 통해 기울기의 변화를 측정하는 것이 자이로 센서였다. 이 개념들을 이해하기 위해 책이나 영상도 찾아보고 직접 팔을 벌리고 돌아 보기도 하였다. 그리고 이 탐구를 발표자료로 재구성해 발표하는 과정을 진행하였다. 탐구를 진행하면서 복잡한 것도 나누어 이해한 후 다시 접목시키는 방식을 터득하였다. 이렇게 순서를 정해 쪼개어 분석하는 것을 생활화하여 쉽고 정확한 이해가 가능해져 공부의 질이 향상되었다. 그리고 아직도 수학적인 설명은 이해하지 못한 부분이 많아 더 공부가 필요하다.
개인
활동주제:엔트로피(임시)
내용:과학 책을 읽으면서 엔트로피라 불리우는 개념이 등장했다. 그런데 책에 나와있는 정보만으로는 이해가 되지 않아서 직접 찾아보기로 했다. 먼저 개념의 사전적 정의부터 찾아보았다. 그리고 책에 나와있던 단편적인 지식을 조합하여 전체적인 갈피를 잡았다. 이후에 엔트로피에 대해 전문적으로 설명한 글과 영상을 찾아보며 내가 이해한 내용이 맞는지 확인하고, 동시에 내용을 보충하면서 이해한 내용을 말로써 정리하였다. 또한 조사한 내용을 발표로 재구성하면서 엔트로피가 실제로 사용되거나, 설명 될 수 있는 현상이나 일상생활 상황의 예를 들어 설명함으로써 이해를 공고히 하였다. (배운점,느낀점 추가) 그러나 수학적인 측면에서는 이해하지 못한 부분이 있어 보충이 필요하다.
개인 
활동주제:안면인식(생체인식) 탐구 (이건 바꿀까요?)
내용:어느날, 친구의 핸드폰이 다른 아이의 얼굴을 인식하고 잠금이 해제되는 것을 확인했다. 이 현상에 궁금증을 느껴 안면인식에 대해 ‘특정 기준 부위를 중점으로 판단 할 것이다.’라는 가설을 세우고 탐구를 시작하게되었다. 차례로 눈, 볼, 코, 미간에 차례로 검은 종이를 붙이고 안면 인식을 시도하였더니 눈과 코에 붙인 경우에 다른 사람으로 인식하였다. 이 과정을 통해 부위에 따른 차이가 있다는 점을 확인할 수 있었다. 이후 실제로 쓰이는 안면인식은 어떻게 작동하는지를 찾아 보았다. 기본적으로 눈, 코, 입, 귀, 입술 등의 ‘특징점’을 기준으로 얼굴을 나눈후, 각 구역의 이미지를 AI를 통해 데이터화 시킨다. 이를 기존의 데이터와 비교하여 최종적으로 동일한 인물인지 아닌지를 판단한다. 이 탐구를 통해 AI와 같은 미래기술이 이미 우리의 일상에 녹아들어 있다는 사실을 알게되었다.
",,2026-07-27T20:30:10.000Z (학생-자소서),2026-08-03 19:05:10.961652+00
96d54a3b-c95f-44ba-8349-8d2b246532f8,YMqRLEUmmu4DQGu,2,"개인
활동주제:자이로스코프(임시)
내용:전자기기들이 어떻게 기울기의 변화를 감지하는지 궁금해졌다. 조사해보니 자이로센서와 이를 이용한 자이로센서와 토크라는 개념이 등장했다. 돌림힘(토크)의 원리에 의해 자이로스코프가 지면과 일정한 각도를 유지하며 돌 수 있고 이 각도의 변화를 통해 기울기의 변화를 측정하는 것이 자이로 센서였다. 이 개념들을 이해하기 위해 책이나 영상도 찾아보고 직접 팔을 벌리고 돌아 보기도 하였다. 그리고 이 탐구를 발표자료로 재구성해 발표하는 과정을 진행하였다. 탐구를 진행하면서 복잡한 것도 나누어 이해한 후 다시 접목시키는 방식을 터득하였다. 이렇게 순서를 정해 쪼개어 분석하는 것을 생활화하여 쉽고 정확한 이해가 가능해져 공부의 질이 향상되었다.
개인
활동주제:엔트로피(임시)",,2026-07-25T11:02:44.999Z (학생-자소서),2026-08-03 19:05:10.961652+00
716c22a8-ffcf-4e0b-99aa-c1ce27201cf7,YMqRLEUmmu4DQGu,2,"개인
활동주제:자이로스코프(임시)
내용:전자기기들이 어떻게 기울기의 변화를 감지하는지 궁금해졌다. 조사해보니 자이로센서와 이를 이용한 자이로센서와 토크라는 개념이 등장했다. 돌림힘(토크)의 원리에 의해 자이로스코프가 지면과 일정한 각도를 유지하며 돌 수 있고 이 각도의 변화를 통해 기울기의 변화를 측정하는 것이 자이로 센서였다. 이 개념들을 이해하기 위해 책이나 영상도 찾아보고 직접 팔을 벌리고 돌아 보기도 하였다. 그리고 이 탐구를 발표자료로 재구성해 발표하는 과정을 진행하였다. 탐구를 진행하면서 복잡한 것도 나누어 이해한 후 다시 접목시키는 방식을 터득하였다. 이렇게 순서를 정해 쪼개어 분석하는 것을 생활화하여 쉽고 정확한 이해가 가능해져 공부의 질이 향상되었다. 그리고 아직도 수학적인 설명은 이해하지 못한 부분이 많아 더 공부가 필요하다.
개인
활동주제:엔트로피(임시)
내용:과학 책을 읽으면서 엔트로피라 불리우는 개념이 등장했다. 그런데 책에 나와있는 정보만으로는 이해가 되지 않아서 직접 찾아보기로 했다. 먼저 개념의 사전적 정의부터 찾아보았다. 그리고 책에 나와있던 단편적인 지식을 조합하여 전체적인 갈피를 잡았다. 이후에 엔트로피에 대해 전문적으로 설명한 글과 영상을 찾아보며 내가 이해한 내용이 맞는지 확인하고, 동시에 내용을 보충하면서 이해한 내용을 말로써 정리하였다. 또한 조사한 내용을 발표로 재구성하면서 엔트로피가 실제로 사용되거나, 설명 될 수 있는 현상이나 일상생활 상황의 예를 들어 설명함으로써 이해를 공고히 하였다 
",,2026-07-25T12:16:14.000Z (학생-자소서),2026-08-03 19:05:10.961652+00
5f676b28-e117-46b9-a90e-b6a89608ba42,YMqRLEUmmu4DQGu,2,"개인
활동주제:자이로스코프(임시)
내용:전자기기들이 어떻게 기울기의 변화를 감지하는지 궁금해졌다. 조사해보니 자이로센서와 이를 이용한 자이로센서와 토크라는 개념이 등장했다. 돌림힘(토크)의 원리에 의해 자이로스코프가 지면과 일정한 각도를 유지하며 돌 수 있고 이 각도의 변화를 통해 기울기의 변화를 측정하는 것이 자이로 센서였다. 이 개념들을 이해하기 위해 책이나 영상도 찾아보고 직접 팔을 벌리고 돌아 보기도 하였다. 그리고 이 탐구를 발표자료로 재구성해 발표하는 과정을 진행하였다. 탐구를 진행하면서 복잡한 것도 나누어 이해한 후 다시 접목시키는 방식을 터득하였다. 이렇게 순서를 정해 쪼개어 분석하는 것을 생활화하여 쉽고 정확한 이해가 가능해져 공부의 질이 향상되었다. 그리고 아직도 수학적인 설명은 이해하지 못한 부분이 많아 더 공부가 필요하다.
개인
활동주제:엔트로피(임시)
내용:과학 책을 읽으면서 엔트로피라 불리우는 개념이 등장했다. 그런데 책에 나와있는 정보만으로는 이해가 되지 않아서 직접 찾아보기로 했다. 먼저 개념의 사전적 정의부터 찾아보았다. 그리고 책에 나와있던 단편적인 지식을 조합하여 전체적인 갈피를 잡았다. 이후에 엔트로피에 대해 전문적으로 설명한 글과 영상을 찾아보며 내가 이해한 내용이 맞는지 확인하고, 동시에 내용을 보충하면서 이해한 내용을 말로써 정리하였다. 또한 조사한 내용을 발표로 재구성하면서 엔트로피가 실제로 사용되거나, 설명 될 수 있는 현상이나 일상생활 상황의 예를 들어 설명함으로써 이해를 공고히 하였다. 그러나 수학적인 측면에서는 이해하지 못한 부분이 있어 보충이 필요하다. 
",,2026-07-25T12:17:46.999Z (학생-자소서),2026-08-03 19:05:10.961652+00
ebfcfc27-1a66-4f50-8bee-76288dc891f7,YMqRLEUmmu4DQGu,2,"개인
활동주제:자이로스코프(임시)
내용:전자기기들이 어떻게 기울기의 변화를 감지하는지 궁금해졌다. 조사해보니 자이로센서와 이를 이용한 자이로센서와 토크라는 개념이 등장했다. 돌림힘(토크)의 원리에 의해 자이로스코프가 지면과 일정한 각도를 유지하며 돌 수 있고 이 각도의 변화를 통해 기울기의 변화를 측정하는 것이 자이로 센서였다. 이 개념들을 이해하기 위해 책이나 영상도 찾아보고 직접 팔을 벌리고 돌아 보기도 하였다. 그리고 이 탐구를 발표자료로 재구성해 발표하는 과정을 진행하였다. 탐구를 진행하면서 복잡한 것도 나누어 이해한 후 다시 접목시키는 방식을 터득하였다. 이렇게 순서를 정해 쪼개어 분석하는 것을 생활화하여 쉽고 정확한 이해가 가능해져 공부의 질이 향상되었다. 그리고 아직도 수학적인 설명은 이해하지 못한 부분이 많아 더 공부가 필요하다.
개인
활동주제:엔트로피(임시)
내용:과학 책을 읽으면서 엔트로피라 불리우는 개념이 등장했다. 그런데 책에 나와있는 정보만으로는 이해가 되지 않아서 직접 찾아보기로 했다. 먼저 개념의 사전적 정의부터 찾아보았다. 그리고 책에 나와있던 단편적인 지식을 조합하여 전체적인 갈피를 잡았다. 이후에 엔트로피에 대해 전문적으로 설명한 글과 영상을 찾아보며 내가 이해한 내용이 맞는지 확인하고, 동시에 내용을 보충하면서 이해한 내용을 말로써 정리하였다. 또한 조사한 내용을 발표로 재구성하면서 엔트로피가 실제로 사용되거나, 설명 될 수 있는 현상이나 일상생활 상황의 예를 들어 설명함으로써 이해를 공고히 하였다. (배운점,느낀점 추가) 그러나 수학적인 측면에서는 이해하지 못한 부분이 있어 보충이 필요하다. 
",,2026-07-25T13:20:27.000Z (학생-자소서),2026-08-03 19:05:10.961652+00
5a3c53ba-5437-450c-9f37-64881fa0597f,YMqRLEUmmu4DQGu,2,"개인
활동주제:자이로스코프(임시)
내용:전자기기들이 어떻게 기울기의 변화를 감지하는지 궁금해졌다. 조사해보니 자이로센서와 이를 이용한 자이로센서와 토크라는 개념이 등장했다. 돌림힘(토크)의 원리에 의해 자이로스코프가 지면과 일정한 각도를 유지하며 돌 수 있고 이 각도의 변화를 통해 기울기의 변화를 측정하는 것이 자이로 센서였다. 이 개념들을 이해하기 위해 책이나 영상도 찾아보고 직접 팔을 벌리고 돌아 보기도 하였다. 그리고 이 탐구를 발표자료로 재구성해 발표하는 과정을 진행하였다. 탐구를 진행하면서 복잡한 것도 나누어 이해한 후 다시 접목시키는 방식을 터득하였다. 이렇게 순서를 정해 쪼개어 분석하는 것을 생활화하여 쉽고 정확한 이해가 가능해져 공부의 질이 향상되었다. 그리고 아직도 수학적인 설명은 이해하지 못한 부분이 많아 더 공부가 필요하다.
개인
활동주제:엔트로피(임시)
내용:과학 책을 읽으면서 엔트로피라 불리우는 개념이 등장했다. 그런데 책에 나와있는 정보만으로는 이해가 되지 않아서 직접 찾아보기로 했다. 먼저 개념의 사전적 정의부터 찾아보았다. 그리고 책에 나와있던 단편적인 지식을 조합하여 전체적인 갈피를 잡았다. 이후에 엔트로피에 대해 전문적으로 설명한 글과 영상을 찾아보며 내가 이해한 내용이 맞는지 확인하고, 동시에 내용을 보충하면서 이해한 내용을 말로써 정리하였다. 또한 조사한 내용을 발표로 재구성하면서 엔트로피가 실제로 사용되거나, 설명 될 수 있는 현상이나 일상생활 상황의 예를 들어 설명함으로써 이해를 공고히 하였다. (배운점,느낀점 추가) 그러나 수학적인 측면에서는 이해하지 못한 부분이 있어 보충이 필요하다. 
",,2026-07-25T13:36:27.000Z (학생-자소서),2026-08-03 19:05:10.961652+00
ffcdf474-6d09-4739-9a2c-d3a442733185,YMqRLEUmmu4DQGu,2,"개인
활동주제:자이로스코프(임시)
내용:전자기기들이 어떻게 기울기의 변화를 감지하는지 궁금해졌다. 조사해보니 자이로센서와 이를 이용한 자이로센서와 토크라는 개념이 등장했다. 돌림힘(토크)의 원리에 의해 자이로스코프가 지면과 일정한 각도를 유지하며 돌 수 있고 이 각도의 변화를 통해 기울기의 변화를 측정하는 것이 자이로 센서였다. 이 개념들을 이해하기 위해 책이나 영상도 찾아보고 직접 팔을 벌리고 돌아 보기도 하였다. 그리고 이 탐구를 발표자료로 재구성해 발표하는 과정을 진행하였다. 탐구를 진행하면서 복잡한 것도 나누어 이해한 후 다시 접목시키는 방식을 터득하였다. 이렇게 순서를 정해 쪼개어 분석하는 것을 생활화하여 쉽고 정확한 이해가 가능해져 공부의 질이 향상되었다. 그리고 아직도 수학적인 설명은 이해하지 못한 부분이 많아 더 공부가 필요하다.
개인
활동주제:엔트로피(임시)
내용:과학 책을 읽으면서 엔트로피라 불리우는 개념이 등장했다. 그런데 책에 나와있는 정보만으로는 이해가 되지 않아서 직접 찾아보기로 했다. 먼저 개념의 사전적 정의부터 찾아보았다. 그리고 책에 나와있던 단편적인 지식을 조합하여 전체적인 갈피를 잡았다. 이후에 엔트로피에 대해 전문적으로 설명한 글과 영상을 찾아보며 내가 이해한 내용이 맞는지 확인하고, 동시에 내용을 보충하면서 이해한 내용을 말로써 정리하였다. 또한 조사한 내용을 발표로 재구성하면서 엔트로피가 실제로 사용되거나, 설명 될 수 있는 현상이나 일상생활 상황의 예를 들어 설명함으로써 이해를 공고히 하였다. (배운점,느낀점 추가) 그러나 수학적인 측면에서는 이해하지 못한 부분이 있어 보충이 필요하다. 
",,2026-07-25T13:54:40.999Z (학생-자소서),2026-08-03 19:05:10.961652+00
41ef6986-15fb-4fc7-94d6-17ddb24dc3b6,YMqRLEUmmu4DQGu,2,"개인
활동주제:자이로스코프(임시)
내용:전자기기들이 어떻게 기울기의 변화를 감지하는지 궁금해졌다. 조사해보니 자이로센서와 이를 이용한 자이로센서와 토크라는 개념이 등장했다. 돌림힘(토크)의 원리에 의해 자이로스코프가 지면과 일정한 각도를 유지하며 돌 수 있고 이 각도의 변화를 통해 기울기의 변화를 측정하는 것이 자이로 센서였다. 이 개념들을 이해하기 위해 책이나 영상도 찾아보고 직접 팔을 벌리고 돌아 보기도 하였다. 그리고 이 탐구를 발표자료로 재구성해 발표하는 과정을 진행하였다. 탐구를 진행하면서 복잡한 것도 나누어 이해한 후 다시 접목시키는 방식을 터득하였다. 이렇게 순서를 정해 쪼개어 분석하는 것을 생활화하여 쉽고 정확한 이해가 가능해져 공부의 질이 향상되었다. 그리고 아직도 수학적인 설명은 이해하지 못한 부분이 많아 더 공부가 필요하다.
개인
활동주제:엔트로피(임시)
내용:과학 책을 읽으면서 엔트로피라 불리우는 개념이 등장했다. 그런데 책에 나와있는 정보만으로는 이해가 되지 않아서 직접 찾아보기로 했다. 먼저 개념의 사전적 정의부터 찾아보았다. 그리고 책에 나와있던 단편적인 지식을 조합하여 전체적인 갈피를 잡았다. 이후에 엔트로피에 대해 전문적으로 설명한 글과 영상을 찾아보며 내가 이해한 내용이 맞는지 확인하고, 동시에 내용을 보충하면서 이해한 내용을 말로써 정리하였다. 또한 조사한 내용을 발표로 재구성하면서 엔트로피가 실제로 사용되거나, 설명 될 수 있는 현상이나 일상생활 상황의 예를 들어 설명함으로써 이해를 공고히 하였다. (배운점,느낀점 추가) 그러나 수학적인 측면에서는 이해하지 못한 부분이 있어 보충이 필요하다. 
활동주제:
",,2026-07-27T18:54:30.000Z (학생-자소서),2026-08-03 19:05:10.961652+00
6fe9165a-6b32-4ecb-95ba-ecc80bb542b1,YMqRLEUmmu4DQGu,2,"개인
활동주제:자이로스코프(임시)
내용:전자기기들이 어떻게 기울기의 변화를 감지하는지 궁금해졌다. 조사해보니 자이로센서와 이를 이용한 자이로센서와 토크라는 개념이 등장했다. 돌림힘(토크)의 원리에 의해 자이로스코프가 지면과 일정한 각도를 유지하며 돌 수 있고 이 각도의 변화를 통해 기울기의 변화를 측정하는 것이 자이로 센서였다. 이 개념들을 이해하기 위해 책이나 영상도 찾아보고 직접 팔을 벌리고 돌아 보기도 하였다. 그리고 이 탐구를 발표자료로 재구성해 발표하는 과정을 진행하였다. 탐구를 진행하면서 복잡한 것도 나누어 이해한 후 다시 접목시키는 방식을 터득하였다. 이렇게 순서를 정해 쪼개어 분석하는 것을 생활화하여 쉽고 정확한 이해가 가능해져 공부의 질이 향상되었다. 그리고 아직도 수학적인 설명은 이해하지 못한 부분이 많아 더 공부가 필요하다.
개인
활동주제:엔트로피(임시)
내용:과학 책을 읽으면서 엔트로피라 불리우는 개념이 등장했다. 그런데 책에 나와있는 정보만으로는 이해가 되지 않아서 직접 찾아보기로 했다. 먼저 개념의 사전적 정의부터 찾아보았다. 그리고 책에 나와있던 단편적인 지식을 조합하여 전체적인 갈피를 잡았다. 이후에 엔트로피에 대해 전문적으로 설명한 글과 영상을 찾아보며 내가 이해한 내용이 맞는지 확인하고, 동시에 내용을 보충하면서 이해한 내용을 말로써 정리하였다. 또한 조사한 내용을 발표로 재구성하면서 엔트로피가 실제로 사용되거나, 설명 될 수 있는 현상이나 일상생활 상황의 예를 들어 설명함으로써 이해를 공고히 하였다. (배운점,느낀점 추가) 그러나 수학적인 측면에서는 이해하지 못한 부분이 있어 보충이 필요하다. 
활동주제:
",,2026-07-27T19:53:32.000Z (학생-자소서),2026-08-03 19:05:10.961652+00
c73f8622-c0c8-4052-9cf3-317ab50d1ff1,YMqRLEUmmu4DQGu,2,"개인
활동주제:자이로스코프(임시)
내용:전자기기들이 어떻게 기울기의 변화를 감지하는지 궁금해졌다. 조사해보니 자이로센서와 이를 이용한 자이로센서와 토크라는 개념이 등장했다. 돌림힘(토크)의 원리에 의해 자이로스코프가 지면과 일정한 각도를 유지하며 돌 수 있고 이 각도의 변화를 통해 기울기의 변화를 측정하는 것이 자이로 센서였다. 이 개념들을 이해하기 위해 책이나 영상도 찾아보고 직접 팔을 벌리고 돌아 보기도 하였다. 그리고 이 탐구를 발표자료로 재구성해 발표하는 과정을 진행하였다. 탐구를 진행하면서 복잡한 것도 나누어 이해한 후 다시 접목시키는 방식을 터득하였다. 이렇게 순서를 정해 쪼개어 분석하는 것을 생활화하여 쉽고 정확한 이해가 가능해져 공부의 질이 향상되었다. 그리고 아직도 수학적인 설명은 이해하지 못한 부분이 많아 더 공부가 필요하다.
개인
활동주제:엔트로피(임시)
내용:과학 책을 읽으면서 엔트로피라 불리우는 개념이 등장했다. 그런데 책에 나와있는 정보만으로는 이해가 되지 않아서 직접 찾아보기로 했다. 먼저 개념의 사전적 정의부터 찾아보았다. 그리고 책에 나와있던 단편적인 지식을 조합하여 전체적인 갈피를 잡았다. 이후에 엔트로피에 대해 전문적으로 설명한 글과 영상을 찾아보며 내가 이해한 내용이 맞는지 확인하고, 동시에 내용을 보충하면서 이해한 내용을 말로써 정리하였다. 또한 조사한 내용을 발표로 재구성하면서 엔트로피가 실제로 사용되거나, 설명 될 수 있는 현상이나 일상생활 상황의 예를 들어 설명함으로써 이해를 공고히 하였다. (배운점,느낀점 추가) 그러나 수학적인 측면에서는 이해하지 못한 부분이 있어 보충이 필요하다.
개인 
활동주제:안면인식(생체인식) 탐구 (이건 바꿀까요?)
내용:어느날, 친구의 핸드폰이 다른 아이의 얼굴을 인식하고 잠금이 해제되는 것을 확인했다. 이 현상에 궁금증을 느껴 안면인식에 대해 ‘특정 기준 부위를 중점으로 판단 할 것이다.’라는 가설을 세우고 탐구를 시작하게되었다. 차례로 눈, 볼, 코, 미간에 차례로 검은 종이를 붙이고 안면 인식을 시도하였더니 눈과 코에 붙인 경우에 다른 사람으로 인식하였다. 이 과정을 통해 부위에 따른 차이가 있다는 점을 확인할 수 있었다. 이후 실제로 쓰이는 안면인식은 어떻게 작동하는지를 찾아 보았다. 기본적으로 눈, 코, 입, 귀, 입술 등의 ‘특징점’을 기준으로 얼굴을 나눈후, 각 구역의 이미지를 AI를 통해 데이터화 시킨다. 이를 기존의 데이터와 비교하여 최종적으로 동일한 인물인지 아닌지를 판단한다. 이 탐구를 통해 AI와 같은 미래기술이 이미 우리의 일상에 녹아들어 있다는 사실을 알게되었다.
",,2026-07-27T19:56:08.000Z (학생-자소서),2026-08-03 19:05:10.961652+00
3628930b-45b4-4c7a-bc2e-ae2748b56651,YMqRLEUmmu4DQGu,2,"개인
활동주제:자이로스코프(임시)
내용:전자기기들이 어떻게 기울기의 변화를 감지하는지 궁금해졌다. 조사해보니 자이로센서와 이를 이용한 자이로센서와 토크라는 개념이 등장했다. 돌림힘(토크)의 원리에 의해 자이로스코프가 지면과 일정한 각도를 유지하며 돌 수 있고 이 각도의 변화를 통해 기울기의 변화를 측정하는 것이 자이로 센서였다. 이 개념들을 이해하기 위해 책이나 영상도 찾아보고 직접 팔을 벌리고 돌아 보기도 하였다. 그리고 이 탐구를 발표자료로 재구성해 발표하는 과정을 진행하였다. 탐구를 진행하면서 복잡한 것도 나누어 이해한 후 다시 접목시키는 방식을 터득하였다. 이렇게 순서를 정해 쪼개어 분석하는 것을 생활화하여 쉽고 정확한 이해가 가능해져 공부의 질이 향상되었다. 그리고 아직도 수학적인 설명은 이해하지 못한 부분이 많아 더 공부가 필요하다.
개인
활동주제:엔트로피(임시)
내용:과학 책을 읽으면서 엔트로피라 불리우는 개념이 등장했다. 그런데 책에 나와있는 정보만으로는 이해가 되지 않아서 직접 찾아보기로 했다. 먼저 개념의 사전적 정의부터 찾아보았다. 그리고 책에 나와있던 단편적인 지식을 조합하여 전체적인 갈피를 잡았다. 이후에 엔트로피에 대해 전문적으로 설명한 글과 영상을 찾아보며 내가 이해한 내용이 맞는지 확인하고, 동시에 내용을 보충하면서 이해한 내용을 말로써 정리하였다. 또한 조사한 내용을 발표로 재구성하면서 엔트로피가 실제로 사용되거나, 설명 될 수 있는 현상이나 일상생활 상황의 예를 들어 설명함으로써 이해를 공고히 하였다. (배운점,느낀점 추가) 그러나 수학적인 측면에서는 이해하지 못한 부분이 있어 보충이 필요하다.
개인 
활동주제:안면인식(생체인식) 탐구 (이건 바꿀까요?)
내용:어느날, 친구의 핸드폰이 다른 아이의 얼굴을 인식하고 잠금이 해제되는 것을 확인했다. 이 현상에 궁금증을 느껴 안면인식에 대해 ‘특정 기준 부위를 중점으로 판단 할 것이다.’라는 가설을 세우고 탐구를 시작하게되었다. 차례로 눈, 볼, 코, 미간에 차례로 검은 종이를 붙이고 안면 인식을 시도하였더니 눈과 코에 붙인 경우에 다른 사람으로 인식하였다. 이 과정을 통해 부위에 따른 차이가 있다는 점을 확인할 수 있었다. 이후 실제로 쓰이는 안면인식은 어떻게 작동하는지를 찾아 보았다. 기본적으로 눈, 코, 입, 귀, 입술 등의 ‘특징점’을 기준으로 얼굴을 나눈후, 각 구역의 이미지를 AI를 통해 데이터화 시킨다. 이를 기존의 데이터와 비교하여 최종적으로 동일한 인물인지 아닌지를 판단한다. 이 탐구를 통해 AI와 같은 미래기술이 이미 우리의 일상에 녹아들어 있다는 사실을 알게되었다.
",,최신,2026-08-03 19:05:10.961652+00
9582ff2a-8e18-47b4-a8e1-069fc3e5422f,ZKTVSlfX812R9nZ,2,"1학년 동아리 시간에 과학 활동으로 영화 ‘오펜하이머’의 대본집을 읽고 중학생이 이해하기 쉬운 오펜하이머 해설서를 만드는 프로젝트를 진행했습니다. 저는 시간 순서가 복잡하게 뒤섞인 이야기를 정리하는 역할을 맡아 주인공의 생애를 타임라인으로 재구성하고 등장인물 간의 관계도를 작성해 동아리원들과 공유했습니다. 
  줄거리 정리에 그치지 않기 위해 원자의 구성과 전자, 핵, 중성자의 개념을 정리하고, 핵분열 시 질량이 에너지로 전환되는 원리(E=mc²)를 조사했습니다. 그동안 에너지는 전기나 화학반응처럼 형태만 바뀐다고 알고 있었는데 핵분열은 질량 자체가 에너지로 바뀐다는 사실이 새로웠고 에너지에 대한 이해를 한층 넓힐 수 있었습니다. 또한 원자력이 무기뿐 아니라 방사선 치료나 의료기기 멸균 등에도 활용된다는 것을 알게 되며 같은 과학 원리도 쓰임에 따라 결과가 달라진다는 것을 느꼈습니다. 이런 이해를 바탕으로 오펜하이머가 자신이 개발한 기술의 결과 앞에서 고뇌하는 모습을 보며 과학자적 호기심의 결과가 사회에 미치는 영향과 연구에 필요한 윤리를 고민하게 되었습니다.
  이 경험은 에너지를 연구하고 싶다는 제 진로에도 영향을 주었습니다. 새로운 기술이 사회에 미칠 영향까지 고려하는 책임감 있는 연구자가 되겠습니다.

 2학년 교과연계프로젝트에서 확률 단원을 친구들에게 소개하며 확률 자체에 흥미가 생겨 평소 좋아하는 야구와 연결한 탐구를 해보게 되었습니다. 야구에 숨어있는 확률을 찾다가 득점과 실점만으로 승률을 예측하는 '피타고리안 승률'을 알게 되었는데 실제 승수가 아닌 득실 데이터만으로 승률을 예측할 수 있다는 점이 흥미로워 직접 검증해보고 싶었습니다. 이 지표는 리그마다 지수 값에 차이는 있지만 보편적으로 득점²÷(득점²+실점²)로 계산합니다.
  KBO 각 구단의 득점과 실점 데이터를 직접 정리해 실제 승률과 피타고리안 승률을 계산하고 순위를 비교한 결과 대체로 비슷했지만 어긋나는 경우도 있었습니다. 그 원인을 분석해보니 같은 승수를 쌓았더라도 큰 점수 차로 이긴 팀은 피타고리안 승률이 높게, 적은 점수 차 승부가 많았던 팀은 낮게 나타난다는 것을 알 수 있었습니다. 이를 통해 데이터를 활용하면 승수만으로는 보이지 않는 더 객관적인 팀의 실력 지표를 얻을 수 있다는 것을 배웠습니다.
  앞으로 이 방식이 다른 스포츠에도 적용되는지, 현재 KBO가 쓰는 지수 값(약 1.83)을 조정하면 더 정확한 예측이 가능한지도 탐구해보고 싶습니다.",,최신,2026-08-03 19:05:10.961652+00
02b3d932-f2a4-40ba-9ced-043717c8ab8c,1xYaV46iZaI7nNB,3,"저는 새로운 소프트웨어를 ",,2026-08-02T21:41:20.000Z (학생-자소서),2026-08-03 19:05:10.961652+00
46cffc03-9cd2-497b-b9aa-7907e9ec8907,1xYaV46iZaI7nNB,3,"저는 새로운 소프트웨어를 개발하고 혁신을 창출하는 소프트웨어 개발자가 되고 싶습니다. 저는 중학교 재학 중, 수학 동아리와 컴퓨터 동아리에 가입하여 수학과 컴퓨터 모두 다양하게 배웠고, 여러 프로그램을 개발하여 코딩 실력을 향상시켰습니다. 저는 이 학교에 입학하여 제 관심 분야인 수학과 정보를 일반 고등학교보다 더 깊고, 폭넓게 배우고 싶습니다. 본교에 입학한 후에는, 수학, 정보 과목을 공부하여 성취하고, 수학과 정보 관련 동아리에 가입하여 지식을 공유하며 성장하고 싶습니다. 학교를 졸업한 이후에는 공과대학에 진학하여 컴퓨터공학과 수학을 전공하고, 졸업 후에 저의 사업체를 만들어 개발에 전념하고 싶습니다.",,2026-08-03T01:21:46.000Z (학생-자소서),2026-08-03 19:05:10.961652+00
aee148a8-fbe6-4d93-9849-8bd5bebc599b,1xYaV46iZaI7nNB,3,"저는 ",,2026-08-02T00:24:13.999Z (학생-자소서),2026-08-03 19:05:10.961652+00
3b858728-8f2f-4245-9ee5-1c12f707bd6d,1xYaV46iZaI7nNB,3,"저는 새로운 소프트웨어를 개발하고 혁신을 창출하는 소프트웨어 개발자가 되고 싶습니다. 저는 중학교 재학 중, 수학 동아리와 컴퓨터 동아리에 가입하여 수학과 컴퓨터 모두 다양하게 배웠고, 여러 프로그램을 개발하여 코딩 실력을 향상시켰습니다. 저는 이 학교에 입학하여 제 관심 분야인 수학과 정보를 일반 고등학교보다 더 깊고, 폭넓게 배우고 싶습니다. 본교에 입학한 후에는, 수학, 정보 과목을 공부하여 성취하고, 수학과 정보 관련 동아리에 가입하여 지식을 공유하며 성장하고 싶습니다. 학교를 졸업한 이후에는 공과대학에 진학하여 컴퓨터공학과 수학을 전공하고, 졸업 후에 저의 사업체를 만들어 개발에 전념하고 싶습니다.",,2026-08-02T22:37:17.000Z (학생-자소서),2026-08-03 19:05:10.961652+00
e1308237-08ac-4df7-8b04-944828701264,1xYaV46iZaI7nNB,3,"저는 새로운 소프트웨어를 개발하고 혁신을 창출하는 소프트웨어 개발자가 되고 싶습니다. 저는 중학교 재학 중, 수학 동아리와 컴퓨터 동아리에 가입하여 수학과 컴퓨터 모두 다양하게 배웠고, 여러 프로그램을 개발하여 코딩 실력을 향상시켰습니다. 저는 이 학교에 입학하여 제 관심 분야인 수학과 정보를 일반 고등학교보다 더 깊고, 폭넓게 배우고 싶습니다. 본교에 입학한 후에는, 수학, 정보 과목을 공부하여 성취하고, 수학과 정보 관련 동아리에 가입하여 지식을 공유하며 성장하고 싶습니다. 학교를 졸업한 이후에는 공과대학에 진학하여 컴퓨터공학과 수학을 전공하고, 졸업 후에 저의 사업체를 만들어 개발에 전념하고 싶습니다.",,최신,2026-08-03 19:05:10.961652+00
bc15000a-5d99-478f-b077-ebbfd1f2bde2,1xYaV46iZaI7nNB,3,"저는 ",,2026-08-01T23:46:50.999Z (학생-자소서),2026-08-03 19:05:10.961652+00
99f2ffaf-2f41-4b37-9a7b-e9beca1cdc91,YMqRLEUmmu4DQGu,3,,,최신,2026-08-03 19:05:10.961652+00
84ca501e-bb9f-4caa-aca0-aa3be6554946,ZKTVSlfX812R9nZ,3,"1학년 과학 시간에 물질의 상태 변화에는 잠열이 필요하다는 것을 배우며, 이 원리로 수도관 동파를 늦출 수 있지 않을까 하는 의문에서 '단열재와 상변화물질을 활용한 동결 지연 연구'를 탐구 주제로 정하고, 두 물질을 함께 쓰면 온도 유지 효과가 향상될 것이라는 가설을 세웠습니다.
  먼저 재료별 단독 효과를 비교한 뒤 복합 구조로 발전시키는 순서로 계획을 세우고 단열재의 공기층 구조와 비열, 상변화물질의 잠열 방출 원리를 조사했습니다. 사전 실험에서 발생한 물의 상태변화 온도 측정 오류를 반복 실험을 통해 수정하여 본 실험에 적용하였습니다. 단열재 중에서는 수건, 솜, 에어캡, 상변화물질 중에서는 물, 소금물, 냉온찜질팩의 효과를 비교하였는데 그 결과 단열재 중에서는 미세한 공기층을 통해 공기의 대류를 억제하는 솜이, 상변화물질 중에서는 어는점이 가장 높았던 물이 상변화 구간을 가장 오래 유지하는 것을 확인했습니다. 그 후 효과가 제일 좋았던 두 재료를 결합하여 복합 구조로 설계해 실험한 결과, 단독 사용보다 100분 이상 더 길게 0℃ 부근이 유지되었습니다. 이 연구를 통해 상변화물질이 동파 방지를 위한 재료로써 활용될 수 있다는 결론을 얻었습니다. 다만 통제된 실내 환경 결과라 실제 환경 검증이 필요하다고 생각되며 추후 상변화 물질이 방출한 잠열을 낭비 없이 활용하는 방법을 알아보고 싶습니다.",,최신,2026-08-03 19:05:10.961652+00
85a26802-7c5b-4fb3-a761-d38cbccb8505,1xYaV46iZaI7nNB,4,"저는 중학교 1학년 때 수학 멘토링 활동에 참여하여 활동하였습니다. 수학을 잘하지 못하는 친구들에게 수학을 가르쳐주는 활동이였습니다. 처음 가르치게 된 것은 문자와 식 단원이였고, 한 친구를 가르치게 되었습니다. 그 친구는 수학을 잘 하지 못했고, 제가 하는 설명을 거의 알아듣지 못했습니다. 하지만, 최선을 다해 차근차근 다시 설명했습니다. 비록, 그 당시에는 이해하지 못했지만, 이러한 수학 멘토링 활동을 여러 번 하다 보니까 제 설명을 듣고 이해하는 친구도 생겼고, 이때 성취감을 느꼈습니다. 이 성취감을 원동력 삼아 다음 번에도 꾸준히 멘토링 활동에 참여할 수 있게 되었고, 제 설명 역량 또한 나아졌습니다. 이러한 경험을 통해 다른 친구들의 눈높이에 맞춰주고 진심으로 도와주는 마음을 기를 수 있었습니다.",,최신,2026-08-03 19:05:10.961652+00
5e736bf3-0a72-4aa6-8fa3-25992bb5bfb4,1xYaV46iZaI7nNB,4,"저는 중학교 1학년 때 수학 멘토링 활동에 참여하여 활동하였습니다. 수학을 잘하지 못하는 친구들에게 수학을 가르쳐주는 활동이였습니다. 처음 가르치게 된 것은 문자와 식 단원이였고, 한 친구를 가르치게 되었습니다. 그 친구는 수학을 잘 하지 못했고, 제가 하는 설명을 거의 알아듣지 못했습니다. 하지만, 최선을 다해 차근차근 다시 설명했습니다. 비록, 그 당시에는 이해하지 못했지만, 이러한 수학 멘토링 활동을 여러 번 하다 보니까 제 설명을 듣고 이해하는 친구도 생겼고, 이때 성취감을 느꼈습니다. 이 성취감을 원동력 삼아 다음 번에도 꾸준히 멘토링 활동에 참여할 수 있게 되었고, 제 설명 역량 또한 나아졌습니다. 이러한 경험을 통해 다른 친구들의 눈높이에 맞춰주고 진심으로 도와주는 마음을 기를 수 있었습니다.",,2026-08-03T01:21:46.000Z (학생-자소서),2026-08-03 19:05:10.961652+00
b67a3a29-41d8-4389-8e94-640011227e26,PBkjEb22z9NsW98,4,"나는 중학교에서 또래 학습 멘토링 활동을 하였다. 친구의 부족한 점을 알려주고, 보완하며, 친구의 사고력, 풀이 능력을 끌어올리면서, 나도 어떻게 가르칠지에 대해 깊이 생각해 보았다. 이러한 과정을 통해, 나는 말의 구성 방법에 대해 깊이 생각할 계기가 되었고, 어려운 말이어도 비유와 간단한 실험을 통해 쉽게 바꾸어서 설명하는 방법을 알았다. 예를 들어, 빛의 직진과 굴절에 관해 설명할 때, 썰매의 한쪽이 진흙에 먼저 닿으면 양쪽 속도가 달라져 방향이 휘는 상황에 비유했다. 또, 눈에서 빛이 굴절되어 상이 맺히는 과정과 원시와 근시의 차이도 레이저와 볼록 거울을 통해 설명했다. 이런 경험들을 통해 친구를 도울 때는 제가 아는 내용을 그대로 말하는 것이 아닌, 상대를 배려하여 친구 입장에서 이해할 수 있도록 전달하는 방법을 배웠다. 멘토링 준비 과정을 통해 스스로도 개념을 다시 정리할 수 있었고, 상대를 배려하는 것이 나 또한 발전시킬 수 있음을 깨달았다.",,2026-07-28T13:42:01.000Z (학생-자소서),2026-08-03 19:05:10.961652+00
360ea489-3e41-4af2-9086-dfc47a7284a4,PBkjEb22z9NsW98,4,"나는 중학교에서 또래 학습 멘토링 활동을 하였다. 친구의 부족한 점을 알려주고, 보완하며, 친구의 사고력, 풀이 능력을 끌어올리면서, 나도 어떻게 가르칠지에 대해 깊이 생각해 보았다. 이러한 과정을 통해, 나는 말의 구성 방법에 대해 깊이 생각할 계기가 되었고, 어려운 말이어도 비유와 간단한 실험을 통해 쉽게 바꾸어서 설명하는 방법을 알았다. 예를 들어, 빛의 직진과 굴절에 관해 설명할 때, 썰매의 한쪽이 진흙에 먼저 닿으면 양쪽 속도가 달라져 방향이 휘는 상황에 비유했다. 또, 눈에서 빛이 굴절되어 상이 맺히는 과정과 원시와 근시의 차이도 레이저와 볼록 거울을 통해 설명했다. 이런 경험들을 통해 친구를 도울 때는 제가 아는 내용을 그대로 말하는 것이 아닌, 상대를 배려하여 친구 입장에서 이해할 수 있도록 전달하는 방법을 배웠다. 멘토링 준비 과정을 통해 스스로도 개념을 다시 정리할 수 있었고, 상대를 배려하는 것이 나 또한 발전시킬 수 있음을 깨달았다.",,2026-07-28T13:42:26.999Z (학생-자소서),2026-08-03 19:05:10.961652+00
75da7ca8-7c61-4a2a-9d1e-91f551083c5b,PBkjEb22z9NsW98,4,"나는 중학교에서 또래 학습 멘토링 활동을 하였다. 친구의 부족한 점을 알려주고, 보완하며, 친구의 사고력, 풀이 능력을 끌어올리면서, 나도 어떻게 가르칠지에 대해 깊이 생각해 보았다. 이러한 과정을 통해, 나는 말의 구성 방법에 대해 깊이 생각할 계기가 되었고, 어려운 말이어도 비유와 간단한 실험을 통해 쉽게 바꾸어서 설명하는 방법을 알았다. 예를 들어, 빛의 직진과 굴절에 관해 설명할 때, 썰매의 한쪽이 진흙에 먼저 닿으면 양쪽 속도가 달라져 방향이 휘는 상황에 비유했다. 또, 눈에서 빛이 굴절되어 상이 맺히는 과정과 원시와 근시의 차이도 레이저와 볼록 거울을 통해 설명했다. 이런 경험들을 통해 친구를 도울 때는 제가 아는 내용을 그대로 말하는 것이 아닌, 상대를 배려하여 친구 입장에서 이해할 수 있도록 전달하는 방법을 배웠다. 멘토링 준비 과정을 통해 스스로도 개념을 다시 정리할 수 있었고, 상대를 배려하는 것이 나 또한 발전시킬 수 있음을 깨달았다. ",,2026-07-28T13:42:18.999Z (학생-자소서),2026-08-03 19:05:10.961652+00
fe825037-d1ba-438e-a9a5-833d9af38ffa,YMqRLEUmmu4DQGu,4,,,최신,2026-08-03 19:05:10.961652+00
6e64419b-9cf5-46ba-b0c6-a90c3fc981ae,YMqRLEUmmu4DQGu,4,테스트,,2026-08-01T19:24:41.000Z (학생-자소서),2026-08-03 19:05:10.961652+00
3554b292-5b41-4614-9ef0-18cec47ffdf4,AvECxiSriksN8Ie,1,,,최신,2026-08-03 19:05:09.919445+00
8abf153a-8fb7-4ecc-ac96-a5381a41d111,PBkjEb22z9NsW98,1,"몬티홀 딜레마를 통한 확률에 관한 정리와 몬티홀 딜레마의 문의 수, 차의 수에 대한 일반화
평소에 몬티홀 딜레마에 대해 '바꾸는 것이 차가 있는 문이 확률이 더 높다.'라는 말을 많이 들었다. 하지만 나는 아무리 생각해도 1/2인 것 같았다. 그래서 이 주제에 대해 탐구하게 되었다. 
코시-슈바르츠 부등식의 다양한 증명과 그에 대한 다양한 확장 정리, 이 정리에 대한 응용
마방진, 라틴 방진을 통한 조합, 정수의 융합에 관한 조합 설계와 직교 라틴 방진에 관한 연구",,2026-07-18T13:17:32.000Z (학생-자소서),2026-08-03 19:05:09.919445+00
2acfd67c-46df-40b7-92b0-ea4165f098f2,PBkjEb22z9NsW98,1,"몬티홀 딜레마를 통한 확률에 관한 정리와 몬티홀 딜레마의 문의 수, 차의 수에 대한 일반화
평소에 몬티홀 딜레마에 대해 '바꾸는 것이 차가 있는 문이 확률이 더 높다.'라는 말을 많이 들었다. 하지만 나는 아무리 생각해도 1/2인 것 같았다. 그래서 이 주제에 대해 탐구하게 되었다. 몬티홀 딜레마를 증명하기 위해 조건부 확률과 전확률 공식을 알아야 한다. 이것을 통해 기본적인 몬티홀 딜레마를 증명한다. 그리고 문이 4개일 때, 5개일 때 가다보면 몬티홀 딜레마에서 확률이 점점 증가한다는 사실을 알 수 있다. 이상한 점은 문이 증가하면 차를 고를 확률이 감소하는데, 몬티홀 딜레마에서는 증가하는 것이다. 이것에 대해 생각해보니, 문을 바꿀 때 차를 선택하는 확률이 증가한다는 것이 아니라, 바꾼 문들 중에 차가 존재할 확률이 증가한다는 것을 깨달았다. 추가적으로 찾아보던 중, 베이즈 정리에 대해 알았다. 이것은 과거의 일을 가지고 미래를 구할 수 있는 것이다. 나는 이 정리에 대해 놀라움을 느꼈다. 이 공식을 통해 미래의 일을 알 수 있다는 것은 나중에 일어날 재난, 재해에 대하여 확률적으로 대비를 할 수 있는 것이다. 이 과정을 통하여, 나의 미래에 대해 확률적으로 생각할 수 있는 기회가 되었고, 미래에 대한 나의 생각을 정리할 수 있는 기회가 되었다.

코시-슈바르츠 부등식의  다양한 증명과 그에 대한 다양한 확장 정리, 이 정리에 대한 응용
일차부등식을 배우면서 어떤 식의 범위를 알 수 있다는 것에서 매력을 느꼈다. 이에 관한 다양한 부등식을 알아보다가, 코시-슈바르츠 부등식을 보았다. 이것에 관한 증명은 기하적 증명, 대수적 증명 등, 많은 증명이 존재한다. 이것의 확장은 네스빗 부등식, T2 보조정리 등, 다양한 정리가 존재한다. 이것을 활용한 예는 원의 방정식 문제에서 기울기가 주어진 직선이 원과 만나는 조건을 살펴보며, 코시-슈바르츠 부등식을 이용해 가능한 y 절편의 범위를 더 쉽게 구할 수 있었다. 이 탐구를 통해 일차부등식, 이차함수, 도형의 방정식이 따로 떨어진 단원이 아니라, 식의 범위와 조건을 해석하는 공통된 관점으로 연결될 수 있음을 배웠다. 이것을 통해 건축에서 물체의 하중과 관련지어 나의 꿈에 대해 한 발 더 나아갈 수 있게 되었다.

텐세그리티의 특징과 세계의 고대 건축물의 활용, 내진 설계의 응용으로 건물의 안정성 증진
나는 세계 여러 나라를 돌아다니며 많은 고대 건축물들을 보아 이 건축물에는 어떤 물리적, 수학적 성질이 있는지 궁금했다. 그래서 나는 이것에 대하여 조사하기 시작했고, 텐세그리티라는 것을 알게 되었다. 적은 자재 수 만으로 버티는 것이 신기했다. 건축물이 버티기 위해서 필요한 것들을 한 공식 안에 적을 수 있는 것도 신기했다. 이 유연하고, 강한 구조를 이용하여, 기둥 안에 철근 대신 사용하면 내진과 동시에 안정적인 기둥을 설계할 수 있을 것이다. 이를 통해 전에 보았던 건축물의 숨겨진 원리에 대해 다시 알아보는 계기가 되었고, 짧은 공식 안에 많은 의미를 함축 시킬 수 있다는 것을 알았다. 이러한 과정을 통해 건축에 대해 진지하게 생각해보는 계기가 되었고, 내가 수학을 더 공부하는 계기가 되었다.",,2026-07-27T15:22:47.999Z (학생-자소서),2026-08-03 19:05:09.919445+00
ec0f7e52-2791-4ddd-9e72-7bbe209fb651,PBkjEb22z9NsW98,1,"몬티홀 딜레마를 통한 확률에 관한 정리와 몬티홀 딜레마의 문의 수, 차의 수에 대한 일반화
평소에 몬티홀 딜레마에 대해 '바꾸는 것이 차가 있는 문이 확률이 더 높다.'라는 말을 많이 들었다. 하지만 나는 아무리 생각해도 1/2인 것 같았다. 그래서 이 주제에 대해 탐구하게 되었다. 몬티홀 딜레마를 증명하기 위해 조건부 확률과 전확률 공식을 알아야 한다. 이것을 통해 기본적인 몬티홀 딜레마를 증명한다. 그리고 문이 4개일 때, 5개일 때 가다보면 몬티홀 딜레마에서 확률이 점점 증가한다는 사실을 알 수 있다. 이상한 점은 문이 증가하면 차를 고를 확률이 감소하는데, 몬티홀 딜레마에서는 증가하는 것이다. 이것에 대해 생각해보니, 문을 바꿀 때 차를 선택하는 확률이 증가한다는 것이 아니라, 바꾼 문들 중에 차가 존재할 확률이 증가한다는 것을 깨달았다. 추가적으로 찾아보던 중, 베이즈 정리에 대해 알았다. 이것은 과거의 일을 가지고 미래를 구할 수 있는 것이다. 나는 이 정리에 대해 놀라움을 느꼈다. 이 공식을 통해 미래의 일을 알 수 있다는 것은 나중에 일어날 재난, 재해에 대하여 확률적으로 대비를 할 수 있는 것이다. 이 과정을 통하여, 나의 미래에 대해 확률적으로 생각할 수 있는 기회가 되었고, 미래에 대한 나의 생각을 정리할 수 있는 기회가 되었다.
코시-슈바르츠 부등식의  다양한 증명과 그에 대한 다양한 확장 정리, 이 정리에 대한 응용
일차부등식을 배우면서 어떤 식의 범위를 알 수 있다는 것에서 매력을 느꼈다. 이에 관한 다양한 부등식을 알아보다가, 코시-슈바르츠 부등식을 보았다. 이것에 관한 증명은 기하적 증명, 대수적 증명 등, 많은 증명이 존재한다. 이것의 확장은 네스빗 부등식, T2 보조정리 등, 다양한 정리가 존재한다. 이것을 활용한 예는 원의 방정식 문제에서 기울기가 주어진 직선이 원과 만나는 조건을 살펴보며, 코시-슈바르츠 부등식을 이용해 가능한 y 절편의 범위를 더 쉽게 구할 수 있었다. 이 탐구를 통해 일차부등식, 이차함수, 도형의 방정식이 따로 떨어진 단원이 아니라, 식의 범위와 조건을 해석하는 공통된 관점으로 연결될 수 있음을 배웠다. 이것을 통해 건축에서 물체의 하중과 관련지어 나의 꿈에 대해 한 발 더 나아갈 수 있게 되었다.
텐세그리티의 특징과 세계의 고대 건축물의 활용, 내진 설계의 응용으로 건물의 안정성 증진
나는 세계 여러 나라를 돌아다니며 많은 고대 건축물들을 보아 이 건축물에는 어떤 물리적, 수학적 성질이 있는지 궁금했다. 그래서 나는 이것에 대하여 조사하기 시작했고, 텐세그리티라는 것을 알게 되었다. 적은 자재 수 만으로 버티는 것이 신기했다. 건축물이 버티기 위해서 필요한 것들을 한 공식 안에 적을 수 있는 것도 신기했다. 이 유연하고, 강한 구조를 이용하여, 기둥 안에 철근 대신 사용하면 내진과 동시에 안정적인 기둥을 설계할 수 있을 것이다. 이를 통해 전에 보았던 건축물의 숨겨진 원리에 대해 다시 알아보는 계기가 되었고, 짧은 공식 안에 많은 의미를 함축 시킬 수 있다는 것을 알았다. 이러한 과정을 통해 건축에 대해 진지하게 생각해보는 계기가 되었고, 내가 수학을 더 공부하는 계기가 되었다.",,2026-07-27T15:21:42.999Z (학생-자소서),2026-08-03 19:05:09.919445+00
4a73c410-d77a-4477-92b0-17b36a0815a3,PBkjEb22z9NsW98,1,"몬티홀 딜레마를 통한 확률에 관한 정리와 몬티홀 딜레마의 문의 수, 차의 수에 대한 일반화
평소에 몬티홀 딜레마에 대해 '바꾸는 것이 차가 있는 문이 확률이 더 높다.'라는 말을 많이 들었다. 하지만 나는 아무리 생각해도 1/2인 것 같았다. 그래서 이 주제에 대해 탐구하게 되었다. 몬티홀 딜레마를 증명하기 위해 조건부 확률과 전확률 공식을 알아야 한다. 이것을 통해 기본적인 몬티홀 딜레마를 증명한다. 그리고 문이 4개일 때, 5개일 때 가다보면 몬티홀 딜레마에서 확률이 점점 증가한다는 사실을 알 수 있다. 이상한 점은 문이 증가하면 차를 고를 확률이 감소하는데, 몬티홀 딜레마에서는 증가하는 것이다. 이것에 대해 생각해보니, 문을 바꿀 때 차를 선택하는 확률이 증가한다는 것이 아니라, 바꾼 문들 중에 차가 존재할 확률이 증가한다는 것을 깨달았다. 추가적으로 찾아보던 중, 베이즈 정리에 대해 알았다. 이것은 과거의 일을 가지고 미래를 구할 수 있는 것이다. 나는 이 정리에 대해 놀라움을 느꼈다. 이 공식을 통해 미래의 일을 알 수 있다는 것은 나중에 일어날 재난, 재해에 대하여 확률적으로 대비를 할 수 있는 것이다. 이 과정을 통하여, 나의 미래에 대해 확률적으로 생각할 수 있는 기회가 되었고, 미래에 대한 나의 생각을 정리할 수 있는 기회가 되었다.
코시-슈바르츠 부등식의  다양한 증명과 그에 대한 다양한 확장 정리, 이 정리에 대한 응용
일차부등식을 배우면서 어떤 식의 범위를 알 수 있다는 것에서 매력을 느꼈다. 이에 관한 다양한 부등식을 알아보다가, 코시-슈바르츠 부등식을 보았다. 이것에 관한 증명은 기하적 증명, 대수적 증명 등, 많은 증명이 존재한다. 이것의 확장은 네스빗 부등식, T2 보조정리 등, 다양한 정리가 존재한다. 이것을 활용한 예는 원의 방정식 문제에서 기울기가 주어진 직선이 원과 만나는 조건을 살펴보며, 코시-슈바르츠 부등식을 이용해 가능한 y 절편의 범위를 더 쉽게 구할 수 있었다. 이 탐구를 통해 일차부등식, 이차함수, 도형의 방정식이 따로 떨어진 단원이 아니라, 식의 범위와 조건을 해석하는 공통된 관점으로 연결될 수 있음을 배웠다. 이것을 통해 건축에서 물체의 하중과 관련지어 나의 꿈에 대해 한 발 더 나아갈 수 있게 되었다.
텐세그리티에 관한 연구
나는 세계 여러 나라를 돌아다니며 많은 고대 건축물들을 보아 이 건축물에는 어떤 물리적, 수학적 성질이 있는지 궁금했다. 그래서 나는 이것에 대하여 조사하기 시작했고, 텐세그리티라는 것을 알게 되었다. 적은 자재 수 만으로 버티는 것이 신기했다. 건축물이 버티기 위해서 필요한 것들을 한 공식 안에 적을 수 있는 것도 신기했다. 이러한 구조를 이용하여, 기둥 안에 철근 대신 사용하면 내진과 동시에 안정적인 기둥을 설계할 수 있을 것이다. 이를 통해 전에 보았던 건축물의 숨겨진 원리에 대해 다시 알아보는 계기가 되었고, 짧은 공식 안에 많은 의미를 함축 시킬 수 있다는 것을 알았다. 이러한 과정을 통해 건축에 대해 진지하게 생각해보는 계기가 되었고, 내가 수학을 더 공부하는 계기가 되었다.",,2026-07-25T13:53:24.000Z (학생-자소서),2026-08-03 19:05:09.919445+00
2eabed1a-4150-4637-a6e3-94b872eeb411,PBkjEb22z9NsW98,1,"몬티홀 딜레마를 통한 확률에 관한 정리와 몬티홀 딜레마의 문의 수, 차의 수에 대한 일반화
평소에 몬티홀 딜레마에 대해 '바꾸는 것이 차가 있는 문이 확률이 더 높다.'라는 말을 많이 들었다. 하지만 나는 아무리 생각해도 1/2인 것 같았다. 그래서 이 주제에 대해 탐구하게 되었다. 몬티홀 딜레마를 증명하기 위해 조건부 확률과 전확률 공식을 알아야 한다. 이것을 통해 기본적인 몬티홀 딜레마를 증명한다. 그리고 문이 4개일 때, 5개일 때 가다보면 몬티홀 딜레마에서 확률이 점점 증가한다는 사실을 알 수 있다. 이상한 점은 문이 증가하면 차를 고를 확률이 감소하는데, 몬티홀 딜레마에서는 증가하는 것이다. 이것에 대해 생각해보니, 문을 바꿀 때 차를 선택하는 확률이 증가한다는 것이 아니라, 바꾼 문들 중에 차가 존재할 확률이 증가한다는 것을 깨달았다. 추가적으로 찾아보던 중, 베이즈 정리에 대해 알았다. 이것은 과거의 일을 가지고 미래를 구할 수 있는 것이다. 나는 이 정리에 대해 놀라움을 느꼈다. 이 공식을 통해 미래의 일을 알 수 있다는 것은 나중에 일어날 재난, 재해에 대하여 확률적으로 대비를 할 수 있는 것이다. 이 과정을 통하여, 나의 미래에 대해 확률적으로 생각할 수 있는 기회가 되었고, 미래에 대한 나의 생각을 정리할 수 있는 기회가 되었다.
코시-슈바르츠 부등식의  다양한 증명과 그에 대한 다양한 확장 정리, 이 정리에 대한 응용
일차부등식을 배우면서 어떤 식의 범위를 알 수 있다는 것에서 매력을 느꼈다. 이에 관한 다양한 부등식을 알아보다가, 코시-슈바르츠 부등식을 보았다. 이것에 관한 증명은 기하적 증명, 대수적 증명 등, 많은 증명이 존재한다. 이것의 확장은 네스빗 부등식, T2 보조정리 등, 다양한 정리가 존재한다. 이것을 활용한 예는 원의 방정식 문제에서 기울기가 주어진 직선이 원과 만나는 조건을 살펴보며, 코시-슈바르츠 부등식을 이용해 가능한 y 절편의 범위를 더 쉽게 구할 수 있었다. 이 탐구를 통해 일차부등식, 이차함수, 도형의 방정식이 따로 떨어진 단원이 아니라, 식의 범위와 조건을 해석하는 공통된 관점으로 연결될 수 있음을 배웠다. 이것을 통해 건축에서 물체의 하중과 관련지어 나의 꿈에 대해 한 발 더 나아갈 수 있게 되었다.
텐세그리티에 관한 연구
나는 세계 여러 나라를 돌아다니며 많은 고대 건축물들을 보아 이 건축물에는 어떤 물리적, 수학적 성질이 있는지 궁금했다. 그래서 나는 이것에 대하여 조사하기 시작했고, 텐세그리티라는 것을 알게 되었다. 적은 자재 수 만으로 버티는 것이 신기했다. 건축물이 버티기 위해서 필요한 것들을 한 공식 안에 적을 수 있는 것도 신기했다. 이를 통해 전에 보았던 건축물의 숨겨진 원리에 대해 다시 알아보는 계기가 되었고, 짧은 공식 안에 많은 의미를 함축 시킬 수 있다는 것을 알았다. 이러한 과정을 통해 건축에 대해 진지하게 생각해보는 계기가 되었고, 내가 수학을 더 공부하는 계기가 되었다.",,2026-07-25T13:18:21.000Z (학생-자소서),2026-08-03 19:05:09.919445+00
a90d5307-c4a6-4858-8485-cc3b264cdb8e,PBkjEb22z9NsW98,1,"몬티홀 딜레마를 통한 확률에 관한 정리와 몬티홀 딜레마의 문의 수, 차의 수에 대한 일반화
평소에 몬티홀 딜레마에 대해 '바꾸는 것이 차가 있는 문이 확률이 더 높다.'라는 말을 많이 들었다. 하지만 나는 아무리 생각해도 1/2인 것 같았다. 그래서 이 주제에 대해 탐구하게 되었다. 몬티홀 딜레마를 증명하기 위해 조건부 확률과 전확률 공식을 알아야 한다. 이것을 통해 기본적인 몬티홀 딜레마를 증명한다. 그리고 문이 4개일 때, 5개일 때 가다보면 몬티홀 딜레마에서 확률이 점점 증가한다는 사실을 알 수 있다. 이상한 점은 문이 증가하면 차를 고를 확률이 감소하는데, 몬티홀 딜레마에서는 증가하는 것이다. 이것에 대해 생각해보니, 문을 바꿀 때 차를 선택하는 확률이 증가한다는 것이 아니라, 바꾼 문들 중에 차가 존재할 확률이 증가한다는 것을 깨달았다. 추가적으로 찾아보던 중, 베이즈 정리에 대해 알았다. 이것은 과거의 일을 가지고 미래를 구할 수 있는 것이다. 나는 이 정리에 대해 놀라움을 느꼈다. 이 공식을 통해 미래의 일을 알 수 있다는 것은 나중에 일어날 재난, 재해에 대하여 확률적으로 대비를 할 수 있는 것이다. 이 과정을 통하여, 나의 미래에 대해 확률적으로 생각할 수 있는 기회가 되었고, 미래에 대한 나의 생각을 정리할 수 있는 기회가 되었다.
코시-슈바르츠 부등식의  다양한 증명과 그에 대한 다양한 확장 정리, 이 정리에 대한 응용
일차부등식을 배우면서 어떤 식의 범위를 알 수 있다는 것에서 매력을 느꼈다. 이에 관한 다양한 부등식을 알아보다가, 코시-슈바르츠 부등식을 보았다. 이것에 관한 증명은 기하적 증명, 대수적 증명 등, 많은 증명이 존재한다. 이것의 확장은 네스빗 부등식, T2 보조정리 등, 다양한 정리가 존재한다. 이것을 활용한 예는 원의 방정식 문제에서 기울기가 주어진 직선이 원과 만나는 조건을 살펴보며, 코시-슈바르츠 부등식을 이용해 가능한 y 절편의 범위를 더 쉽게 구할 수 있었다. 이 탐구를 통해 일차부등식, 이차함수, 도형의 방정식이 따로 떨어진 단원이 아니라, 식의 범위와 조건을 해석하는 공통된 관점으로 연결될 수 있음을 배웠다. 이것을 통해 건축에서 물체의 하중과 관련지어 나의 꿈에 대해 한 발 더 나아갈 수 있게 되었다.
텐세그리티에 관한 연구
나는 세계 여러 나라를 돌아다니며 많은 고대 건축물들을 보아 이 건축물에는 어떤 물리적, 수학적 성질이 있는지 궁금했다. 그래서 나는 이것에 대하여 조사하기 시작했고, 텐세그리티라는 것을 알게 되었다. 적은 자재 수 만으로 버티는 것이 신기했다. 건축물이 버티기 위해서 필요한 것들을 한 공식 안에 적을 수 있는 것도 신기했다. 이를 통해 전에 보았던 건축물의 숨겨진 원리에 대해 다시 알아보는 계기가 되었고, 짧은 공식 안에 많은 의미를 함축 시킬 수 있다는 것을 알았다. 이러한 과정을 통해 건축에 대해 진지하게 생각해보는 계기가 되었고, 내가 수학을 더 공부하는 계기가 되었다.",,2026-07-25T12:58:06.999Z (학생-자소서),2026-08-03 19:05:09.919445+00
360da582-6cab-4313-bbfc-5860e0539181,PBkjEb22z9NsW98,1,"몬티홀 딜레마를 통한 확률에 관한 정리와 몬티홀 딜레마의 문의 수, 차의 수에 대한 일반화
평소에 몬티홀 딜레마에 대해 '바꾸는 것이 차가 있는 문이 확률이 더 높다.'라는 말을 많이 들었다. 하지만 나는 아무리 생각해도 1/2인 것 같았다. 그래서 이 주제에 대해 탐구하게 되었다. 몬티홀 딜레마를 증명하기 위해 조건부 확률과 전확률 공식을 알아야 한다. 이것을 통해 기본적인 몬티홀 딜레마를 증명한다. 그리고 문이 4개일 때, 5개일 때 가다보면 몬티홀 딜레마에서 확률이 점점 증가한다는 사실을 알 수 있다. 이상한 점은 문이 증가하면 차를 고를 확률이 감소하는데, 몬티홀 딜레마에서는 증가하는 것이다. 이것에 대해 생각해보니, 문을 바꿀 때 차를 선택하는 확률이 증가한다는 것이 아니라, 바꾼 문들 중에 차가 존재할 확률이 증가한다는 것을 깨달았다. 추가적으로 찾아보던 중, 베이즈 정리에 대해 알았다. 이것은 과거의 일을 가지고 미래를 구할 수 있는 것이다. 나는 이 정리에 대해 놀라움을 느꼈다. 이 공식을 통해 미래의 일을 알 수 있다는 것은 나중에 일어날 재난, 재해에 대하여 확률적으로 대비를 할 수 있는 것이다. 이 과정을 통하여, 나의 미래에 대해 확률적으로 생각할 수 있는 기회가 되었고, 미래에 대한 나의 생각을 정리할 수 있는 기회가 되었다.
코시-슈바르츠 부등식의  다양한 증명과 그에 대한 다양한 확장 정리, 이 정리에 대한 응용
일차부등식을 배우면서 어떤 식의 범위를 알 수 있다는 것에서 매력을 느꼈다. 이에 관한 다양한 부등식을 알아보다가, 코시-슈바르츠 부등식을 보았다. 이것에 관한 증명은 기하적 증명, 대수적 증명 등, 많은 증명이 존재한다. 이것의 확장은 네스빗 부등식, T2 보조정리 등, 다양한 정리가 존재한다. 이것을 활용한 예는 원의 방정식 문제에서 기울기가 주어진 직선이 원과 만나는 조건을 살펴보며, 코시-슈바르츠 부등식을 이용해 가능한 y 절편의 범위를 더 쉽게 구할 수 있었다. 이 탐구를 통해 일차부등식, 이차함수, 도형의 방정식이 따로 떨어진 단원이 아니라, 식의 범위와 조건을 해석하는 공통된 관점으로 연결될 수 있음을 배웠다. 이것을 통해 건축에서 물체의 하중과 관련지어 나의 꿈에 대해 한 발 더 나아갈 수 있게 되었다.
텐세그리티에 관한 연구
나는 세계 여러 나라를 돌아다니며 많은 고대 건축물들을 보아 이 건축물에는 어떤 물리적 성질이 있는지 궁금했다. 그래서 나는 이것에 대하여 조사하기 시작했고, 텐세그리티라는 것을 알게 되었다. 적은 돈으로 최고의 효율을 내기 위하여 물리적 성질을 이용하는 것이 ",,2026-07-25T12:42:25.000Z (학생-자소서),2026-08-03 19:05:09.919445+00
b6a48e17-c3c5-4556-8902-eb060fa42364,PBkjEb22z9NsW98,1,"몬티홀 딜레마를 통한 확률에 관한 정리와 몬티홀 딜레마의 문의 수, 차의 수에 대한 일반화
평소에 몬티홀 딜레마에 대해 '바꾸는 것이 차가 있는 문이 확률이 더 높다.'라는 말을 많이 들었다. 하지만 나는 아무리 생각해도 1/2인 것 같았다. 그래서 이 주제에 대해 탐구하게 되었다. 몬티홀 딜레마를 증명하기 위해 조건부 확률과 전확률 공식을 알아야 한다. 이것을 통해 기본적인 몬티홀 딜레마를 증명한다. 그리고 문이 4개일 때, 5개일 때 가다보면 몬티홀 딜레마에서 확률이 점점 증가한다는 사실을 알 수 있다. 이상한 점은 문이 증가하면 차를 고를 확률이 감소하는데, 몬티홀 딜레마에서는 증가하는 것이다. 이것에 대해 생각해보니, 문을 바꿀 때 차를 선택하는 확률이 증가한다는 것이 아니라, 바꾼 문들 중에 차가 존재할 확률이 증가한다는 것을 깨달았다. 추가적으로 찾아보던 중, 베이즈 정리에 대해 알았다. 이것은 과거의 일을 가지고 미래를 구할 수 있는 것이다. 나는 이 정리에 대해 놀라움을 느꼈다. 이 공식을 통해 미래의 일을 알 수 있다는 것은 나중에 일어날 재난, 재해에 대하여 확률적으로 대비를 할 수 있는 것이다. 이 과정을 통하여, 나의 미래에 대해 확률적으로 생각할 수 있는 기회가 되었고, 미래에 대한 나의 생각을 정리할 수 있는 기회가 되었다.
코시-슈바르츠 부등식의  다양한 증명과 그에 대한 다양한 확장 정리, 이 정리에 대한 응용
일차부등식을 배우면서 어떤 식의 범위를 알 수 있다는 것에서 매력을 느꼈다. 이에 관한 다양한 부등식을 알아보다가, 코시-슈바르츠 부등식을 보았다. 이것에 관한 증명은 기하적 증명, 대수적 증명 등, 많은 증명이 존재한다. 이것의 확장은 네스빗 부등식, T2 보조정리 등, 다양한 정리가 존재한다. 이것을 활용한 예는 원의 방정식 문제에서 기울기가 주어진 직선이 원과 만나는 조건을 살펴보며, 코시-슈바르츠 부등식을 이용해 가능한 y 절편의 범위를 더 쉽게 구할 수 있었다. 이 탐구를 통해 일차부등식, 이차함수, 도형의 방정식이 따로 떨어진 단원이 아니라, 식의 범위와 조건을 해석하는 공통된 관점으로 연결될 수 있음을 배웠다. 이것을 통해 건축에서 물체의 하중과 관련지어 나의 꿈에 대해 한 발 더 나아갈 수 있게 되었다.
",,2026-07-25T12:15:34.999Z (학생-자소서),2026-08-03 19:05:09.919445+00
a7768d96-378e-48ff-9048-35f172229411,PBkjEb22z9NsW98,1,"몬티홀 딜레마를 통한 확률에 관한 정리와 몬티홀 딜레마의 문의 수, 차의 수에 대한 일반화
평소에 몬티홀 딜레마에 대해 '바꾸는 것이 차가 있는 문이 확률이 더 높다.'라는 말을 많이 들었다. 하지만 나는 아무리 생각해도 1/2인 것 같았다. 그래서 이 주제에 대해 탐구하게 되었다. 몬티홀 딜레마를 증명하기 위해 조건부 확률과 전확률 공식을 알아야 한다. 이것을 통해 기본적인 몬티홀 딜레마를 증명한다. 그리고 문이 4개일 때, 5개일 때 가다보면 몬티홀 딜레마에서 확률이 점점 증가한다는 사실을 알 수 있다. 이상한 점은 문이 증가하면 차를 고를 확률이 감소하는데, 몬티홀 딜레마에서는 증가하는 것이다. 이것에 대해 생각해보니, 문을 바꿀 때 차를 선택하는 확률이 증가한다는 것이 아니라, 바꾼 문들 중에 차가 존재할 확률이 증가한다는 것을 깨달았다. 추가적으로 찾아보던 중, 베이즈 정리에 대해 알았다. 이것은 과거의 일을 가지고 미래를 구할 수 있는 것이다. 나는 이 정리에 대해 놀라움을 느꼈다. 이 공식을 통해 미래의 일을 알 수 있다는 것은 나중에 일어날 재난, 재해에 대하여 확률적으로 대비를 할 수 있는 것이다. 이 과정을 통하여, 나의 미래에 대해 확률적으로 생각할 수 있는 기회가 되었고, 미래에 대한 나의 생각을 정리할 수 있는 기회가 되었다.
코시-슈바르츠 부등식의  다양한 증명과 그에 대한 다양한 확장 정리, 이 정리에 대한 응용
일차부등식을 배우면서 어떤 식의 범위를 알 수 있다는 것에서 매력을 느꼈다. 이에 관한 다양한 부등식을 알아보다가, 코시-슈바르츠 부등식을 보았다. 이것에 관한 증명은 기하적 증명, 대수적 증명 등, 많은 증명이 존재한다. 이것의 확장은 네스빗 부등식, T2 보조정리 등, 다양한 정리가 존재한다. 이것을 활용한 예는 원의 방정식 문제에서 기울기가 주어진 직선이 원과 만나는 조건을 살펴보며, 코시-슈바르츠 부등식을 이용해 가능한 y 절편의 범위를 더 쉽게 구할 수 있었다. 이 탐구를 통해 일차부등식, 이차함수, 도형의 방정식이 따로 떨어진 단원이 아니라, 식의 범위와 조건을 해석하는 공통된 관점으로 연결될 수 있음을 배웠다. 이것을 통해 건축에서 물체의 하중과 관련지어 나의 꿈에 대해 한 발 더 나아갈 수 있게 되었다.
",,2026-07-25T11:03:08.000Z (학생-자소서),2026-08-03 19:05:09.919445+00
c1fee68d-135e-4c32-adcb-29f464b3d254,PBkjEb22z9NsW98,1,"몬티홀 딜레마를 통한 확률에 관한 정리와 몬티홀 딜레마의 문의 수, 차의 수에 대한 일반화
평소에 몬티홀 딜레마에 대해 '바꾸는 것이 차가 있는 문이 확률이 더 높다.'라는 말을 많이 들었다. 하지만 나는 아무리 생각해도 1/2인 것 같았다. 그래서 이 주제에 대해 탐구하게 되었다. 몬티홀 딜레마를 증명하기 위해 조건부 확률과 전확률 공식을 알아야 한다. 이것을 통해 기본적인 몬티홀 딜레마를 증명한다. 그리고 문이 4개일 때, 5개일 때 가다보면 몬티홀 딜레마에서 확률이 점점 증가한다는 사실을 알 수 있다. 이상한 점은 문이 증가하면 차를 고를 확률이 감소하는데, 몬티홀 딜레마에서는 증가하는 것이다. 이것에 대해 생각해보니, 문을 바꿀 때 차를 선택하는 확률이 증가한다는 것이 아니라, 바꾼 문들 중에 차가 존재할 확률이 증가한다는 것을 깨달았다. 추가적으로 찾아보던 중, 베이즈 정리에 대해 알았다. 이것은 과거의 일을 가지고 미래를 구할 수 있는 것이다. 나는 이 정리에 대해 놀라움을 느꼈다. 이 공식을 통해 미래의 일을 알 수 있다는 것은 나중에 일어날 재난, 재해에 대하여 확률적으로 대비를 할 수 있는 것이다. 이 과정을 통하여, 나의 미래에 대해 확률적으로 생각할 수 있는 기회가 되었고, 미래에 대한 나의 생각을 정리할 수 있는 기회가 되었다.
코시-슈바르츠 부등식의  다양한 증명과 그에 대한 다양한 확장 정리, 이 정리에 대한 응용
일차부등식을 배우면서 어떤 식의 범위를 알 수 있다는 것에서 매력을 느꼈다. 이에 관한 다양한 부등식을 알아보다가, 코시-슈바르츠 부등식을 보았다. 이것에 관한 증명은 기하적 증명, 대수적 증명 등, 많은 증명이 존재한다. 이것의 확장은 네스빗 부등식, T2 보조정리 등, 다양한 정리가 존재한다. 이것을 활용한 예는 원의 방정식 문제에서 기울기가 주어진 직선이 원과 만나는 조건을 살펴보며, 코시-슈바르츠 부등식을 이용해 가능한 y 절편의 범위를 더 쉽게 구할 수 있었다. 이 탐구를 통해 일차부등식, 이차함수, 도형의 방정식이 따로 떨어진 단원이 아니라, 식의 범위와 조건을 해석하는 공통된 관점으로 연결될 수 있음을 배웠다. 이것을 통해 건축에서 물체의 하중과 관련지어 나의 꿈에 대해 한 발 더 나아갈 수 있게 되었다.
",,2026-07-25T10:29:20.000Z (학생-자소서),2026-08-03 19:05:09.919445+00
9a49ede6-0a39-44b3-8fe6-60408326c39b,PBkjEb22z9NsW98,1,"몬티홀 딜레마를 통한 확률에 관한 정리와 몬티홀 딜레마의 문의 수, 차의 수에 대한 일반화
평소에 몬티홀 딜레마에 대해 '바꾸는 것이 차가 있는 문이 확률이 더 높다.'라는 말을 많이 들었다. 하지만 나는 아무리 생각해도 1/2인 것 같았다. 그래서 이 주제에 대해 탐구하게 되었다. 몬티홀 딜레마를 증명하기 위해 조건부 확률과 전확률 공식을 알아야 한다. 이것을 통해 기본적인 몬티홀 딜레마를 증명한다. 그리고 문이 4개일 때, 5개일 때 가다보면 몬티홀 딜레마에서 확률이 점점 증가한다는 사실을 알 수 있다. 이상한 점은 문이 증가하면 차를 고를 확률이 감소하는데, 몬티홀 딜레마에서는 증가하는 것이다. 이것에 대해 생각해보니, 문을 바꿀 때 차를 선택하는 확률이 증가한다는 것이 아니라, 바꾼 문들 중에 차가 존재할 확률이 증가한다는 것을 깨달았다. 추가적으로 찾아보던 중, 베이즈 정리에 대해 알았다. 이것은 과거의 일을 가지고 미래를 구할 수 있는 것이다. 나는 이 정리에 대해 놀라움을 느꼈다. 이 공식을 통해 미래의 일을 알 수 있다는 것은 나중에 일어날 재난, 재해에 대하여 확률적으로 대비를 할 수 있는 것이다. 이 과정을 통하여, 나의 미래에 대해 확률적으로 생각할 수 있는 기회가 되었고, 미래에 대한 나의 생각을 정리할 수 있는 기회가 되었다.
코시-슈바르츠 부등식의  다양한 증명과 그에 대한 다양한 확장 정리, 이 정리에 대한 응용
일차부등식을 배우면서 어떤 식의 범위를 알 수 있다는 것에서 매력을 느꼈다. 이에 관한 다양한 부등식을 알아보다가, 코시-슈바르츠 부등식을 보았다. 이것에 관한 증명은 기하적 증명, 대수적 증명 등, 많은 증명이 존재한다. 이것의 확장은 네스빗 부등식, T2 보조정리 등, 다양한 정리가 존재한다. 이것을 활용한 예는 원의 방정식 문제에서 기울기가 주어진 직선이 원과 만나는 조건을 살펴보며, 코시-슈바르츠 부등식을 이용해 가능한 y 절편의 범위를 더 쉽게 구할 수 있었다. 이 탐구를 통해 일차부등식, 이차함수, 도형의 방정식이 따로 떨어진 단원이 아니라, 식의 범위와 조건을 해석하는 공통된 관점으로 연결될 수 있음을 배웠다. 이것을 통해 건축에서 물체의 하중과 관련지어 나의 꿈에 대해 한 발 더 나아갈 수 있게 되었다.
마방진, 라틴 방진을 통한 조합, 정수의 융합에 관한 조합 설계와 직교 라틴 방진에 관한 연구
평소에 스도쿠에 관심이 있어 스도쿠에 관한 수학적 원리가 궁금해졌다. 스도쿠에 대해 찾아보던 중, 마방진과 라틴 방진에 대해 알게 되었다. 마방진은 많이 들어본 것인데 라틴 방진에 대해서는 잘 들어보지 못하였다. 라틴 방진을 알아보니, 스도쿠와 비슷하면서도, 약간 달랐다. 스도쿠는 정해진 사각형 안의 수가 1에서 9가 하나 씩 존재해야 하는 방면에, 라틴 방진은 이런 것은 없고, 오로지 같은 수에서는 행과 열에 하나의 수만 존재해야 하는 규칙 뿐이었다. 라틴 방진에서 흥미로웠던 점은 직교 라틴 방진이 존재한다는 것이다. 이것을 통해 확률의 대칭성에 대해 알 수 있었다. 이를 통해 ",,2026-07-23T14:48:05.000Z (학생-자소서),2026-08-03 19:05:09.919445+00
1410d6fd-0158-4656-acf1-636917d8cbc1,PBkjEb22z9NsW98,1,"몬티홀 딜레마를 통한 확률에 관한 정리와 몬티홀 딜레마의 문의 수, 차의 수에 대한 일반화
평소에 몬티홀 딜레마에 대해 '바꾸는 것이 차가 있는 문이 확률이 더 높다.'라는 말을 많이 들었다. 하지만 나는 아무리 생각해도 1/2인 것 같았다. 그래서 이 주제에 대해 탐구하게 되었다. 몬티홀 딜레마를 증명하기 위해 조건부 확률과 전확률 공식을 알아야 한다. 이것을 통해 기본적인 몬티홀 딜레마를 증명한다. 그리고 문이 4개일 때, 5개일 때 가다보면 몬티홀 딜레마에서 확률이 점점 증가한다는 사실을 알 수 있다. 이상한 점은 문이 증가하면 차를 고를 확률이 감소하는데, 몬티홀 딜레마에서는 증가하는 것이다. 이것에 대해 생각해보니, 문을 바꿀 때 차를 선택하는 확률이 증가한다는 것이 아니라, 바꾼 문들 중에 차가 존재할 확률이 증가한다는 것을 깨달았다. 추가적으로 찾아보던 중, 베이즈 정리에 대해 알았다. 이것은 과거의 일을 가지고 미래를 구할 수 있는 것이다. 나는 이 정리에 대해 놀라움을 느꼈다. 이 공식을 통해 미래의 일을 알 수 있다는 것은 나중에 일어날 재난, 재해에 대하여 확률적으로 대비를 할 수 있는 것이다. 이 과정을 통하여, 나의 미래에 대해 확률적으로 생각할 수 있는 기회가 되었고, 미래에 대한 나의 생각을 정리할 수 있는 기회가 되었다.
코시-슈바르츠 부등식의  다양한 증명과 그에 대한 다양한 확장 정리, 이 정리에 대한 응용
일차부등식을 배우면서 어떤 식의 범위를 알 수 있다는 것에서 매력을 느꼈다. 이에 관한 다양한 부등식을 알아보다가, 코시-슈바르츠 부등식을 보았다. 이것에 관한 증명은 기하적 증명, 대수적 증명 등, 많은 증명이 존재한다. 이것의 확장은 네스빗 부등식, T2 보조정리 등, 다양한 정리가 존재한다. 이것을 활용한 예는 원의 방정식 문제에서 기울기가 주어진 직선이 원과 만나는 조건을 살펴보며, 코시-슈바르츠 부등식을 이용해 가능한 y 절편의 범위를 더 쉽게 구할 수 있었다. 이 탐구를 통해 일차부등식, 이차함수, 도형의 방정식이 따로 떨어진 단원이 아니라, 식의 범위와 조건을 해석하는 공통된 관점으로 연결될 수 있음을 배웠다. 이것을 통해 건축에서 물체의 하중과 관련지어 나의 꿈에 대해 한 발 더 나아갈 수 있게 되었다.
마방진, 라틴 방진을 통한 조합, 정수의 융합에 관한 조합 설계와 직교 라틴 방진에 관한 연구
평소에 스도쿠에 관심이 있어 스도쿠에 관한 수학적 원리가 궁금해졌다. 스도쿠에 대해 찾아보던 중, 마방진과 라틴 방진에 대해 알게 되었다. 마방진은 많이 들어본 것인데 라틴 방진에 대해서는 잘 들어보지 못하였다. 라틴 방진을 알아보니, 스도쿠와 비슷하면서도, 약간 달랐다. 스도쿠는 정해진 사각형 안의 수가 1에서 9만 존재해야 하는 방면에, 라틴 방진은 이런 것은 없고, 오로지 같은 수에서는 행과 열에 하나의 수만 존재해야 하는 규칙 뿐이었다. 라틴 방진에서 흥미로웠던 점은 직교 라틴 방진이 존재한다는 것이다. 이것을 통해 확률의 대칭성에 대해 알 수 있었다. ",,2026-07-23T14:38:54.999Z (학생-자소서),2026-08-03 19:05:09.919445+00
c05615d3-b6c5-43d0-8622-ca793910d697,PBkjEb22z9NsW98,1,"몬티홀 딜레마를 통한 확률에 관한 정리와 몬티홀 딜레마의 문의 수, 차의 수에 대한 일반화
평소에 몬티홀 딜레마에 대해 '바꾸는 것이 차가 있는 문이 확률이 더 높다.'라는 말을 많이 들었다. 하지만 나는 아무리 생각해도 1/2인 것 같았다. 그래서 이 주제에 대해 탐구하게 되었다. 몬티홀 딜레마를 증명하기 위해 조건부 확률과 전확률 공식을 알아야 한다. 이것을 통해 기본적인 몬티홀 딜레마를 증명한다. 그리고 문이 4개일 때, 5개일 때 가다보면 몬티홀 딜레마에서 확률이 점점 증가한다는 사실을 알 수 있다. 이상한 점은 문이 증가하면 차를 고를 확률이 감소하는데, 몬티홀 딜레마에서는 증가하는 것이다. 이것에 대해 생각해보니, 문을 바꿀 때 차를 선택하는 확률이 증가한다는 것이 아니라, 바꾼 문들 중에 차가 존재할 확률이 증가한다는 것을 깨달았다. 추가적으로 찾아보던 중, 베이즈 정리에 대해 알았다. 이것은 과거의 일을 가지고 미래를 구할 수 있는 것이다. 나는 이 정리에 대해 놀라움을 느꼈다. 이 공식을 통해 미래의 일을 알 수 있다는 것은 나중에 일어날 재난, 재해에 대하여 확률적으로 대비를 할 수 있는 것이다. 이 과정을 통하여, 
코시-슈바르츠 부등식의 다양한 증명과 그에 대한 다양한 확장 정리, 이 정리에 대한 응용
일차부등식을 배우면서 어떤 식의 범위를 알 수 있다는 것에서 매력을 느꼈다. 이에 관한 다양한 부등식을 알아보다가, 코시-슈바르츠 부등식을 보았다. 이것에 관한 증명은 기하적 증명, 대수적 증명 등, 많은 증명이 존재한다. 이것의 확장은 네스빗 부등식, T2 보조정리 등, 다양한 정리가 존재한다. 이것을 활용한 예는 원의 방정식 문제에서 기울기가 주어진 직선이 원과 만나는 조건을 살펴보며, 코시-슈바르츠 부등식을 이용해 가능한 y 절편의 범위를 더 쉽게 구할 수 있었다. 이 탐구를 통해 일차부등식, 이차함수, 도형의 방정식이 따로 떨어진 단원이 아니라, 식의 범위와 조건을 해석하는 공통된 관점으로 연결될 수 있음을 배웠다. 이것을 통해 건축에서 물체의 하중과 관련지어 나의 꿈에 대해 한 발 더 나아갈 수 있게 되었다.
마방진, 라틴 방진을 통한 조합, 정수의 융합에 관한 조합 설계와 직교 라틴 방진에 관한 연구
평소에 스도쿠에 관심이 있어 스도쿠에 관한 수학적 원리가 궁금해졌다. 스도쿠에 대해 찾아보던 중, 마방진과 라틴 방진에 대해 알게 되었다. 마방진은 많이 들어본 것인데 라틴 방진에 대해서는 잘 들어보지 못하였다. 라틴 방진을 알아보니, 스도쿠와 비슷하면서도, 약간 달랐다. 스도쿠는 정해진 사각형 안의 수가 1에서 9만 존재해야 하는 방면에, 라틴 방진은 이런 것은 없고, 오로지 같은 수에서는 행과 열에 하나의 수만 존재해야 하는 규칙 뿐이었다. 라틴 방진에서 흥미로웠던 점은 ",,2026-07-22T15:59:04.000Z (학생-자소서),2026-08-03 19:05:09.919445+00
333d9aac-a63d-4393-9301-cf589cf1680c,PBkjEb22z9NsW98,1,"몬티홀 딜레마를 통한 확률에 관한 정리와 몬티홀 딜레마의 문의 수, 차의 수에 대한 일반화
평소에 몬티홀 딜레마에 대해 '바꾸는 것이 차가 있는 문이 확률이 더 높다.'라는 말을 많이 들었다. 하지만 나는 아무리 생각해도 1/2인 것 같았다. 그래서 이 주제에 대해 탐구하게 되었다. 몬티홀 딜레마를 증명하기 위해 조건부 확률과 베이즈 정리, 전확률 공식을 알아야 한다. 이것을 통해 기본적인 몬티홀 딜레마를 증명한다. 그리고 문이 4개일 때, 5개일 때 가다보면 몬티홀 딜레마에서 확률이 점점 증가한다는 사실을 알 수 있다. 이상한 점은 문이 증가하면 차를 고를 확률이 감소하는데, 몬티홀 딜레마에서는 증가하는 것이다. 이것에 대해 생각해보니, 문을 바꿀 때 차를 선택하는 확률이 증가한다는 것이 아니라, 바꾼 문들 중에 차가 존재할 확률이 증가한다는 것이다. 이 과정을 통해, 확률은 전체적으로 보는 관점과 부분적으로 보는 관점이 다르다는 것을 알았다.
코시-슈바르츠 부등식의 다양한 증명과 그에 대한 다양한 확장 정리, 이 정리에 대한 응용
일차부등식을 배우면서 어떤 식의 범위를 알 수 있다는 것에서 매력을 느꼈다. 이에 관한 다양한 부등식을 알아보다가, 코시-슈바르츠 부등식을 보았다. 이것에 관한 증명은 기하적 증명, 대수적 증명 등, 많은 증명이 존재한다. 이것의 확장은 네스빗 부등식, T2 보조정리 등, 다양한 정리가 존재한다. 이것을 활용한 예는 원의 방정식 문제에서 기울기가 주어진 직선이 원과 만나는 조건을 살펴보며, 코시-슈바르츠 부등식을 이용해 가능한 y 절편의 범위를 더 쉽게 구할 수 있었다. 이 탐구를 통해 일차부등식, 이차함수, 도형의 방정식이 따로 떨어진 단원이 아니라, 식의 범위와 조건을 해석하는 공통된 관점으로 연결될 수 있음을 배웠다. 이것을 통해 건축에서 물체의 하중과 관련지어 나의 꿈에 대해 한 발 더 나아갈 수 있게 되었다.
마방진, 라틴 방진을 통한 조합, 정수의 융합에 관한 조합 설계와 직교 라틴 방진에 관한 연구",,2026-07-18T14:01:04.999Z (학생-자소서),2026-08-03 19:05:09.919445+00
e0d3f8fa-ea5e-46da-ac1d-18b463f9545c,PBkjEb22z9NsW98,1,"몬티홀 딜레마를 통한 확률에 관한 정리와 몬티홀 딜레마의 문의 수, 차의 수에 대한 일반화
평소에 몬티홀 딜레마에 대해 '바꾸는 것이 차가 있는 문이 확률이 더 높다.'라는 말을 많이 들었다. 하지만 나는 아무리 생각해도 1/2인 것 같았다. 그래서 이 주제에 대해 탐구하게 되었다. 몬티홀 딜레마를 증명하기 위해 조건부 확률과 베이즈 정리, 전확률 공식을 알아야 한다. 이것을 통해 기본적인 몬티홀 딜레마를 증명한다. 그리고 문이 4개일 때, 5개일 때 가다보면 몬티홀 딜레마에서 확률이 점점 증가한다는 사실을 알 수 있다. 이상한 점은 문이 증가하면 차를 고를 확률이 감소하는데, 몬티홀 딜레마에서는 증가하는 것이다. 이것에 대해 생각해보니, 문을 바꿀 때 차를 선택하는 확률이 증가한다는 것이 아니라, 바꾼 문들 중에 차가 존재할 확률이 증가한다는 것이다. 이 과정을 통해, 
코시-슈바르츠 부등식의 다양한 증명과 그에 대한 다양한 확장 정리, 이 정리에 대한 응용
일차부등식을 배우면서 어떤 식의 범위를 알 수 있다는 것에서 매력을 느꼈다. 이에 관한 다양한 부등식을 알아보다가, 코시-슈바르츠 부등식을 보았다. 이것에 관한 증명은 기하적 증명, 대수적 증명 등, 많은 증명이 존재한다. 이것의 확장은 네스빗 부등식, T2 보조정리 등, 다양한 정리가 존재한다. 이것을 활용한 예는 원의 방정식 문제에서 기울기가 주어진 직선이 원과 만나는 조건을 살펴보며, 코시-슈바르츠 부등식을 이용해 가능한 y 절편의 범위를 더 쉽게 구할 수 있었다. 이 탐구를 통해 일차부등식, 이차함수, 도형의 방정식이 따로 떨어진 단원이 아니라, 식의 범위와 조건을 해석하는 공통된 관점으로 연결될 수 있음을 배웠다. 이것을 통해 건축에서 물체의 하중과 관련지어 나의 꿈에 대해 한 발 더 나아갈 수 있게 되었다.
마방진, 라틴 방진을 통한 조합, 정수의 융합에 관한 조합 설계와 직교 라틴 방진에 관한 연구",,2026-07-18T13:53:30.999Z (학생-자소서),2026-08-03 19:05:09.919445+00
e3f68c54-3529-4620-ae89-893a09cbbe81,PBkjEb22z9NsW98,1,"몬티홀 딜레마를 통한 확률에 관한 정리와 몬티홀 딜레마의 문의 수, 차의 수에 대한 일반화
평소에 몬티홀 딜레마에 대해 '바꾸는 것이 차가 있는 문이 확률이 더 높다.'라는 말을 많이 들었다. 하지만 나는 아무리 생각해도 1/2인 것 같았다. 그래서 이 주제에 대해 탐구하게 되었다. 몬티홀 딜레마를 증명하기 위해 조건부 확률과 전확률 공식을 알아야 한다. 이것을 통해 기본적인 몬티홀 딜레마를 증명한다. 그리고 문이 4개일 때, 5개일 때 가다보면 몬티홀 딜레마에서 확률이 점점 증가한다는 사실을 알 수 있다. 이상한 점은 문이 증가하면 차를 고를 확률이 감소하는데, 몬티홀 딜레마에서는 증가하는 것이다. 이것에 대해 생각해보니, 문을 바꿀 때 차를 선택하는 확률이 증가한다는 것이 아니라, 바꾼 문들 중에 차가 존재할 확률이 증가한다는 것을 깨달았다. 추가적으로 찾아보던 중, 베이즈 정리에 대해 알았다. 이것은 과거의 일을 가지고 미래를 구할 수 있는 것이다. 나는 이 정리에 대해 놀라움을 느꼈다. 이 공식을 통해 미래의 일을 알 수 있다는 것은 나중에 일어날 재난, 재해에 대하여 확률적으로 대비를 할 수 있는 것이다. 이 과정을 통하여, 나의 미래에 대해 확률적으로 생각할 수 있는 기회가 되었고, 미래에 대한 나의 생각을 정리할 수 있는 기회가 되었다.

코시-슈바르츠 부등식의  다양한 증명과 그에 대한 다양한 확장 정리, 이 정리에 대한 응용
일차부등식을 배우면서 어떤 식의 범위를 알 수 있다는 것에서 매력을 느꼈다. 이에 관한 다양한 부등식을 알아보다가, 코시-슈바르츠 부등식을 보았다. 이것에 관한 증명은 기하적 증명, 대수적 증명 등, 많은 증명이 존재한다. 이것의 확장은 네스빗 부등식, T2 보조정리 등, 다양한 정리가 존재한다. 이것을 활용한 예는 원의 방정식 문제에서 기울기가 주어진 직선이 원과 만나는 조건을 살펴보며, 코시-슈바르츠 부등식을 이용해 가능한 y 절편의 범위를 더 쉽게 구할 수 있었다. 이 탐구를 통해 일차부등식, 이차함수, 도형의 방정식이 따로 떨어진 단원이 아니라, 식의 범위와 조건을 해석하는 공통된 관점으로 연결될 수 있음을 배웠다. 이것을 통해 건축에서 물체의 하중과 관련지어 나의 꿈에 대해 한 발 더 나아갈 수 있게 되었다.

텐세그리티의 특징과 세계의 고대 건축물의 활용, 내진 설계의 응용으로 건물의 안정성 증진
나는 세계 여러 나라를 돌아다니며 많은 고대 건축물들을 보아 이 건축물에는 어떤 물리적, 수학적 성질이 있는지 궁금했다. 그래서 나는 이것에 대하여 조사하기 시작했고, 텐세그리티라는 것을 알게 되었다. 적은 자재 수 만으로 버티는 것이 신기했다. 건축물이 버티기 위해서 필요한 것들을 한 공식 안에 적을 수 있는 것도 신기했다. 이 유연하고, 강한 구조를 이용하여, 기둥 안에 철근 대신 사용하면 내진과 동시에 안정적인 기둥을 설계할 수 있을 것이다. 이를 통해 전에 보았던 건축물의 숨겨진 원리에 대해 다시 알아보는 계기가 되었고, 짧은 공식 안에 많은 의미를 함축 시킬 수 있다는 것을 알았다. 이러한 과정을 통해 건축에 대해 진지하게 생각해보는 계기가 되었고, 내가 수학을 더 공부하는 계기가 되었다.",,최신,2026-08-03 19:05:09.919445+00
cf357458-8528-40d3-9e05-9334c7b98135,V0xhoiHLP133A,1,"피보나치 수열(+Python 프로그램)
(개인)피보나치 수열을 학습하면서 단순한 점화식으로 만들어지는 수열이 자연현상, 건축, 예술 등 다양한 분야와 연결되며 연속한 두 항의 비가 황금비에 가까워진다는 사실에 흥미를 느꼈다. 특히 이러한 현상이 왜 나타나는지 궁금해 직접 Python 프로그램을 활용하여 피보나치 수열을 생성하고, 연속한 두 항의 비를 계산해 황금비로 수렴하는 과정을 표와 그래프로 분석하였다. 더 나아가 점화식의 계수를 변화시킨 여러 수열을 만들어 같은 방법으로 비교하며 수렴값과 성장 속도가 어떻게 달라지는지 탐구하였다. 그 결과 피보나치 수열의 성질은 단순히 하나의(or그) 수열만의 특징이 아니라 점화식의 구조에 의해 결정된다는 점을 확인할 수 있었다. 이 활동을 통해 수학적 추론을 프로그래밍으로 검증할 수 있다는 것을 알게되었고, 하나의 규칙도 다양한 관점에서 분석하고 스스로 가설을 세워 확인하는 탐구 자세의 중요성을 배울 수 있었다.

통계 분석(+야구)
(개인)저는 어릴 때부터 야구를 좋아했으며, 일상에서 나타나는 다양한 현상을 수치로 분석하는 것에도 큰 흥미를 가지고 있습니다. 이러한 관심으로 '수학을 품은 야구공'을 읽으며 야구가 타율, OPS, 평균자책점, 승률 등 다양한 통계 지표를 통해 수학과 밀접하게 연결되어 있음을 이해하게 되었습니다. 단순히 경기를 관람하는 데 그치지 않고 타자의 타석 수와 안타 수를 이용해 타율을 직접 계산하고, 팀의 시즌 결과를 정리하여 승률의 변화를 분석해 보았습니다. 또한 같은 경기 결과라도 어떤 통계 지표를 활용하느냐에 따라 선수와 팀의 경기력을 다르게 해석할 수 있다는 점이 매우 인상 깊었습니다. 특히 시즌 초반 성적이 좋지 않더라도 출루율이나 OPS와 같은 세부 지표가 우수한 팀은 장기적으로 좋은 성적을 거둘 가능성이 높다는 점을 보며, 데이터를 단순히 계산하는 것을 넘어 해석하는 능력이 중요하다는 사실을 깨달았습니다. 이 경험을 통해 수학적 통계는 실제 현상을 객관적으로 이해하는 강력한 도구임을 알게 되었으며, 앞으로도 다양한 데이터를 스스로 분석하고 근거를 바탕으로 판단하는 탐구 자세를 꾸준히 키워 나가고자 합니다.

원뿔과 구의 부피 공식에 대한 기하학적 증명 탐구
(개인)구의 부피 공식을 단순히 암기하는 것이 아니라 공식이 만들어지는 과정을 이해하고자 탐구를 진행하였다. 특히 구를 매우 얇은 원기둥 모양의 단면으로 나누어 각 단면의 부피를 합하는 구분구적법에 초점을 맞추어, 무한히 작은 부분들의 합이 전체의 부피를 이루는 원리를 학습하였다. 또한 구분의 개수를 점점 늘릴수록 실제 구의 부피에 가까워지는 과정을 살펴보며, 복잡한 입체도 작은 부분으로 나누어 분석하면 전체를 정확하게 설명할 수 있다는 수학적 사고를 이해할 수 있었다. 이 과정에서 하나의 공식을 단순히 결과로 받아들이기보다, 어떠한 논리와 과정을 거쳐 도출되는지를 탐구하는 것이 더욱 중요하다는 점을 깨달았다. 특히 구분구적법은 중학교에서 학습한 도형의 넓이와 부피 개념을 더욱 일반화한 방법이라는 점이 흥미로웠으며, 작은 요소를 체계적으로 분석하여 전체를 이해하는 수학의 논리성과 체계성을 느낄 수 있었다. 앞으로도 다양한 증명 방법을 탐구하며 수학적 개념의 원리를 깊이 이해하는 학습을 이어가고 싶다는 생각을 하게 되었다.",,2026-08-03T23:56:03.000Z (학생-자소서),2026-08-03 19:05:09.919445+00
3c7a93fc-9085-4ffa-a568-27514d66791f,V0xhoiHLP133A,1,"피보나치 수열(+Python 프로그램)
피보나치 수열을 학습하면서 단순한 점화식으로 만들어지는 수열이 자연현상, 건축, 예술 등 다양한 분야와 연결되며 연속한 두 항의 비가 황금비에 가까워진다는 사실에 흥미를 느꼈다. 특히 이러한 현상이 왜 나타나는지 궁금해 직접 Python 프로그램을 활용하여 피보나치 수열을 생성하고, 연속한 두 항의 비를 계산해 황금비로 수렴하는 과정을 표와 그래프로 분석하였다. 더 나아가 점화식의 계수를 변화시킨 여러 수열을 만들어 같은 방법으로 비교하며 수렴값과 성장 속도가 어떻게 달라지는지 탐구하였다. 그 결과 피보나치 수열의 성질은 단순히 하나의(or그) 수열만의 특징이 아니라 점화식의 구조에 의해 결정된다는 점을 확인할 수 있었다. 이 활동을 통해 수학적 추론을 프로그래밍으로 검증할 수 있다는 것을 알게되었고, 하나의 규칙도 다양한 관점에서 분석하고 스스로 가설을 세워 확인하는 탐구 자세의 중요성을 배울 수 있었다.

통계 분석(+야구)
저는 어릴 때부터 야구를 좋아했으며, 일상에서 나타나는 다양한 현상을 수치로 분석하는 것에도 큰 흥미를 가지고 있습니다. 이러한 관심으로 '수학을 품은 야구공'을 읽으며 야구가 타율, OPS, 평균자책점, 승률 등 다양한 통계 지표를 통해 수학과 밀접하게 연결되어 있음을 이해하게 되었습니다. 단순히 경기를 관람하는 데 그치지 않고 타자의 타석 수와 안타 수를 이용해 타율을 직접 계산하고, 팀의 시즌 결과를 정리하여 승률의 변화를 분석해 보았습니다. 또한 같은 경기 결과라도 어떤 통계 지표를 활용하느냐에 따라 선수와 팀의 경기력을 다르게 해석할 수 있다는 점이 매우 인상 깊었습니다. 특히 시즌 초반 성적이 좋지 않더라도 출루율이나 OPS와 같은 세부 지표가 우수한 팀은 장기적으로 좋은 성적을 거둘 가능성이 높다는 점을 보며, 데이터를 단순히 계산하는 것을 넘어 해석하는 능력이 중요하다는 사실을 깨달았습니다. 이 경험을 통해 수학적 통계는 실제 현상을 객관적으로 이해하는 강력한 도구임을 알게 되었으며, 앞으로도 다양한 데이터를 스스로 분석하고 근거를 바탕으로 판단하는 탐구 자세를 꾸준히 키워 나가고자 합니다.

원뿔과 구의 부피 공식에 대한 기하학적 증명 탐구
구의 부피 공식을 단순히 암기하는 것이 아니라 공식이 만들어지는 과정을 이해하고자 탐구를 진행하였다. 특히 구를 매우 얇은 원기둥 모양의 단면으로 나누어 각 단면의 부피를 합하는 구분구적법에 초점을 맞추어, 무한히 작은 부분들의 합이 전체의 부피를 이루는 원리를 학습하였다. 또한 구분의 개수를 점점 늘릴수록 실제 구의 부피에 가까워지는 과정을 살펴보며, 복잡한 입체도 작은 부분으로 나누어 분석하면 전체를 정확하게 설명할 수 있다는 수학적 사고를 이해할 수 있었다. 이 과정에서 하나의 공식을 단순히 결과로 받아들이기보다, 어떠한 논리와 과정을 거쳐 도출되는지를 탐구하는 것이 더욱 중요하다는 점을 깨달았다. 특히 구분구적법은 중학교에서 학습한 도형의 넓이와 부피 개념을 더욱 일반화한 방법이라는 점이 흥미로웠으며, 작은 요소를 체계적으로 분석하여 전체를 이해하는 수학의 논리성과 체계성을 느낄 수 있었다. 앞으로도 다양한 증명 방법을 탐구하며 수학적 개념의 원리를 깊이 이해하는 학습을 이어가고 싶다는 생각을 하게 되었다.",,2026-08-03T23:48:03.999Z (학생-자소서),2026-08-03 19:05:09.919445+00
c8894430-5c2c-43c5-8bfd-8838d9b6db21,AvECxiSriksN8Ie,2,,,최신,2026-08-03 19:05:09.919445+00
36453362-4c5a-4b65-b8d2-f79be2898386,PBkjEb22z9NsW98,2,"우장춘 삼각형에서 십자화속 식물에 대해 삼각형의 꼭짓점끼리 교배를 통한 유전적 관계와 이를 통해 종의 정의 재구성
나는 나의 조상님인 우장춘에 대한 존경심이 깊었다. 그래서 우장춘에 대한 자료를 찾아보던 중, 우장춘 삼각형에 대한 자료를 찾아보았다. 이것은 내가 원래 알던 종의 의미와 다른 새로운 정리였다. 서로 다른 종을 교배 시켰더니 새로운 종이 만들어 지는 것은 원래의 종의 정의에서 
질량과 무게가 다른 공의 낙하로 역학적 에너지에서 두 공의 공기 저항의 차이에 의한 오차 파악
정다각형에서 꼭짓점에서 일정 하중을 주었을 때 각 모서리에서 힘의 분산에 의한 안정성 계산",,2026-07-18T14:01:04.999Z (학생-자소서),2026-08-03 19:05:09.919445+00
68910a52-ee93-4b9b-8092-2d9d8bcf2ddf,PBkjEb22z9NsW98,2,"우장춘 삼각형에서 십자화속 식물에 대해 삼각형의 꼭짓점끼리 교배를 통한 유전적 관계와 이를 통해 종의 정의 재구성
나는 나의 조상님인 우장춘에 대한 존경심이 깊었다. 그래서 우장춘에 대한 자료를 찾아보던 중, 우장춘 삼각형에 대한 자료를 찾아보았다. 이것은 내가 원래 알던 종의 의미와 다른 새로운 정리였다. 서로 다른 종을 교배 시켰더니 새로운 종이 만들어 지는 것은 원래의 종의 정의에서 
질량과 무게가 다른 공의 낙하로 역학적 에너지에서 두 공의 공기 저항의 차이에 의한 오차 파악
정다각형에서 꼭짓점에서 일정 하중을 주었을 때 각 모서리에서 힘의 분산에 의한 안정성 계산",,2026-07-18T13:53:30.999Z (학생-자소서),2026-08-03 19:05:09.919445+00
95d748b1-70ac-4d01-bb1c-bcfa242c25d4,PBkjEb22z9NsW98,2,"우장춘 삼각형에서 십자화속 식물에 대해 삼각형의 꼭짓점끼리 교배를 통한 유전적 관계와 이를 통해 종의 정의 재구성
나는 나의 조상님인 우장춘에 대한 존경심이 깊었다. 그래서 우장춘에 대한 자료를 찾아보던 중, 우장춘 삼각형에 대한 자료를 찾아보았다. 이것은 내가 원래 알던 종의 의미와 다른 새로운 정리였다. 서로 다른 종을 교배 시켰더니 새로운 종이 만들어 지는 것은 원래의 종의 정의에서 벗어난 새로운 이론 이었다. 우리가 먹는 갓이나 유채꽃이 배추, 양배추, 겨자에서 왔다는 것이다. 이것을 통해 유채꽃의 유전자의 조상을 파악할 수 있었다. 이것에 나는 큰 충격을 받고, 나도 미래에 우리가 보편적으로 생각하던 이론들을 뒤집는 그런 새로운 이론을 발표 하고 싶다. 
질량과 무게가 다른 공의 낙하로 역학적 에너지에서 두 공의 공기 저항의 차이에 의한 오차 파악
정다각형에서 꼭짓점에서 일정 하중을 주었을 때 각 모서리에서 힘의 분산에 의한 안정성 파악",,2026-07-25T10:29:20.000Z (학생-자소서),2026-08-03 19:05:09.919445+00
28ac2450-3dac-49a9-beb9-3c0fa893b575,PBkjEb22z9NsW98,2,"우장춘 삼각형에서 십자화속 식물에 대해 삼각형의 꼭짓점끼리 교배를 통한 유전적 관계와 이를 통해 종의 정의 재구성
나는 나의 조상님인 우장춘에 대한 존경심이 깊었다. 그래서 우장춘에 대한 자료를 찾아보던 중, 우장춘 삼각형에 대한 자료를 찾아보았다. 이것은 내가 원래 알던 종의 의미와 다른 새로운 정리였다. 서로 다른 종을 교배 시켰더니 새로운 종이 만들어 지는 것은 원래의 종의 정의에서 
질량과 무게가 다른 공의 낙하로 역학적 에너지에서 두 공의 공기 저항의 차이에 의한 오차 파악
정다각형에서 꼭짓점에서 일정 하중을 주었을 때 각 모서리에서 힘의 분산에 의한 안정성 계산",,2026-07-18T13:17:32.000Z (학생-자소서),2026-08-03 19:05:09.919445+00
c27a9e32-056c-4be9-88f9-25d42994f4c4,PBkjEb22z9NsW98,2,"우장춘 삼각형에서 십자화속 식물에 대해 삼각형의 꼭짓점끼리 교배를 통한 유전적 관계와 이를 통해 종의 정의 재구성
나는 나의 조상님인 우장춘에 대한 존경심이 깊었다. 그래서 우장춘에 대한 자료를 찾아보던 중, 우장춘 삼각형에 대한 자료를 찾아보았다. 이것은 내가 원래 알던 종의 의미와 다른 새로운 정리였다. 서로 다른 종을 교배 시켰더니 새로운 종이 만들어 지는 것은 원래의 종의 정의에서 벗어난 새로운 이론 이었다. 우리가 먹는 갓이나 유채꽃이 배추, 양배추, 겨자에서 왔다는 것이다. 이것을 통해 유채꽃의 유전자의 조상을 파악할 수 있었다. 이것에 나는 큰 충격을 받고, 나도 미래에 우리가 보편적으로 생각하던 이론들을 뒤집는 그런 새로운 이론을 발표 하고 싶다. 




질량과 무게가 다른 공의 낙하로 역학적 에너지에서 두 공의 공기 저항의 차이에 의한 오차 파악




드론이 날라갈 때 유체 역학적 원리와 기압계의 측정법
나는 저렇게 작은 물체가 날아갈 수 있다는 것이 신기했다. 새처럼 날개가 있는 것도 아니고, 오로지 프로펠러 만으로 날아가고 가만히 떠있는 것이 신기했다. 이때부터 드론에 흥미가 생겨 연구하게 되었다. 드론은 비행기와 다르게 날개로 인한 양력을 얻는 것이 아니라, 프로펠러의 추진력으로 얻는다. 나는 처음에 기압계가 없는 드론을 사용했다. 그 드론을 날릴 때 가만히 띄우는 것과 움직이는 것도 어려웠다. 그 뒤에 나는 센서가 달린 드론을 사용하니 굉장히 쉽게 나는 것이다. 이때 기압계의 중요성을 느꼈다. 이 과정을 통해 나는 겉으로만 보이는 것이 아닌, 내부에 들어있는 것의 원리를 탐구해야 겉에 있는 원리를 알 수 있다는 것을 배웠다.",,2026-07-25T12:58:06.999Z (학생-자소서),2026-08-03 19:05:09.919445+00
14c9752c-b30a-44a8-af0c-8e7bc964f9ba,PBkjEb22z9NsW98,2,"우장춘 삼각형에서 십자화속 식물에 대해 삼각형의 꼭짓점끼리 교배를 통한 유전적 관계와 이를 통해 종의 정의 재구성
나는 나의 조상님인 우장춘에 대한 존경심이 깊었다. 그래서 우장춘에 대한 자료를 찾아보던 중, 우장춘 삼각형에 대한 자료를 찾아보았다. 이것은 내가 원래 알던 종의 의미와 다른 새로운 정리였다. 서로 다른 종을 교배 시켰더니 새로운 종이 만들어 지는 것은 원래의 종의 정의에서 
질량과 무게가 다른 공의 낙하로 역학적 에너지에서 두 공의 공기 저항의 차이에 의한 오차 파악
정다각형에서 꼭짓점에서 일정 하중을 주었을 때 각 모서리에서 힘의 분산에 의한 안정성 계산",,2026-07-18T11:51:35.000Z (학생-자소서),2026-08-03 19:05:09.919445+00
ef1e633f-6bdb-4303-98dd-6d50d2c75e2e,PBkjEb22z9NsW98,2,"우장춘 삼각형에서 십자화속 식물에 대해 삼각형의 꼭짓점끼리 교배를 통한 유전적 관계와 이를 통해 종의 정의 재구성
나는 나의 조상님인 우장춘에 대한 존경심이 깊었다. 그래서 우장춘에 대한 자료를 찾아보던 중, 우장춘 삼각형에 대한 자료를 찾아보았다. 이것은 내가 원래 알던 종의 의미와 다른 새로운 정리였다. 서로 다른 종을 교배 시켰더니 새로운 종이 만들어 지는 것은 
질량과 무게가 다른 공의 낙하로 역학적 에너지에서 두 공의 공기 저항의 차이에 의한 오차 파악
정다각형에서 꼭짓점에서 일정 하중을 주었을 때 각 모서리에서 힘의 분산에 의한 안정성 계산",,2026-07-18T11:41:38.000Z (학생-자소서),2026-08-03 19:05:09.919445+00
47507ddc-d012-407f-9cb1-ccd0febf75ee,PBkjEb22z9NsW98,2,"우장춘 삼각형에서 십자화속 식물에 대해 삼각형의 꼭짓점끼리 교배를 통한 유전적 관계와 이를 통해 종의 정의 재구성
질량과 무게가 다른 공의 낙하로 역학적 에너지에서 두 공의 공기 저항의 차이에 의한 오차 파악
",,2026-07-18T11:26:04.000Z (학생-자소서),2026-08-03 19:05:09.919445+00
1926a082-9596-491e-8041-619e7dc5c5b0,PBkjEb22z9NsW98,2,"우장춘 삼각형에서 십자화속 식물에 대해 삼각형의 꼭짓점끼리 교배를 통한 유전적 관계와 이를 통해 종의 정의 재구성
나는 나의 조상님인 우장춘에 대한 존경심이 깊었다. 그래서 우장춘에 대한 자료를 찾아보던 중, 우장춘 삼각형에 대한 자료를 찾아보았다. 이것은 내가 원래 알던 종의 의미와 다른 새로운 정리였다. 서로 다른 종을 교배 시켰더니 새로운 종이 만들어 지는 것은 원래의 종의 정의에서 벗어난 새로운 이론 이었다. 우리가 먹는 갓이나 유채꽃이 배추, 양배추, 겨자에서 왔다는 것이다. 이것을 통해 유채꽃의 유전자의 조상을 파악할 수 있었다. 이것에 나는 큰 충격을 받고, 나도 미래에 우리가 보편적으로 생각하던 이론들을 뒤집는 그런 새로운 이론을 발표 하고 싶다. 




질량과 무게가 다른 공의 낙하로 역학적 에너지에서 두 공의 공기 저항의 차이에 의한 오차 파악
자유낙하에 관한 실험을 할 때, 크기와 무게가 다른 공을 가지고 낙하 시킬 때, 분명 모두 같은 조건이었는데도 불구하고 속력이 약간 차이가 발생했다. 나는 이것에 대해 궁금증을 느꼈다. 이 오차가 발생할 수 있는 이유는 공기 저항이 있다. 완벽한 진공 상태가 아니기에 면적이 더 큰 무거운 쇠공이 공기 저항을 더 크게받아 오차가 생긴 것이다. 다른 이유로는 부력이 있다. 큰 공의 부력이 더 크기 때문에 오차가 발생했다. 이 과정을 통하여 실험을 할 때 변인 통제에 대해 중요성을 느꼈다. 앞으로 실험을 할 때 오차를 줄이기 위하여 변인 통제를 제대로 하였는지 따져가며 실험할 것이다.



드론이 날라갈 때 유체 역학적 원리와 기압계의 유무에 따른 드론의 움직임 차이와 조종의 차이
나는 저렇게 작은 물체가 날아갈 수 있다는 것이 신기했다. 새처럼 날개가 있는 것도 아니고, 오로지 프로펠러 만으로 날아가고 가만히 떠있는 것이 신기했다. 이때부터 드론에 흥미가 생겨 연구하게 되었다. 드론은 비행기와 다르게 날개로 인한 양력을 얻는 것이 아니라, 프로펠러의 추진력으로 얻는다. 나는 처음에 기압계가 없는 드론을 사용했다. 그 드론을 날릴 때 가만히 띄우는 것과 움직이는 것도 어려웠다. 그 뒤에 나는 센서가 달린 드론을 사용하니 굉장히 쉽게 나는 것이다. 이때 기압계의 중요성을 느꼈다. 이 과정을 통해 나는 겉으로만 보이는 것이 아닌, 내부에 들어있는 것의 원리를 탐구해야 겉에 있는 원리를 알 수 있다는 것을 배웠다.","주제 1
1) 우장춘 삼각형에서 배운 것을 토대로 어떤 변화가 있었는지 작성이 필요함
2) 앞의 동기부분 내용은 그리 좋지는 않음

주제2 

1) 질량과 무게는 둘중 하나만 쓸 것
2) 무게는 다르고 크기는 같은 것으로 실험할 필요 있음
3) 이론적인 속력과 실험적인 속력에서 수치적 차이로 구체적 작성 필요.
4) 공기저항력을 환산한 저항력 계산 필요

주제3

1) 드론이 뜨는 원리는 설명 필요 없음
2) 기압계의 유무에 따른 결과차이에 대한 분석만 작성할 필요 있음
   기압계가 있는 드론과 없는 드론의 구체적 상황에 대한 작성 필요",최신,2026-08-03 19:05:09.919445+00
2353569d-fe8b-4c31-a874-33ab74f0659a,PBkjEb22z9NsW98,2,"우장춘 삼각형에서 십자화속 식물에 대해 삼각형의 꼭짓점끼리 교배를 통한 유전적 관계와 이를 통해 종의 정의 재구성
나는 나의 조상님인 우장춘에 대한 존경심이 깊었다. 그래서 우장춘에 대한 자료를 찾아보던 중, 우장춘 삼각형에 대한 자료를 찾아보았다. 이것은 내가 원래 알던 종의 의미와 다른 새로운 정리였다. 서로 다른 종을 교배 시켰더니 새로운 종이 만들어 지는 것은 원래의 종의 정의에서 벗어난 새로운 이론 이었다. 우리가 먹는 갓이나 유채꽃이 배추, 양배추, 겨자에서 왔다는 것이다. 이것을 통해 유채꽃의 유전자의 조상을 파악할 수 있었다. 이것에 나는 큰 충격을 받고, 나도 미래에 우리가 보편적으로 생각하던 이론들을 뒤집는 그런 새로운 이론을 발표 하고 싶다. 




질량과 무게가 다른 공의 낙하로 역학적 에너지에서 두 공의 공기 저항의 차이에 의한 오차 파악
자유낙하에 관한 실험을 할 때, 크기와 무게가 다른 공을 가지고 낙하 시킬 때, 분명 모두 같은 조건이었는데도 불구하고 속력이 약간 차이가 발생했다. 나는 이것에 대해 궁금증을 느꼈다. 이 오차가 발생할 수 있는 이유는 공기 저항이 있다. 완벽한 진공 상태가 아니기에 면적이 더 큰 무거운 쇠공이 공기 저항을 더 크게받아 오차가 생긴 것이다. 다른 이유로는 부력이 있다. 큰 공의 부력이 더 크기 때문에 오차가 발생했다. 이 과정을 통하여 실험을 할 때 변인 통제에 대해 중요성을 느꼈다. 앞으로 실험을 할 때 오차를 줄이기 위하여 변인 통제를 제대로 하였는지 따져가며 실험할 것이다.



드론이 날라갈 때 유체 역학적 원리와 기압계의 유무에 따른 드론의 움직임 차이와 조종의 차이
나는 저렇게 작은 물체가 날아갈 수 있다는 것이 신기했다. 새처럼 날개가 있는 것도 아니고, 오로지 프로펠러 만으로 날아가고 가만히 떠있는 것이 신기했다. 이때부터 드론에 흥미가 생겨 연구하게 되었다. 드론은 비행기와 다르게 날개로 인한 양력을 얻는 것이 아니라, 프로펠러의 추진력으로 얻는다. 나는 처음에 기압계가 없는 드론을 사용했다. 그 드론을 날릴 때 가만히 띄우는 것과 움직이는 것도 어려웠다. 그 뒤에 나는 센서가 달린 드론을 사용하니 굉장히 쉽게 나는 것이다. 이때 기압계의 중요성을 느꼈다. 이 과정을 통해 나는 겉으로만 보이는 것이 아닌, 내부에 들어있는 것의 원리를 탐구해야 겉에 있는 원리를 알 수 있다는 것을 배웠다.",,2026-07-27T15:21:42.999Z (학생-자소서),2026-08-03 19:05:09.919445+00
feeabc52-48bf-48e0-96e2-aec3cc311964,PBkjEb22z9NsW98,2,"우장춘 삼각형에서 십자화속 식물에 대해 삼각형의 꼭짓점끼리 교배를 통한 유전적 관계와 이를 통해 종의 정의 재구성
나는 나의 조상님인 우장춘에 대한 존경심이 깊었다. 그래서 우장춘에 대한 자료를 찾아보던 중, 우장춘 삼각형에 대한 자료를 찾아보았다. 이것은 내가 원래 알던 종의 의미와 다른 새로운 정리였다. 서로 다른 종을 교배 시켰더니 새로운 종이 만들어 지는 것은 원래의 종의 정의에서 벗어난 새로운 이론 이었다. 우리가 먹는 갓이나 유채꽃이 배추, 양배추, 겨자에서 왔다는 것이다. 이것을 통해 유채꽃의 유전자의 조상을 파악할 수 있었다. 이것에 나는 큰 충격을 받고, 나도 미래에 우리가 보편적으로 생각하던 이론들을 뒤집는 그런 새로운 이론을 발표 하고 싶다. 
질량과 무게가 다른 공의 낙하로 역학적 에너지에서 두 공의 공기 저항의 차이에 의한 오차 파악
정다각형에서 꼭짓점에서 일정 하중을 주었을 때 각 모서리에서 힘의 분산에 의한 안정성 파악",,2026-07-23T14:38:54.999Z (학생-자소서),2026-08-03 19:05:09.919445+00
c1afec68-f4a6-4832-a54e-6f514dbc929a,PBkjEb22z9NsW98,2,"우장춘 삼각형에서 십자화속 식물에 대해 삼각형의 꼭짓점끼리 교배를 통한 유전적 관계와 이를 통해 종의 정의 재구성
나는 나의 조상님인 우장춘에 대한 존경심이 깊었다. 그래서 우장춘에 대한 자료를 찾아보던 중, 우장춘 삼각형에 대한 자료를 찾아보았다. 이것은 내가 원래 알던 종의 의미와 다른 새로운 정리였다. 서로 다른 종을 교배 시켰더니 새로운 종이 만들어 지는 것은 원래의 종의 정의에서 벗어난 새로운 이론 이었다. 우리가 먹는 갓이나 유채꽃이 배추, 양배추, 겨자에서 왔다는 것이다. 이것을 통해 유채꽃의 유전자의 조상을 파악할 수 있었다. 이것에 나는 큰 충격을 받고, 나도 미래에 우리가 보편적으로 생각하던 이론들을 뒤집는 그런 새로운 이론을 발표 하고 싶다. 
질량과 무게가 다른 공의 낙하로 역학적 에너지에서 두 공의 공기 저항의 차이에 의한 오차 파악
정다각형에서 꼭짓점에서 일정 하중을 주었을 때 각 모서리에서 힘의 분산에 의한 안정성 파악",,2026-07-22T15:59:04.000Z (학생-자소서),2026-08-03 19:05:09.919445+00
36b289aa-038b-465c-a7d2-f4391b0b3047,PBkjEb22z9NsW98,2,"우장춘 삼각형에서 십자화속 식물에 대해 삼각형의 꼭짓점끼리 교배를 통한 유전적 관계와 이를 통해 종의 정의 재구성
나는 나의 조상님인 우장춘에 대한 존경심이 깊었다. 그래서 우장춘에 대한 자료를 찾아보던 중, 우장춘 삼각형에 대한 자료를 찾아보았다. 이것은 내가 원래 알던 종의 의미와 다른 새로운 정리였다. 서로 다른 종을 교배 시켰더니 새로운 종이 만들어 지는 것은 원래의 종의 정의에서 벗어난 새로운 이론 이었다. 우리가 먹는 갓이나 유채꽃이 배추, 양배추, 겨자에서 왔다는 것이다. 이것을 통해 유채꽃의 유전자의 조상을 파악할 수 있었다. 이것에 나는 큰 충격을 받고, 나도 미래에 우리가 보편적으로 생각하던 이론들을 뒤집는 그런 새로운 이론을 발표 하고 싶다. 




질량과 무게가 다른 공의 낙하로 역학적 에너지에서 두 공의 공기 저항의 차이에 의한 오차 파악
자유낙하에 관한 실험을 할 때, 크기와 무게가 다른 공을 가지고 낙하 시킬 때, 분명 모두 같은 조건이었는데도 불구하고 속력이 약간 차이가 발생했다. 나는 이것에 대해 궁금증을 느꼈다. 이 오차가 발생할 수 있는 이유는 공기 저항이 있다. 완벽한 진공 상태가 아니기에 면적이 더 큰 무거운 쇠공이 공기 저항을 더 크게받아 오차가 생긴 것이다. 다른 이유로는 부력이 있다. 큰 공의 부력이 더 크기 때문에 오차가 발생했다. 이 과정을 통하여 실험을 할 때 변인 통제에 대해 중요성을 느꼈다. 앞으로 실험을 할 때 오차를 줄이기 위하여 변인 통제를 제대로 하였는지 따져가며 실험할 것이다.



드론이 날라갈 때 유체 역학적 원리와 기압계의 측정법
나는 저렇게 작은 물체가 날아갈 수 있다는 것이 신기했다. 새처럼 날개가 있는 것도 아니고, 오로지 프로펠러 만으로 날아가고 가만히 떠있는 것이 신기했다. 이때부터 드론에 흥미가 생겨 연구하게 되었다. 드론은 비행기와 다르게 날개로 인한 양력을 얻는 것이 아니라, 프로펠러의 추진력으로 얻는다. 나는 처음에 기압계가 없는 드론을 사용했다. 그 드론을 날릴 때 가만히 띄우는 것과 움직이는 것도 어려웠다. 그 뒤에 나는 센서가 달린 드론을 사용하니 굉장히 쉽게 나는 것이다. 이때 기압계의 중요성을 느꼈다. 이 과정을 통해 나는 겉으로만 보이는 것이 아닌, 내부에 들어있는 것의 원리를 탐구해야 겉에 있는 원리를 알 수 있다는 것을 배웠다.",,2026-07-25T13:53:24.000Z (학생-자소서),2026-08-03 19:05:09.919445+00
13de6bff-5a2c-401b-a13c-7da67c3421e3,PBkjEb22z9NsW98,2,"우장춘 삼각형에서 십자화속 식물에 대해 삼각형의 꼭짓점끼리 교배를 통한 유전적 관계와 이를 통해 종의 정의 재구성
나는 나의 조상님인 우장춘에 대한 존경심이 깊었다. 그래서 우장춘에 대한 자료를 찾아보던 중, 우장춘 삼각형에 대한 자료를 찾아보았다. 이것은 내가 원래 알던 종의 의미와 다른 새로운 정리였다. 서로 다른 종을 교배 시켰더니 새로운 종이 만들어 지는 것은 원래의 종의 정의에서 벗어난 새로운 이론 이었다. 우리가 먹는 갓이나 유채꽃이 배추, 양배추, 겨자에서 왔다는 것이다. 이것을 통해 유채꽃의 유전자의 조상을 파악할 수 있었다. 이것에 나는 큰 충격을 받고, 나도 미래에 우리가 보편적으로 생각하던 이론들을 뒤집는 그런 새로운 이론을 발표 하고 싶다. 




질량과 무게가 다른 공의 낙하로 역학적 에너지에서 두 공의 공기 저항의 차이에 의한 오차 파악




드론이 날라갈 때 유체 역학적 원리와 기압계의 측정법
나는 저렇게 작은 물체가 날아갈 수 있다는 것이 신기했다. 새처럼 날개가 있는 것도 아니고, 오로지 프로펠러 만으로 날아가고 가만히 떠있는 것이 신기했다. 이때부터 드론에 흥미가 생겨 연구하게 되었다. 드론은 비행기와 다르게 날개로 인한 양력을 얻는 것이 아니라, 프로펠러의 추진력으로 얻는다. 나는 처음에 기압계가 없는 드론을 사용했다. 그 드론을 날릴 때 가만히 띄우는 것과 움직이는 것도 어려웠다. 그 뒤에 나는 센서가 달린 드론을 사용하니 굉장히 쉽게 나는 것이다. 이때 기압계의 중요성을 느꼈다. 이 과정을 통해 나는 겉으로만 보이는 것이 아닌, 내부에 들어있는 것의 원리를 탐구해야 겉에 있는 원리를 알 수 있다는 것을 배웠다.",,2026-07-25T12:42:25.000Z (학생-자소서),2026-08-03 19:05:09.919445+00
fcd02dd1-31a5-4172-9fcb-dd861d597da1,PBkjEb22z9NsW98,2,"우장춘 삼각형에서 십자화속 식물에 대해 삼각형의 꼭짓점끼리 교배를 통한 유전적 관계와 이를 통해 종의 정의 재구성
나는 나의 조상님인 우장춘에 대한 존경심이 깊었다. 그래서 우장춘에 대한 자료를 찾아보던 중, 우장춘 삼각형에 대한 자료를 찾아보았다. 이것은 내가 원래 알던 종의 의미와 다른 새로운 정리였다. 서로 다른 종을 교배 시켰더니 새로운 종이 만들어 지는 것은 원래의 종의 정의에서 벗어난 새로운 이론 이었다. 우리가 먹는 갓이나 유채꽃이 배추, 양배추, 겨자에서 왔다는 것이다. 이것을 통해 유채꽃의 유전자의 조상을 파악할 수 있었다. 이것에 나는 큰 충격을 받고, 나도 미래에 우리가 보편적으로 생각하던 이론들을 뒤집는 그런 새로운 이론을 발표 하고 싶다. 




질량과 무게가 다른 공의 낙하로 역학적 에너지에서 두 공의 공기 저항의 차이에 의한 오차 파악




드론이 날라갈 때 유체 역학적 원리와 기압계의 측정법
나는 저렇게 작은 물체가 날아갈 수 있다는 것이 신기했다. 새처럼 날개가 있는 것도 아니고, 오로지 프로펠러 만으로 날아가고 가만히 떠있는 것이 신기했다. 이때부터 드론에 흥미가 생겨 연구하게 되었다. 드론은 비행기와 다르게 날개로 인한 양력을 얻는 것이 아니라, 프로펠러의 추진력으로 얻는다. 나는 처음에 기압계가 없는 드론을 사용했다. 그 드론을 날릴 때 가만히 띄우는 것과 움직이는 것도 어려웠다. 그 뒤에 나는 센서가 달린 드론을 사용하니 굉장히 쉽게 나는 것이다. 이 과정을 통해 나는 겉으로만 보이는 것이 아닌, 내부에 들어있는 것의 원리를 탐구해야 겉에 있는 원리를 알 수 있다는 것을 배웠다.",,2026-07-25T12:15:34.999Z (학생-자소서),2026-08-03 19:05:09.919445+00
ff0e729c-3b58-4ad0-8ab5-8fb9d408729d,PBkjEb22z9NsW98,2,"우장춘 삼각형에서 십자화속 식물에 대해 삼각형의 꼭짓점끼리 교배를 통한 유전적 관계와 이를 통해 종의 정의 재구성
나는 나의 조상님인 우장춘에 대한 존경심이 깊었다. 그래서 우장춘에 대한 자료를 찾아보던 중, 우장춘 삼각형에 대한 자료를 찾아보았다. 이것은 내가 원래 알던 종의 의미와 다른 새로운 정리였다. 서로 다른 종을 교배 시켰더니 새로운 종이 만들어 지는 것은 원래의 종의 정의에서 벗어난 새로운 이론 이었다. 우리가 먹는 갓이나 유채꽃이 배추, 양배추, 겨자에서 왔다는 것이다. 이것을 통해 유채꽃의 유전자의 조상을 파악할 수 있었다. 이것에 나는 큰 충격을 받고, 나도 미래에 우리가 보편적으로 생각하던 이론들을 뒤집는 그런 새로운 이론을 발표 하고 싶다. 
질량과 무게가 다른 공의 낙하로 역학적 에너지에서 두 공의 공기 저항의 차이에 의한 오차 파악
드론이 날라갈 때 유체 역학적 원리와 기압계의 측정법으로 호버링과 벌새와의 구조적 연관성에 관한 탐구",,2026-07-25T11:03:08.000Z (학생-자소서),2026-08-03 19:05:09.919445+00
8e16eabb-e388-4681-a06f-928431ce6fb3,PBkjEb22z9NsW98,2,"우장춘 삼각형에서 십자화속 식물에 대해 삼각형의 꼭짓점끼리 교배를 통한 유전적 관계와 이를 통해 종의 정의 재구성
나는 나의 조상님인 우장춘에 대한 존경심이 깊었다. 그래서 우장춘에 대한 자료를 찾아보던 중, 우장춘 삼각형에 대한 자료를 찾아보았다. 이것은 내가 원래 알던 종의 의미와 다른 새로운 정리였다. 서로 다른 종을 교배 시켰더니 새로운 종이 만들어 지는 것은 원래의 종의 정의에서 벗어난 새로운 이론 이었다. 우리가 먹는 갓이나 유채꽃이 배추, 양배추, 겨자에서 왔다는 것이다. 이것을 통해 유채꽃의 유전자의 조상을 파악할 수 있었다. 이것에 나는 큰 충격을 받고, 나도 미래에 우리가 보편적으로 생각하던 이론들을 뒤집는 그런 새로운 이론을 발표 하고 싶다. 




질량과 무게가 다른 공의 낙하로 역학적 에너지에서 두 공의 공기 저항의 차이에 의한 오차 파악
자유낙하에 관한 실험을 할 때, 크기와 무게가 다른 공을 가지고 낙하 시킬 때, 분명 모두 같은 조건이었는데도 불구하고 속력이 약간 차이가 발생했다. 나는 이것에 대해 궁금증을 느꼈다. 이 오차가 발생할 수 있는 이유는 공기 저항이 있다. 완벽한 진공 상태가 아니기에 면적이 더 큰 무거운 쇠공이 공기 저항을 더 크게받아 오차가 생긴 것이다. 다른 이유로는 부력이 있다. 큰 공의 부력이 더 크기 때문에 오차가 발생했다. 이 과정을 통하여 실험을 할 때 변인 통제에 대해 중요성을 느꼈다. 앞으로 실험을 할 때 오차를 줄이기 위하여 변인 통제를 제대로 하였는지 따져가며 실험할 것이다.



드론이 날라갈 때 유체 역학적 원리와 기압계의 측정법
나는 저렇게 작은 물체가 날아갈 수 있다는 것이 신기했다. 새처럼 날개가 있는 것도 아니고, 오로지 프로펠러 만으로 날아가고 가만히 떠있는 것이 신기했다. 이때부터 드론에 흥미가 생겨 연구하게 되었다. 드론은 비행기와 다르게 날개로 인한 양력을 얻는 것이 아니라, 프로펠러의 추진력으로 얻는다. 나는 처음에 기압계가 없는 드론을 사용했다. 그 드론을 날릴 때 가만히 띄우는 것과 움직이는 것도 어려웠다. 그 뒤에 나는 센서가 달린 드론을 사용하니 굉장히 쉽게 나는 것이다. 이때 기압계의 중요성을 느꼈다. 이 과정을 통해 나는 겉으로만 보이는 것이 아닌, 내부에 들어있는 것의 원리를 탐구해야 겉에 있는 원리를 알 수 있다는 것을 배웠다.",,2026-07-25T13:18:21.000Z (학생-자소서),2026-08-03 19:05:09.919445+00
09aee7a5-0efe-4d77-b287-80ea91f87845,PBkjEb22z9NsW98,2,"우장춘 삼각형에서 십자화속 식물에 대해 삼각형의 꼭짓점끼리 교배를 통한 유전적 관계와 이를 통해 종의 정의 재구성
나는 나의 조상님인 우장춘에 대한 존경심이 깊었다. 그래서 우장춘에 대한 자료를 찾아보던 중, 우장춘 삼각형에 대한 자료를 찾아보았다. 이것은 내가 원래 알던 종의 의미와 다른 새로운 정리였다. 서로 다른 종을 교배 시켰더니 새로운 종이 만들어 지는 것은 원래의 종의 정의에서 벗어난 새로운 이론 이었다. 우리가 먹는 갓이나 유채꽃이 배추, 양배추, 겨자에서 왔다는 것이다. 이것을 통해 유채꽃의 유전자의 조상을 파악할 수 있었다. 이것에 나는 큰 충격을 받고, 나도 미래에 우리가 보편적으로 생각하던 이론들을 뒤집는 그런 새로운 이론을 발표 하고 싶다. 
질량과 무게가 다른 공의 낙하로 역학적 에너지에서 두 공의 공기 저항의 차이에 의한 오차 파악
정다각형에서 꼭짓점에서 일정 하중을 주었을 때 각 모서리에서 힘의 분산에 의한 안정성 파악",,2026-07-23T14:48:05.000Z (학생-자소서),2026-08-03 19:05:09.919445+00
a6866d31-3414-4ead-b13d-e5d789d83874,V0xhoiHLP133A,2,"샤프심 슬릿을 이용한 레이저 포인터 파장 측정
샤프심을 슬릿으로 이용하고, 레이저 포인터를 통과시켜 형성된 무늬를 측정해 레이저의 파장을 계산하였다. 실험 결과는 약 500 nm로 계산되어 실제 빨간색 레이저 포인터의 파장보다 작게 나타났다. 결과를 분석하는 과정에서 단순한 측정 실수뿐 아니라 샤프심과 레이저 포인터의 간격을 정확하게 측정하기 어려웠던 점, 만들어진 무늬의 길이를 정확히 측정하기 어려웠던 점, 레이저가 슬릿에 완전히 수직으로 입사하지 않았을 가능성, 스크린과의 정렬 상태 등이 오차에 영향을 줄 수 있음을 확인하였다. 이번 활동을 통해 빛의 간섭과 회절 원리를 실제 실험으로 확인할 수 있었으며, 정확한 측정과 실험 장치의 정밀도가 결과의 신뢰성을 높이는 핵심 요소라는 사실을 이해하였다. 앞으로는 오차의 원인을 체계적으로 분석하고 개선하는 탐구 과정을 더욱 중요하게 생각해야겠다고 느꼈다.

같은 몰농도의 탄산수소나트륨과 구연산 수용액 제조와 반응비 측정 및 정량적 화학량론 분석
탄산수소 나트륨 0.1몰 수용액과 구연산 1몰 수용액을 제조한 뒤, 두 용액의 양을 달리하여 반응시키고 발생한 이산화탄소의 양을 풍선의 크기로 비교하여 가장 효율적인 반응 비율을 탐구하였다. 실험 결과, 두 물질은 일정한 몰수 비율에서 가장 많은 이산화탄소를 생성하였으며, 이를 통해 화학 반응에서는 반응물의 양보다 화학량론적 비율이 중요함을 이해하였다. 또한 풍선의 둘레를 측정하여 그래프로 분석하고, 이론과 달리 반응물의 양과 용액의 농도를 정확히 맞추기 어려웠던 점, 풍선의 탄성, 기체 누출, 혼합 시간 등의 요인이 오차를 발생시켰음을 분석하였다. 이번 활동을 통해 정확한 측정과 변수 통제가 실험의 신뢰성을 높인다는 점을 배웠으며, 이러한 원리가 베이킹이나 탄산 입욕제 제작처럼 재료를 적절한 비율로 혼합해야 하는 실생활에도 적용됨을 이해하였다.

포물선 운동과 힘의 분리를 활용한 야구공의 운동 분석
평소 야구를 좋아하며 투수의 투구와 외야수의 송구, 홈런 타구의 궤적이 어떤 원리로 결정되는지 궁금해하였다. 이러한 관심을 바탕으로 포물선 운동을 탐구하며 물체의 이동 거리가 발사각과 힘의 분리에 의해 결정된다는 사실을 이해하였다. 이론적으로는 발사각이 45도일 때 가장 멀리 이동하지만, 실제 실험에서는 공기 저항, 발사 장치의 오차, 측정 오차 등의 영향으로 결과에 차이가 발생함을 확인하였다. 이를 통해 과학에서는 이론뿐 아니라 실제 환경의 다양한 변수를 함께 고려해야 함을 배웠으며, 야구에서도 선수들이 단순히 힘만 사용하는 것이 아니라 발사각과 공의 회전 등을 고려하여 더 멀리 타구를 보내거나 정확한 송구를 한다는 점을 이해하게 되었다. 이러한 탐구를 통해 일상에서 즐기는 스포츠를 과학적으로 분석하는 능력을 기를 수 있었다.

",,2026-08-03T23:48:03.999Z (학생-자소서),2026-08-03 19:05:09.919445+00
e8643a4e-753c-4644-ba4b-261e568233b8,V0xhoiHLP133A,2,"샤프심 슬릿을 이용한 레이저 포인터 파장 측정
(모둠)샤프심을 슬릿으로 이용하고, 레이저 포인터를 통과시켜 형성된 무늬를 측정해 레이저의 파장을 계산하였다. 실험 결과는 약 500 nm로 계산되어 실제 빨간색 레이저 포인터의 파장보다 작게 나타났다. 결과를 분석하는 과정에서 단순한 측정 실수뿐 아니라 샤프심과 레이저 포인터의 간격을 정확하게 측정하기 어려웠던 점, 만들어진 무늬의 길이를 정확히 측정하기 어려웠던 점, 레이저가 슬릿에 완전히 수직으로 입사하지 않았을 가능성, 스크린과의 정렬 상태 등이 오차에 영향을 줄 수 있음을 확인하였다. 이번 활동을 통해 빛의 간섭과 회절 원리를 실제 실험으로 확인할 수 있었으며, 정확한 측정과 실험 장치의 정밀도가 결과의 신뢰성을 높이는 핵심 요소라는 사실을 이해하였다. 앞으로는 오차의 원인을 체계적으로 분석하고 개선하는 탐구 과정을 더욱 중요하게 생각해야겠다고 느꼈다.

같은 몰농도의 탄산수소나트륨과 구연산 수용액 제조와 반응비 측정 및 정량적 화학량론 분석
(모둠)탄산수소 나트륨 0.1몰 수용액과 구연산 1몰 수용액을 제조한 뒤, 두 용액의 양을 달리하여 반응시키고 발생한 이산화탄소의 양을 풍선의 크기로 비교하여 가장 효율적인 반응 비율을 탐구하였다. 실험 결과, 두 물질은 일정한 몰수 비율에서 가장 많은 이산화탄소를 생성하였으며, 이를 통해 화학 반응에서는 반응물의 양보다 화학량론적 비율이 중요함을 이해하였다. 또한 풍선의 둘레를 측정하여 그래프로 분석하고, 이론과 달리 반응물의 양과 용액의 농도를 정확히 맞추기 어려웠던 점, 풍선의 탄성, 기체 누출, 혼합 시간 등의 요인이 오차를 발생시켰음을 분석하였다. 이번 활동을 통해 정확한 측정과 변수 통제가 실험의 신뢰성을 높인다는 점을 배웠으며, 이러한 원리가 베이킹이나 탄산 입욕제 제작처럼 재료를 적절한 비율로 혼합해야 하는 실생활에도 적용됨을 이해하였다.

포물선 운동과 힘의 분리를 활용한 야구공의 운동 분석
(개인)평소 야구를 좋아하며 투수의 투구와 외야수의 송구, 홈런 타구의 궤적이 어떤 원리로 결정되는지 궁금해하였다. 이러한 관심을 바탕으로 포물선 운동을 탐구하며 물체의 이동 거리가 발사각과 힘의 분리에 의해 결정된다는 사실을 이해하였다. 이론적으로는 발사각이 45도일 때 가장 멀리 이동하지만, 실제 실험에서는 공기 저항, 발사 장치의 오차, 측정 오차 등의 영향으로 결과에 차이가 발생함을 확인하였다. 이를 통해 과학에서는 이론뿐 아니라 실제 환경의 다양한 변수를 함께 고려해야 함을 배웠으며, 야구에서도 선수들이 단순히 힘만 사용하는 것이 아니라 발사각과 공의 회전 등을 고려하여 더 멀리 타구를 보내거나 정확한 송구를 한다는 점을 이해하게 되었다. 이러한 탐구를 통해 일상에서 즐기는 스포츠를 과학적으로 분석하는 능력을 기를 수 있었다.",,2026-08-03T23:56:03.000Z (학생-자소서),2026-08-03 19:05:09.919445+00
6dc904c5-c118-4596-8e33-bf632352f939,AvECxiSriksN8Ie,3,,,최신,2026-08-03 19:05:09.919445+00
a699b1cf-911b-4feb-8c1d-f1c411c356dc,PBkjEb22z9NsW98,3,,,최신,2026-08-03 19:05:09.919445+00
a3a26230-af11-4e37-aecc-c452db8bb50b,V0xhoiHLP133A,3,"수학+정보
수열은 규칙을 통해 수의 변화를 표현하는 수학적 도구라고 생각하여 흥미를 느껴 꾸준히 탐구해 왔다. 특히 Python을 활용하여 피보나치 수열을 생성하고 연속한 두 항의 비가 황금비에 수렴하는 과정을 직접 계산하고 시각화하며, 수학적 성질을 스스로 확인하는 탐구를 진행하였다. 이후 점화식의 계수를 변화시키며 수열의 성장 속도와 수렴 양상을 비교·분석하는 과정에서 하나의 점화식도 조건에 따라 전혀 다른 특성을 나타낼 수 있다는 점에 흥미를 느꼈고, 이를 통해 하나의 질문이 또 다른 탐구 주제로 이어지는 연구의 즐거움을 경험하였다. 이러한 탐구를 귀교에서 더욱 심화하고 싶다. 피보나치 수열뿐만 아니라 루카스 수열과 일반화된 점화식을 함께 비교하여 초기값과 점화식의 구조가 수렴 특성에 어떤 영향을 미치는지 탐구하고, Python을 활용해 다양한 조건에서 수열을 모델링하며 공통적인 규칙을 찾아보고자 한다. 더 나아가 이러한 탐구를 정수론과 다양한 수학 분야로 확장하여 스스로 질문을 만들고 해결하는 연구 역량을 키우고, 새로운 수학적 구조와 원리를 탐구하는 수학자로 성장하고 싶다


수학(대수, 정수)
수열의 규칙을 통해 수의 변화를 표현하는 구조(기능)적 특징에 흥미를 느껴 꾸준히 탐구해 왔다. 특히 피보나치 수열을 학습하면서 연속한 두 항의 비가 황금비에 수렴하는 현상에 흥미를 느꼈고, 이러한 현상이 나타나는 이유와 점화식의 구조에 따라 수열의 성질이 어떻게 달라지는지를 탐구하였다. 또한 점화식의 계수를 변화시키며 수열의 성장 특성과 수렴 양상을 비교하는 과정에서 작은 조건의 변화가 수열 전체의 성질에 큰 영향을 미친다는 점을 알게 되었고, 이를 통해 하나의 수열에서도 다양한 연구 주제가 파생(확장)될 수 있음을 깨달았다. 이러한 탐구를 바탕으로 귀교에서는 피보나치 수열을 루카스 수열과 비교하여 서로 다른 초기값을 가지면서도 같은 수렴 특성을 보이는 이유를 탐구하고, 더 나아가 일반화된 점화식에서 나타나는 다양한 수열의 성질과 규칙을 연구해 보고 싶다. 또한 여러 수열 사이의 공통점과 차이점을 분석하며 대수학적, 정수학적 관점에서 수열의 구조를 이해하고, 새로운 규칙을 발견하는 탐구를 이어가고자 한다. 앞으로 이러한 연구를 바탕으로 수열과 점화식을 중심으로 연구하는 대수학자가 되어 수학의 새로운 성질을 밝혀내는 연구를 할 것이다.",,2026-08-03T23:56:03.000Z (학생-자소서),2026-08-03 19:05:09.919445+00
4894568d-490c-43a1-9ea3-3c64dd559132,V0xhoiHLP133A,3,"수학+정보
수열은 규칙을 통해 수의 변화를 표현하는 수학적 도구라고 생각하여 흥미를 느껴 꾸준히 탐구해 왔다. 특히 Python을 활용하여 피보나치 수열을 생성하고 연속한 두 항의 비가 황금비에 수렴하는 과정을 직접 계산하고 시각화하며, 수학적 성질을 스스로 확인하는 탐구를 진행하였다. 이후 점화식의 계수를 변화시키며 수열의 성장 속도와 수렴 양상을 비교·분석하는 과정에서 하나의 점화식도 조건에 따라 전혀 다른 특성을 나타낼 수 있다는 점에 흥미를 느꼈고, 이를 통해 하나의 질문이 또 다른 탐구 주제로 이어지는 연구의 즐거움을 경험하였다. 이러한 탐구를 귀교에서 더욱 심화하고 싶다. 피보나치 수열뿐만 아니라 루카스 수열과 일반화된 점화식을 함께 비교하여 초기값과 점화식의 구조가 수렴 특성에 어떤 영향을 미치는지 탐구하고, Python을 활용해 다양한 조건에서 수열을 모델링하며 공통적인 규칙을 찾아보고자 한다. 더 나아가 이러한 탐구를 정수론과 다양한 수학 분야로 확장하여 스스로 질문을 만들고 해결하는 연구 역량을 키우고, 새로운 수학적 구조와 원리를 탐구하는 수학자로 성장하고 싶다

수학(대수, 정수)
수열의 규칙을 통해 수의 변화를 표현하는 구조(기능)적 특징에 흥미를 느껴 꾸준히 탐구해 왔다. 특히 피보나치 수열을 학습하면서 연속한 두 항의 비가 황금비에 수렴하는 현상에 흥미를 느꼈고, 이러한 현상이 나타나는 이유와 점화식의 구조에 따라 수열의 성질이 어떻게 달라지는지를 탐구하였다. 또한 점화식의 계수를 변화시키며 수열의 성장 특성과 수렴 양상을 비교하는 과정에서 작은 조건의 변화가 수열 전체의 성질에 큰 영향을 미친다는 점을 알게 되었고, 이를 통해 하나의 수열에서도 다양한 연구 주제가 파생(확장)될 수 있음을 깨달았다. 이러한 탐구를 바탕으로 귀교에서는 피보나치 수열을 루카스 수열과 비교하여 서로 다른 초기값을 가지면서도 같은 수렴 특성을 보이는 이유를 탐구하고, 더 나아가 일반화된 점화식에서 나타나는 다양한 수열의 성질과 규칙을 연구해 보고 싶다. 또한 여러 수열 사이의 공통점과 차이점을 분석하며 대수학적, 정수학적 관점에서 수열의 구조를 이해하고, 새로운 규칙을 발견하는 탐구를 이어가고자 한다. 앞으로 이러한 연구를 바탕으로 수열과 점화식을 중심으로 연구하는 대수학자가 되어 수학의 새로운 성질을 밝혀내는 연구를 할 것이다.

",,2026-08-03T23:48:03.999Z (학생-자소서),2026-08-03 19:05:09.919445+00
7244df84-bad5-49cb-a998-48b7206fc015,AvECxiSriksN8Ie,4,,,최신,2026-08-03 19:05:09.919445+00
8713aec0-485d-4c33-a153-98307ff6eb2b,PBkjEb22z9NsW98,4,"나는 중학교에서 또래 학습 멘토링 활동을 하였다. 친구의 부족한 점을 알려주고, 보완하며, 친구의 사고력, 풀이 능력을 끌어올리면서, 나도 어떻게 가르칠지에 대해 깊이 생각해 보았다. 이러한 과정을 통해, 나는 말의 구성 방법에 대해 깊이 생각할 계기가 되었고, 어려운 말이어도 비유와 간단한 실험을 통해 쉽게 바꾸어서 설명하는 방법을 알았다. 예를 들어, 빛의 직진과 굴절에 관해 설명할 때, 썰매의 한쪽이 진흙에 먼저 닿으면 양쪽 속도가 달라져 방향이 휘는 상황에 비유했다. 또, 눈에서 빛이 굴절되어 상이 맺히는 과정과 원시와 근시의 차이도 레이저와 볼록 거울을 통해 설명했다. 이런 경험들을 통해 친구를 도울 때는 제가 아는 내용을 그대로 말하는 것이 아닌, 상대를 배려하여 친구 입장에서 이해할 수 있도록 전달하는 방법을 배웠다. 멘토링 준비 과정을 통해 스스로도 개념을 다시 정리할 수 있었고, 상대를 배려하는 것이 나 또한 발전시킬 수 있음을 깨달았다.",,최신,2026-08-03 19:05:09.919445+00
1a8ab471-4d63-4277-b918-b3edad76c81d,V0xhoiHLP133A,4,"1학년부터 같은 학년과 다른 학년 학생들을 대상으로 수학 멘토링을 꾸준히 진행하며 제가 알고 있는 지식을 나누고 함께 성장하기 위해 노력했습니다. 멘티마다 이해하는 속도와 문제 푸는 데 걸리 시간이 다르다는 점을 존중하며, 눈높이에 맞춰 여러 방법으로 설명하고 스스로 이해할 때까지 함께 고민했습니다. 예를 들어, 피타고라스 정리의 교과서 내 넓이를 이용한 증명이 어렵다는 멘티에게 넓이를 이용한 증명 대신 삼각형의 닮음을 활용한 다른 증명 방법을 설명하여 이해를 도왔습니다. 이 경험을 통해 상대방을 배려하는 마음은 자신의 기준이 아닌 상대의 입장에서 생각하는 것에서 시작된다는 것을 배웠으며, 지식을 나누고 함께 문제를 해결하는 과정에서 협력의 가치와 서로 존중하며 함께 성장하는 기쁨을 느낄 수 있었습니다.

",,2026-08-03T23:56:03.000Z (학생-자소서),2026-08-03 19:05:09.919445+00
4ccaea54-1047-4c58-9939-9b263bf127e0,V0xhoiHLP133A,4,"1학년부터 같은 학년과 다른 학년 학생들을 대상으로 수학 멘토링을 꾸준히 진행하며 제가 알고 있는 지식을 나누고 함께 성장하기 위해 노력했습니다. 멘티마다 이해하는 속도와 문제 푸는 데 걸리 시간이 다르다는 점을 존중하며, 눈높이에 맞춰 여러 방법으로 설명하고 스스로 이해할 때까지 함께 고민했습니다. 예를 들어, 피타고라스 정리의 교과서 내 넓이를 이용한 증명이 어렵다는 멘티에게 넓이를 이용한 증명 대신 삼각형의 닮음을 활용한 다른 증명 방법을 설명하여 이해를 도왔습니다. 이 경험을 통해 상대방을 배려하는 마음은 자신의 기준이 아닌 상대의 입장에서 생각하는 것에서 시작된다는 것을 배웠으며, 지식을 나누고 함께 문제를 해결하는 과정에서 협력의 가치와 서로 존중하며 함께 성장하는 기쁨을 느낄 수 있었습니다.

",,2026-08-03T23:48:03.999Z (학생-자소서),2026-08-03 19:05:09.919445+00
d9086f23-4e7a-426a-86cc-b6f4fbf0e39a,2g6pgsJlna5wAK,1,"1,2차방정식은 근의 공식이 있어서 쉽게 풀수있다. 하지만 3차이상의 방정식은 실수범위에서 인수분해가 불가능할때 어떻게 해결할지 궁금해서 고차방정식의 해법에 대해 탐구했다. 3차방정식의 해법은 카르다노의 해법이 있다. 이 해법은 3차방정식을 2차항이 없는 3차방정식을 만든 후 미지수를 서로다른 두개의 미지수 합으로 나타내고 2개의 미지수로 연립방정식을 세워서 해결하는 방법이다. 카르다노의 해법의 원리를 이해하고 직접 유도하면서 매개변수 치환법을 알게되었다. 4차방정식의 해법은 페라리, 오일러, 데카르트의 해법이 있다. 이중 가장 인상깊었던 해법은 오일러의 해법이다. 오일러의 해법은 페라리,데카르트의 해법과 달리 카르다노의 해법을 사용하지 않고 미정계수법을 사용한 풀이다. 오일러의 해법을 탐구하면서 미정계수법을 알게되었다. 5차이상의 방정식은 일반해가 없다는것을 알게되었다. 이것의 증명과정은 내가 잏하기에 어려워서 고등학생때 다시 도전해서 증명할것이다. 3,4차 방정식의 근의공식을 유도해보면서 근이 계수들로 나타내어지는 일반해가 존재한다는것이 직관적으로 이해되지는 않아서 직접 증명과정이 놀라웠다. 이 일을 계기로 배운것을 확장해서 일반해를 유도해보는 태도가 중요하다는것을 느꼈서 나의 태도도 변하게 됬다. 



눈금없는자와 컴퍼스만을 사용해서 도형을 작도하는것이 기하학적인 원리를 완벽히 이해하고있어야만 할 수 있다는 점에서 작도에 관심을 가지게 되었고 여러가지 문제를 풀어보았습니다. 그중 가장 기억에 남는 문제가 있습니다. 문제는 주어진 예각삼각형ABC에서 선분BP=PQ=QC인 AB위의 점P, AC위의 점Q를 작도하는 문제입니다. 저는 이와 비슷한 문제를 회전변환으로 원주각의 크기가 같도록하여 내접사각형을 만들어 작도한 경험이 있어서 비슷한 방법으로 접근했습니다. 삼각형BPQ, CPQ를 각각 선분CQ, BP에 붙여서 P,Q를 두개의 외심으로 만들고 사각형BPQC와 합동인 사각형을 만들어서 풀어보려했지만 실패했습니다. 다른 방법으로는 사각형BPQC를 선분BC의 중점을 중심으로 180도 회전시켜 합동인 사각형BQ'P'C를 만들고 합동인 이등변 삼각형BPQ', 삼각형CQP'과 평행사변형PQP'Q'을 이용해서 작도하려했으나 실패했습니다. 이때 새로운 방법으로 도전해야겠다는 생각이 들었습니다. 먼저 일반성을 잃지않고 선분AB<선분AC라 하고 선분AB=AD인 선분AC위의 점D를 잡았습니다. 왜냐하면 마름모PQCR을 작도하면 점R이 BD위의 점이기 때문입니다. 이후 선분BD위의 임의의 점R'을 잡고 AB, BC와 만나는 원을 그린 다음 닮음으로 점R을 작도하여 문제를 해결할 수 있었습니다. 이 문제가 가장 기억에 남는 이유는 2주이상 매일 고민해서 결국 완벽한게 풀었기 때문입니다. 작도 문제를 풀면서 여러 방법을 구상하고 시도해는 과정이 즐거웠고 이 과정에서 기하 실력이 상승한것이 느껴졌습니다. 작도 문제를 풀면서 수학은 끝까지 고민해야한다는것과 고민하는 과정이 중요하다는것을 배웠습니다. 이때부터 수학 문제는 풀릴때 까지 포기하지않는 자세를 갖게 되었습니다. 






",,2026-07-25T13:59:54.000Z (학생-자소서),2026-08-03 19:05:08.887429+00
0cc5df8f-22f4-4386-82d6-26c1870b0afc,2g6pgsJlna5wAK,1,"1,2차방정식은 근의 공식이 있어서 쉽게 풀수있다. 하지만 3차이상의 방정식은 실수범위에서 인수분해가 불가능할때 어떻게 해결할지 궁금해서 고차방정식의 해법에 대해 탐구했다. 3차방정식의 해법은 카르다노의 해법이 있다. 이 해법은 3차방정식을 2차항이 없는 3차방정식을 만든 후 미지수를 서로다른 두개의 미지수 합으로 나타내고 2개의 미지수로 연립방정식을 세워서 해결하는 방법이다. 카르다노의 해법의 원리를 이해하고 직접 유도하면서 매개변수 치환법을 알게되었다. 4차방정식의 해법은 페라리, 오일러, 데카르트의 해법이 있다. 이중 가장 인상깊었던 해법은 오일러의 해법이다. 오일러의 해법은 페라리,데카르트의 해법과 달리 카르다노의 해법을 사용하지 않고 미정계수법을 사용한 풀이다. 오일러의 해법을 탐구하면서 미정계수법을 알게되었다. 5차이상의 방정식은 일반해가 없다는것을 알게되었다. 이것의 증명과정은 내가 잏하기에 어려워서 고등학생때 다시 도전해서 증명할것이다. 3,4차 방정식의 근의공식을 유도해보면서 근이 계수들로 나타내어지는 일반해가 존재한다는것이 직관적으로 이해되지는 않아서 직접 증명과정이 놀라웠다. 이 일을 계기로 배운것을 확장해서 일반해를 유도해보는 태도가 중요하다는것을 느꼈서 나의 태도도 변하게 됬다. 



눈금없는자와 컴퍼스만을 사용해서 도형을 작도하는것이 기하학적인 원리를 완벽히 이해하고있어야만 할 수 있다는 점에서 작도에 관심을 가지게 되었고 여러가지 문제를 풀어보았습니다. 그중 가장 기억에 남는 문제가 있습니다. 문제는 주어진 예각삼각형ABC에서 선분BP=PQ=QC인 AB위의 점P, AC위의 점Q를 작도하는 문제입니다. 저는 이와 비슷한 문제를 회전변환으로 원주각의 크기가 같도록하여 내접사각형을 만들어 작도한 경험이 있어서 비슷한 방법으로 접근했습니다. 삼각형BPQ, CPQ를 각각 선분CQ, BP에 붙여서 P,Q를 두개의 외심으로 만들고 사각형BPQC와 합동인 사각형을 만들어서 풀어보려했지만 실패했습니다. 다른 방법으로는 사각형BPQC를 선분BC의 중점을 중심으로 180도 회전시켜 합동인 사각형BQ'P'C를 만들고 합동인 이등변 삼각형BPQ', 삼각형CQP'과 평행사변형PQP'Q'을 이용해서 작도하려했으나 실패했습니다. 이때 새로운 방법으로 도전해야겠다는 생각이 들었습니다. 먼저 일반성을 잃지않고 선분AB<선분AC라 하고 선분AB=AD인 선분AC위의 점D를 잡았습니다. 왜냐하면 마름모PQCR을 작도하면 점R이 BD위의 점이기 때문입니다. 이후 선분BD위의 임의의 점R'을 잡고 AB, BC와 만나는 원을 그린 다음 닮음으로 점R을 작도하여 문제를 해결할 수 있었습니다. 이 문제가 가장 기억에 남는 이유는 2주이상 매일 고민해서 결국 완벽한게 풀었기 때문입니다. 작도 문제를 풀면서 여러 방법을 구상하고 시도해는 과정이 즐거웠고 이 과정에서 기하 실력이 상승한것이 느껴졌습니다. 작도 문제를 풀면서 수학은 끝까지 고민해야한다는것과 고민하는 과정이 중요하다는것을 배웠습니다. 이때부터 수학 문제는 풀릴때 까지 포기하지않는 자세를 갖게 되었습니다. 






",,2026-07-27T03:13:29.000Z (학생-자소서),2026-08-03 19:05:08.887429+00
6e0bfd2e-9209-4a58-9cd3-323fcd6ec8c5,2g6pgsJlna5wAK,1,"1,2차방정식은 근의 공식이 있어서 쉽게 풀수있다. 하지만 3차이상의 방정식은 실수범위에서 인수분해가 불가능할때 어떻게 해결할지 궁금해서 고차방정식의 해법에 대해 탐구했다. 3차방정식의 해법은 카르다노의 해법이 있다. 이 해법은 3차방정식을 2차항이 없는 3차방정식을 만든 후 미지수를 서로다른 두개의 미지수 합으로 나타내고 2개의 미지수로 연립방정식을 세워서 해결하는 방법이다. 카르다노의 해법의 원리를 이해하고 직접 유도하면서 매개변수 치환법을 알게되었다. 4차방정식의 해법은 페라리, 오일러, 데카르트의 해법이 있다. 이중 가장 인상깊었던 해법은 오일러의 해법이다. 오일러의 해법은 페라리,데카르트의 해법과 달리 카르다노의 해법을 사용하지 않고 미정계수법을 사용한 풀이다. 오일러의 해법을 탐구하면서 미정계수법을 알게되었다. 5차이상의 방정식은 일반해가 없다는것을 알게되었다. 이것의 증명과정은 내가 잏하기에 어려워서 고등학생때 다시 도전해서 증명할것이다. 3,4차 방정식의 근의공식을 유도해보면서 근이 계수들로 나타내어지는 일반해가 존재한다는것이 직관적으로 이해되지는 않아서 직접 증명과정이 놀라웠다. 이 일을 계기로 배운것을 확장해서 일반해를 유도해보는 태도가 중요하다는것을 느꼈서 나의 태도도 변하게 됬다. 



눈금없는자와 컴퍼스만을 사용해서 도형을 작도하는것이 기하학적인 원리를 완벽히 이해하고있어야만 할 수 있다는 점에서 작도에 관심을 가지게 되었고 여러가지 문제를 풀어보았습니다. 그중 가장 기억에 남는 문제가 있습니다. 문제는 주어진 예각삼각형ABC에서 선분BP=PQ=QC인 AB위의 점P, AC위의 점Q를 작도하는 문제입니다. 저는 이와 비슷한 문제를 회전변환으로 원주각의 크기가 같도록하여 내접사각형을 만들어 작도한 경험이 있어서 비슷한 방법으로 접근했습니다. 삼각형BPQ, CPQ를 각각 선분CQ, BP에 붙여서 P,Q를 두개의 외심으로 만들고 사각형BPQC와 합동인 사각형을 만들어서 풀어보려했지만 실패했습니다. 다른 방법으로는 사각형BPQC를 선분BC의 중점을 중심으로 180도 회전시켜 합동인 사각형BQ'P'C를 만들고 합동인 이등변 삼각형BPQ', 삼각형CQP'과 평행사변형PQP'Q'을 이용해서 작도하려했으나 실패했습니다. 이때 새로운 방법으로 도전해야겠다는 생각이 들었습니다. 먼저 일반성을 잃지않고 선분AB<선분AC라 하고 선분AB=AD인 선분AC위의 점D를 잡았습니다. 왜냐하면 마름모PQCR을 작도하면 점R이 BD위의 점이기 때문입니다. 이후 선분BD위의 임의의 점R'을 잡고 AB, BC와 만나는 원을 그린 다음 닮음으로 점R을 작도하여 문제를 해결할 수 있었습니다. 이 문제가 가장 기억에 남는 이유는 2주이상 매일 고민해서 결국 완벽한게 풀었기 때문입니다. 작도 문제를 풀면서 여러 방법을 구상하고 시도해는 과정이 즐거웠고 이 과정에서 기하 실력이 상승한것이 느껴졌습니다. 작도 문제를 풀면서 수학은 끝까지 고민해야한다는것과 고민하는 과정이 중요하다는것을 배웠습니다. 이때부터 수학 문제는 풀릴때 까지 포기하지않는 자세를 갖게 되었습니다. 






저는 수학을 잘하기 위해 가장 필요한 능력중 하나가 직관이라고 생각합니다. 수학에서의 직관력은 추론을 통해 올바른 증명을 찾아내게 하는 힘입니다. 그래서 저는 문제를 풀때 무작정 식을 세우지 않고 직관으로 풀려고 합니다. 그러다 보면 복잡한 식으로 풀리던 문제가 아이디어로 간단히 증명되곤 한다. 직관으로 푼 문제들중 저의 좋은 아이디어가 담긴 2문제가 있습니다. 1번째 문제는 k가 0부터 n까지 ",,2026-07-27T19:01:55.999Z (학생-자소서),2026-08-03 19:05:08.887429+00
c13d1cad-1803-4c61-812b-03a3437d515a,2g6pgsJlna5wAK,1,"1,2차방정식은 근의 공식이 있어서 쉽게 풀수있다. 하지만 3차이상의 방정식은 실수범위에서 인수분해가 불가능할때 어떻게 해결할지 궁금해서 고차방정식의 해법에 대해 탐구했다. 3차방정식의 해법은 카르다노의 해법이 있다. 이 해법은 3차방정식을 2차항이 없는 3차방정식을 만든 후 미지수를 서로다른 두개의 미지수 합으로 나타내고 2개의 미지수로 연립방정식을 세워서 해결하는 방법이다. 카르다노의 해법의 원리를 이해하고 직접 유도하면서 매개변수 치환법을 알게되었다. 4차방정식의 해법은 페라리, 오일러, 데카르트의 해법이 있다. 이중 가장 인상깊었던 해법은 오일러의 해법이다. 오일러의 해법은 페라리,데카르트의 해법과 달리 카르다노의 해법을 사용하지 않고 미정계수법을 사용한 풀이다. 오일러의 해법을 탐구하면서 미정계수법을 알게되었다. 5차이상의 방정식은 일반해가 없다는것을 알게되었다. 이것의 증명과정은 내가 잏하기에 어려워서 고등학생때 다시 도전해서 증명할것이다. 3,4차 방정식의 근의공식을 유도해보면서 근이 계수들로 나타내어지는 일반해가 존재한다는것이 직관적으로 이해되지는 않아서 직접 증명과정이 놀라웠다. 이 일을 계기로 배운것을 확장해서 일반해를 유도해보는 태도가 중요하다는것을 느꼈서 나의 태도도 변하게 됬다. 



눈금없는자와 컴퍼스만을 사용해서 도형을 작도하는것이 기하학적인 원리를 완벽히 이해하고있어야만 할 수 있다는 점에서 작도에 관심을 가지게 되었고 여러가지 문제를 풀어보았습니다. 그중 가장 기억에 남는 문제가 있습니다. 문제는 주어진 예각삼각형ABC에서 선분BP=PQ=QC인 AB위의 점P, AC위의 점Q를 작도하는 문제입니다. 저는 이와 비슷한 문제를 회전변환으로 원주각의 크기가 같도록하여 내접사각형을 만들어 작도한 경험이 있어서 비슷한 방법으로 접근했습니다. 삼각형BPQ, CPQ를 각각 선분CQ, BP에 붙여서 P,Q를 두개의 외심으로 만들고 사각형BPQC와 합동인 사각형을 만들어서 풀어보려했지만 실패했습니다. 다른 방법으로는 사각형BPQC를 선분BC의 중점을 중심으로 180도 회전시켜 합동인 사각형BQ'P'C를 만들고 합동인 이등변 삼각형BPQ', 삼각형CQP'과 평행사변형PQP'Q'을 이용해서 작도하려했으나 실패했습니다. 이때 새로운 방법으로 도전해야겠다는 생각이 들었습니다. 먼저 일반성을 잃지않고 선분AB<선분AC라 하고 선분AB=AD인 선분AC위의 점D를 잡았습니다. 왜냐하면 마름모PQCR을 작도하면 점R이 BD위의 점이기 때문입니다. 이후 선분BD위의 임의의 점R'을 잡고 AB, BC와 만나는 원을 그린 다음 닮음으로 점R을 작도하여 문제를 해결할 수 있었습니다. 이 문제가 가장 기억에 남는 이유는 2주이상 매일 고민해서 결국 완벽한게 풀었기 때문입니다. 작도 문제를 풀면서 여러 방법을 구상하고 시도해는 과정이 즐거웠고 이 과정에서 기하 실력이 상승한것이 느껴졌습니다. 작도 문제를 풀면서 수학은 끝까지 고민해야한다는것과 고민하는 과정이 중요하다는것을 배웠습니다. 이때부터 수학 문제는 풀릴때 까지 포기하지않는 자세를 갖게 되었습니다. 






저는 수학을 잘하기 위해 가장 필요한 능력중 하나가 직관이라고 생각합니다. 수학에서의 직관력은 추론을 통해 올바른 증명을 찾아내게 하는 힘입니다. 그래서 저는 문제를 풀때 무작정 식을 세우지 않고 직관으로 풀려고 합니다. 그러다 보면 복잡한 식으로 풀리던 문제가 아이디어로 간단히 증명되곤 한다. 직관으로 푼 문제들중 저의 좋은 아이디어가 담긴 2문제가 있습니다. 1번째 문제는 k가 0부터 n까지 ",,2026-07-27T19:25:23.000Z (학생-자소서),2026-08-03 19:05:08.887429+00
c7df10af-9206-4aaa-a55b-729b5687ee12,2g6pgsJlna5wAK,1,"1,2차방정식은 근의 공식이 있어서 쉽게 풀수있다. 하지만 3차이상의 방정식은 실수범위에서 인수분해가 불가능할때 어떻게 해결할지 궁금해서 고차방정식의 해법에 대해 탐구했다. 3차방정식의 해법은 카르다노의 해법이 있다. 이 해법은 3차방정식을 2차항이 없는 3차방정식을 만든 후 미지수를 서로다른 두개의 미지수 합으로 나타내고 2개의 미지수로 연립방정식을 세워서 해결하는 방법이다. 카르다노의 해법의 원리를 이해하고 직접 유도하면서 매개변수 치환법을 알게되었다. 4차방정식의 해법은 페라리, 오일러, 데카르트의 해법이 있다. 이중 가장 인상깊었던 해법은 오일러의 해법이다. 오일러의 해법은 페라리,데카르트의 해법과 달리 카르다노의 해법을 사용하지 않고 미정계수법을 사용한 풀이다. 오일러의 해법을 탐구하면서 미정계수법을 알게되었다. 5차이상의 방정식은 일반해가 없다는것을 알게되었다. 이것의 증명과정은 내가 잏하기에 어려워서 고등학생때 다시 도전해서 증명할것이다. 3,4차 방정식의 근의공식을 유도해보면서 근이 계수들로 나타내어지는 일반해가 존재한다는것이 직관적으로 이해되지는 않아서 직접 증명과정이 놀라웠다. 이 일을 계기로 배운것을 확장해서 일반해를 유도해보는 태도가 중요하다는것을 느꼈서 나의 태도도 변하게 됬다. 



눈금없는자와 컴퍼스만을 사용해서 도형을 작도하는것이 기하학적인 원리를 완벽히 이해하고있어야만 할 수 있다는 점에서 작도에 관심을 가지게 되었고 여러가지 문제를 풀어보았습니다. 그중 가장 기억에 남는 문제가 있습니다. 문제는 주어진 예각삼각형ABC에서 선분BP=PQ=QC인 AB위의 점P, AC위의 점Q를 작도하는 문제입니다. 저는 이와 비슷한 문제를 회전변환으로 원주각의 크기가 같도록하여 내접사각형을 만들어 작도한 경험이 있어서 비슷한 방법으로 접근했습니다. 삼각형BPQ, CPQ를 각각 선분CQ, BP에 붙여서 P,Q를 두개의 외심으로 만들고 사각형BPQC와 합동인 사각형을 만들어서 풀어보려했지만 실패했습니다. 다른 방법으로는 사각형BPQC를 선분BC의 중점을 중심으로 180도 회전시켜 합동인 사각형BQ'P'C를 만들고 합동인 이등변 삼각형BPQ', 삼각형CQP'과 평행사변형PQP'Q'을 이용해서 작도하려했으나 실패했습니다. 이때 새로운 방법으로 도전해야겠다는 생각이 들었습니다. 먼저 일반성을 잃지않고 선분AB<선분AC라 하고 선분AB=AD인 선분AC위의 점D를 잡았습니다. 왜냐하면 마름모PQCR을 작도하면 점R이 BD위의 점이기 때문입니다. 이후 선분BD위의 임의의 점R'을 잡고 AB, BC와 만나는 원을 그린 다음 닮음으로 점R을 작도하여 문제를 해결할 수 있었습니다. 이 문제가 가장 기억에 남는 이유는 2주이상 매일 고민해서 결국 완벽한게 풀었기 때문입니다. 작도 문제를 풀면서 여러 방법을 구상하고 시도해는 과정이 즐거웠고 이 과정에서 기하 실력이 상승한것이 느껴졌습니다. 작도 문제를 풀면서 수학은 끝까지 고민해야한다는것과 고민하는 과정이 중요하다는것을 배웠습니다. 이때부터 수학 문제는 풀릴때 까지 포기하지않는 자세를 갖게 되었습니다. 






저는 수학을 잘하기 위해 가장 필요한 능력중 하나가 직관이라고 생각합니다. 수학에서의 직관력은 추론을 통해 올바른 증명을 찾아내게 하는 힘입니다. 그래서 저는 문제를 풀때 무작정 식을 세우지 않고 직관으로 풀려고 합니다. 그러다 보면 복잡한 식으로 풀리던 문제가 아이디어로 간단히 증명되곤 한다. 직관으로 푼 문제들중 저의 좋은 아이디어가 담긴 문제가 있습니다. 이 문제는 k가 0이상 n이하인 모든 정수일때 {(n+k)Ck}/2의 k제곱의 합=2의 n제곱임을 증명하라는 문제입니다. 먼저 앞면이 보이는 n+k개의 같은 카드를 일렬로 나열하고  앞의 n개를 A묶음, 뒤의 k개를 B묶음이라고 정의 했습니다. (n+k)Ck= n+k개의 카드에서 k개를 뒤집었을때 가능한 카드 배열(P배열) 경우의 수, 2의 k제곱= n+k개의 카드중 k개를 선택하여 뒤집는데 선택된 카드가 A묶음의 카드라면 뒤집지 않을때 나올 수 있는 카드 배열(Q배열) 경우의수로 해석했습니다. k가 0이상 n이하인 모든 정수이므로 P배열은 Q배열을 포함하고 Q배열의 A묶음 카드는 모두 앞면입니다. 카드는 앞면 또는 뒷면이므로 P배열 경우의 수/Q배열 경우의 수= 2의 n제곱이므로 문제가 증명되었습니다. 문제의 상황을 직관적으로 완벽히 이해하여 대수적인 기술을 전혀 사용하지 않고 간단한 개수세기로 문제를 해결했습니다. 이 경험을 통해 문제를 접근하는 사고방식이 문제의 본질과 구조를 파악하려는 방식으로 변화했습니다. 이러한 사고방식은 수학의 여러 분야에서 저의 성장을 도와주는 역할을 하고있습니다. ",,2026-07-27T19:35:18.999Z (학생-자소서),2026-08-03 19:05:08.887429+00
4c0b49cb-ee2e-4f12-b06a-4b5b250d6ac4,2g6pgsJlna5wAK,1,"1,2차방정식은 근의 공식이 있어서 쉽게 풀수있다. 하지만 3차이상의 방정식은 실수범위에서 인수분해가 불가능할때 어떻게 해결할지 궁금해서 고차방정식의 해법에 대해 탐구했다. 3차방정식의 해법은 카르다노의 해법이 있다. 이 해법은 3차방정식을 2차항이 없는 3차방정식을 만든 후 미지수를 서로다른 두개의 미지수 합으로 나타내고 2개의 미지수로 연립방정식을 세워서 해결하는 방법이다. 카르다노의 해법의 원리를 이해하고 직접 유도하면서 매개변수 치환법을 알게되었다. 4차방정식의 해법은 페라리, 오일러, 데카르트의 해법이 있다. 이중 가장 인상깊었던 해법은 오일러의 해법이다. 오일러의 해법은 페라리,데카르트의 해법과 달리 카르다노의 해법을 사용하지 않고 미정계수법을 사용한 풀이다. 오일러의 해법을 탐구하면서 미정계수법을 알게되었다. 5차이상의 방정식은 일반해가 없다는것을 알게되었다. 이것의 증명과정은 내가 잏하기에 어려워서 고등학생때 다시 도전해서 증명할것이다. 3,4차 방정식의 근의공식을 유도해보면서 근이 계수들로 나타내어지는 일반해가 존재한다는것이 직관적으로 이해되지는 않아서 직접 증명과정이 놀라웠다. 이 일을 계기로 배운것을 확장해서 일반해를 유도해보는 태도가 중요하다는것을 느꼈서 나의 태도도 변하게 됬다.",,2026-07-18T13:42:58.000Z (학생-자소서),2026-08-03 19:05:08.887429+00
395f356f-01f0-437d-9afc-44dbbcbe7bf1,2g6pgsJlna5wAK,1,ㅇㅇㅇㅇㅇㅇㅇㅇㅇㅇㅇㅇㅇㅇ,,2026-07-18T12:04:37.000Z (학생-자소서),2026-08-03 19:05:08.887429+00
a2b504e6-4107-4509-aa7d-2228347ec522,2g6pgsJlna5wAK,1,ㄱㄱㄱ,,2026-07-18T12:03:41.000Z (학생-자소서),2026-08-03 19:05:08.887429+00
edd9da79-566b-42e3-bdc1-16b88c8a1b2d,2g6pgsJlna5wAK,1,"1,2차방정식은 근의 공식이 있어서 쉽게 풀수있다. 하지만 3차이상의 방정식은 실수범위에서 인수분해가 불가능할때 어떻게 해결할지 궁금해서 고차방정식의 해법에 대해 탐구했다. 3차방정식의 해법은 카르다노의 해법이 있다. 이 해법은 3차방정식을 2차항이 없는 3차방정식을 만든 후 미지수를 서로다른 두개의 미지수 합으로 나타내고 2개의 미지수로 연립방정식을 세워서 해결하는 방법이다. 카르다노의 해법의 원리를 이해하고 직접 유도하면서 매개변수 치환법을 알게되었다. 4차방정식의 해법은 페라리, 오일러, 데카르트의 해법이 있다. 이중 가장 인상깊었던 해법은 오일러의 해법이다. 오일러의 해법은 페라리,데카르트의 해법과 달리 카르다노의 해법을 사용하지 않고 미정계수법을 사용한 풀이다. 오일러의 해법을 탐구하면서 미정계수법을 알게되었다. 5차이상의 방정식은 일반해가 없다는것을 알게되었다. 이것의 증명과정은 내가 잏하기에 어려워서 고등학생때 다시 도전해서 증명할것이다. 3,4차 방정식의 근의공식을 유도해보면서 근이 계수들로 나타내어지는 일반해가 존재한다는것이 직관적으로 이해되지는 않아서 직접 증명과정이 놀라웠다. 이 일을 계기로 배운것을 확장해서 일반해를 유도해보는 태도가 중요하다는것을 느꼈서 나의 태도도 변하게 됬다. 작도 ",,2026-07-25T11:42:02.000Z (학생-자소서),2026-08-03 19:05:08.887429+00
28452e51-0dc5-49bd-8f54-b9108064e23e,2g6pgsJlna5wAK,1,"1,2차방정식은 근의 공식이 있어서 쉽게 풀수있다. 하지만 3차이상의 방정식은 실수범위에서 인수분해가 불가능할때 어떻게 해결할지 궁금해서 고차방정식의 해법에 대해 탐구했다. 3차방정식의 해법은 카르다노의 해법이 있다. 이 해법은 3차방정식을 2차항이 없는 3차방정식을 만든 후 미지수를 서로다른 두개의 미지수 합으로 나타내고 2개의 미지수로 연립방정식을 세워서 해결하는 방법이다. 카르다노의 해법의 원리를 이해하고 직접 유도하면서 매개변수 치환법을 알게되었다. 4차방정식의 해법은 페라리, 오일러, 데카르트의 해법이 있다. 이중 가장 인상깊었던 해법은 오일러의 해법이다. 오일러의 해법은 페라리,데카르트의 해법과 달리 카르다노의 해법을 사용하지 않고 미정계수법을 사용한 풀이다. 오일러의 해법을 탐구하면서 미정계수법을 알게되었다. 5차이상의 방정식은 일반해가 없다는것을 알게되었다. 이것의 증명과정은 내가 잏하기에 어려워서 고등학생때 다시 도전해서 증명할것이다. 3,4차 방정식의 근의공식을 유도해보면서 근이 계수들로 나타내어지는 일반해가 존재한다는것이 직관적으로 이해되지는 않아서 직접 증명과정이 놀라웠다. 이 일을 계기로 배운것을 확장해서 일반해를 유도해보는 태도가 중요하다는것을 느꼈서 나의 태도도 변하게 됬다. 작도 ",,2026-07-25T11:03:10.000Z (학생-자소서),2026-08-03 19:05:08.887429+00
c1463e00-fca6-441c-b85b-a6120943d49e,2g6pgsJlna5wAK,1,"1,2차방정식은 근의 공식이 있어서 쉽게 풀수있다. 하지만 3차이상의 방정식은 실수범위에서 인수분해가 불가능할때 어떻게 해결할지 궁금해서 고차방정식의 해법에 대해 탐구했다. 3차방정식의 해법은 카르다노의 해법이 있다. 이 해법은 3차방정식을 2차항이 없는 3차방정식을 만든 후 미지수를 서로다른 두개의 미지수 합으로 나타내고 2개의 미지수로 연립방정식을 세워서 해결하는 방법이다. 카르다노의 해법의 원리를 이해하고 직접 유도하면서 매개변수 치환법을 알게되었다. 4차방정식의 해법은 페라리, 오일러, 데카르트의 해법이 있다. 이중 가장 인상깊었던 해법은 오일러의 해법이다. 오일러의 해법은 페라리,데카르트의 해법과 달리 카르다노의 해법을 사용하지 않고 미정계수법을 사용한 풀이다. 오일러의 해법을 탐구하면서 미정계수법을 알게되었다. 5차이상의 방정식은 일반해가 없다는것을 알게되었다. 이것의 증명과정은 내가 잏하기에 어려워서 고등학생때 다시 도전해서 증명할것이다. 3,4차 방정식의 근의공식을 유도해보면서 근이 계수들로 나타내어지는 일반해가 존재한다는것이 직관적으로 이해되지는 않아서 직접 증명과정이 놀라웠다. 이 일을 계기로 배운것을 확장해서 일반해를 유도해보는 태도가 중요하다는것을 느꼈서 나의 태도도 변하게 됬다. 작도",,2026-07-18T13:59:09.000Z (학생-자소서),2026-08-03 19:05:08.887429+00
016e4c5e-9a6e-44f5-9e31-975777d82ddc,2g6pgsJlna5wAK,1,"1,2차방정식은 근의 공식이 있어서 쉽게 풀수있다. 하지만 3차이상의 방정식은 실수범위에서 인수분해가 불가능할때 어떻게 해결할지 궁금해서 고차방정식의 해법에 대해 탐구했다. 3차방정식의 해법은 카르다노의 해법이 있다. 이 해법은 3차방정식을 2차항이 없는 3차방정식을 만든 후 미지수를 서로다른 두개의 미지수 합으로 나타내고 2개의 미지수로 연립방정식을 세워서 해결하는 방법이다. 카르다노의 해법의 원리를 이해하고 직접 유도하면서 매개변수 치환법을 알게되었다. 4차방정식의 해법은 페라리, 오일러, 데카르트의 해법이 있다. 이중 가장 인상깊었던 해법은 오일러의 해법이다. 오일러의 해법은 페라리,데카르트의 해법과 달리 카르다노의 해법을 사용하지 않고 미정계수법을 사용한 풀이다. 오일러의 해법을 탐구하면서 미정계수법을 알게되었다. 5차이상의 방정식은 일반해가 없다는것을 알게되었다. 이것의 증명과정은 내가 잏하기에 어려워서 고등학생때 다시 도전해서 증명할것이다. 3,4차 방정식의 근의공식을 유도해보면서 근이 계수들로 나타내어지는 일반해가 존재한다는것이 직관적으로 이해되지는 않아서 직접 증명과정이 놀라웠다. 이 일을 계기로 배운것을 확장해서 일반해를 유도해보는 태도가 중요하다는것을 느꼈서 나의 태도도 변하게 됬다. 



눈금없는자와 컴퍼스만을 사용해서 도형을 작도하는것이 기하학적인 원리를 완벽히 이해하고있어야만 할 수 있다는 점에서 작도에 관심을 가지게 되었고 여러가지 문제를 풀어보았습니다. 그중 가장 기억에 남는 문제가 있습니다. 문제는 주어진 예각삼각형ABC에서 선분BP=PQ=QC인 AB위의 점P, AC위의 점Q를 작도하는 문제입니다. 저는 이와 비슷한 문제를 회전변환으로 원주각의 크기가 같도록하여 내접사각형을 만들어 작도한 경험이 있어서 비슷한 방법으로 접근했습니다. 삼각형BPQ, CPQ를 각각 선분CQ, BP에 붙여서 P,Q를 두개의 외심으로 만들고 사각형BPQC와 합동인 사각형을 만들어서 풀어보려했지만 실패했습니다. 다른 방법으로는 사각형BPQC를 선분BC의 중점을 중심으로 180도 회전시켜 합동인 사각형BQ'P'C를 만들고 합동인 이등변 삼각형BPQ', 삼각형CQP'과 평행사변형PQP'Q'을 이용해서 작도하려했으나 실패했습니다. 이때 새로운 방법으로 도전해야겠다는 생각이 들었습니다. 먼저 일반성을 잃지않고 선분AB<선분AC라 하고 선분AB=AD인 선분AC위의 점D를 잡았습니다. 왜냐하면 마름모PQCR을 작도하면 점R이 BD위의 점이기 때문입니다. 이후 선분BD위의 임의의 점R'을 잡고 AB, BC와 만나는 원을 그린 다음 닮음으로 점R을 작도하여 문제를 해결할 수 있었습니다. 작도 문제를 풀면서 여러 방법을 구상하고 시도해는 과정이 즐거웠고 이 과정에서 기하 실력이 상승한것이 느껴졌습니다. 작도 문제를 풀면서 수학은 끝까지 고민해야한다는것과 고민하는 과정이 중요하다는것을 배웠습니다. 이때부터 수학 문제는 풀릴때 까지 포기하지않는 자세를 갖게 되었습니다. 






",,2026-07-25T13:17:33.999Z (학생-자소서),2026-08-03 19:05:08.887429+00
7f31d6d8-e2d8-4f08-8ed3-077a9ce6abf8,2g6pgsJlna5wAK,1,ㅇㅇㅇㅇㅇㅇㅇㅇㅇㅇㅇㅇㅇㅇ,,2026-07-18T12:04:29.000Z (학생-자소서),2026-08-03 19:05:08.887429+00
7b1c5b6f-6584-4e5a-bd3a-91ebadd6e1a5,2g6pgsJlna5wAK,1,"(개인)스윙바이에 대해 연구하면서 스윙바이의 원리, 사례, 장단점, 보이저 2호의 스윙바이 전후 속도와 행성의 공전속도로 행성 진입 각도 계산및 궤도 분석하기, 미래의 스윙바이 기술에 대해 연구했다. 스윙바이의 원리에 대해 조사하던중 운동량 보존 법칙을 알게됬고 보이저2호의 스윙바이후 속도를 구하는 과정에서 직접 제2코사인법칙을 유도하였습니다. 미래의 스윙바이 기술을 연구하는 동안 스윙바이의 기회가 적다는 점을 보완하기위해 우주에 인공구조물을 설치하여 미세중력을 이용하는 방법을 구상했습니다. 이때 인공구조물은 위치가 변하면 안되기 때문에 중력평형점에 설치해야한다. 중력평형지점인 라그랑주 포인트를 알게됬습니다. 스윙바이는 행성의 중력을 이용해서 적은 연료로 가속, 감속할수있고 방향도 바꿀수있다는 장점이 있지만 행성의 적절한 배치가 필요해서 기회가 적다는 단점이 있다. 분명한 장점과 단점을 가지고 있어서 미래에 발전할 가능성이 높다는것을 느꼈다. (모둠2명) 우주에는 다양한 천체가 존재한다. 이에 흥미를 느껴서 특이한 천체 식변광성, 맥동변광성, 펄서에 대해 탐구했다. 변광성은 시간에 따라 밝기가 변하는 별로 그 원인에 따라 종류가 나뉜다. 그중 식변광성은 두개의 별이 서로 공전하는 쌍성계에서 나타나는 변광성이다. 쌍성의 공전궤도면이 지구 시선과 일치할때 두 별이 서로를 가리면서 밝기가 변한다. 식변광성은 밝기가 변하는 주기가 일정하다. ",,2026-07-18T12:03:47.999Z (학생-자소서),2026-08-03 19:05:08.887429+00
285ded01-59fa-4d2d-a427-62484bc2b120,2g6pgsJlna5wAK,1,"1,2차방정식은 근의 공식이 있어서 쉽게 풀수있다. 하지만 3차이상의 방정식은 실수범위에서 인수분해가 불가능할때 어떻게 해결할지 궁금해서 고차방정식의 해법에 대해 탐구했다. 3차방정식의 해법은 카르다노의 해법이 있다. 이 해법은 3차방정식을 2차항이 없는 3차방정식을 만든 후 미지수를 서로다른 두개의 미지수 합으로 나타내고 2개의 미지수로 연립방정식을 세워서 해결하는 방법이다. 카르다노의 해법의 원리를 이해하고 직접 유도하면서 매개변수 치환법을 알게되었다. 4차방정식의 해법은 페라리, 오일러, 데카르트의 해법이 있다. 이중 가장 인상깊었던 해법은 오일러의 해법이다. 오일러의 해법은 페라리,데카르트의 해법과 달리 카르다노의 해법을 사용하지 않고 미정계수법을 사용한 풀이다. 오일러의 해법을 탐구하면서 미정계수법을 알게되었다. 5차이상의 방정식은 일반해가 없다는것을 알게되었다. 이것의 증명과정은 내가 잏하기에 어려워서 고등학생때 다시 도전해서 증명할것이다. 3,4차 방정식의 근의공식을 유도해보면서 근이 계수들로 나타내어지는 일반해가 존재한다는것이 직관적으로 이해되지는 않아서 직접 증명과정이 놀라웠다. 이 일을 계기로 배운것을 확장해서 일반해를 유도해보는 태도가 중요하다는것을 느꼈서 나의 태도도 변하게 됬다. 작도 ",,2026-07-25T11:49:15.000Z (학생-자소서),2026-08-03 19:05:08.887429+00
8bef0254-a7bf-447e-94e5-176d82bb7429,2g6pgsJlna5wAK,1,ㅇㅇㅇㅇㅇㅇㅇㅇㅇㅇㅇㅇㅇㅇ,,2026-07-18T12:04:51.999Z (학생-자소서),2026-08-03 19:05:08.887429+00
d9f03666-6613-4fcc-8957-bd5337b6c962,V0xhoiHLP133A,1,"피보나치 수열(+Python 프로그램)
피보나치 수열을 학습하면서 단순한 점화식으로 만들어지는 수열이 자연현상, 건축, 예술 등 다양한 분야와 연결되며 연속한 두 항의 비가 황금비에 가까워진다는 사실에 흥미를 느꼈다. 특히 이러한 현상이 왜 나타나는지 궁금해 직접 Python 프로그램을 활용하여 피보나치 수열을 생성하고, 연속한 두 항의 비를 계산해 황금비로 수렴하는 과정을 표와 그래프로 분석하였다. 더 나아가 점화식의 계수를 변화시킨 여러 수열을 만들어 같은 방법으로 비교하며 수렴값과 성장 속도가 어떻게 달라지는지 탐구하였다. 그 결과 피보나치 수열의 성질은 단순히 하나의(or그) 수열만의 특징이 아니라 점화식의 구조에 의해 결정된다는 점을 확인할 수 있었다. 이 활동을 통해 수학적 추론을 프로그래밍으로 검증할 수 있다는 것을 알게되었고, 하나의 규칙도 다양한 관점에서 분석하고 스스로 가설을 세워 확인하는 탐구 자세의 중요성을 배울 수 있었다.

통계 분석(+야구)
저는 어릴 때부터 야구를 좋아했으며, 일상에서 나타나는 다양한 현상을 수치로 분석하는 것에도 큰 흥미를 가지고 있습니다. 이러한 관심으로 '수학을 품은 야구공'을 읽으며 야구가 타율, OPS, 평균자책점, 승률 등 다양한 통계 지표를 통해 수학과 밀접하게 연결되어 있음을 이해하게 되었습니다. 단순히 경기를 관람하는 데 그치지 않고 타자의 타석 수와 안타 수를 이용해 타율을 직접 계산하고, 팀의 시즌 결과를 정리하여 승률의 변화를 분석해 보았습니다. 또한 같은 경기 결과라도 어떤 통계 지표를 활용하느냐에 따라 선수와 팀의 경기력을 다르게 해석할 수 있다는 점이 매우 인상 깊었습니다. 특히 시즌 초반 성적이 좋지 않더라도 출루율이나 OPS와 같은 세부 지표가 우수한 팀은 장기적으로 좋은 성적을 거둘 가능성이 높다는 점을 보며, 데이터를 단순히 계산하는 것을 넘어 해석하는 능력이 중요하다는 사실을 깨달았습니다. 이 경험을 통해 수학적 통계는 실제 현상을 객관적으로 이해하는 강력한 도구임을 알게 되었으며, 앞으로도 다양한 데이터를 스스로 분석하고 근거를 바탕으로 판단하는 탐구 자세를 꾸준히 키워 나가고자 합니다.

",,2026-07-23T17:59:49.000Z (학생-자소서),2026-08-03 19:05:08.887429+00
8c5133d5-f127-4264-8a57-31ff29a13193,V0xhoiHLP133A,1,"피보나치 수열(+Python 프로그램)
피보나치 수열을 학습하면서 단순한 점화식으로 만들어지는 수열이 자연현상, 건축, 예술 등 다양한 분야와 연결되며 연속한 두 항의 비가 황금비에 가까워진다는 사실에 흥미를 느꼈다. 특히 이러한 현상이 왜 나타나는지 궁금해 직접 Python 프로그램을 활용하여 피보나치 수열을 생성하고, 연속한 두 항의 비를 계산해 황금비로 수렴하는 과정을 표와 그래프로 분석하였다. 더 나아가 점화식의 계수를 변화시킨 여러 수열을 만들어 같은 방법으로 비교하며 수렴값과 성장 속도가 어떻게 달라지는지 탐구하였다. 그 결과 피보나치 수열의 성질은 단순히 하나의(or그) 수열만의 특징이 아니라 점화식의 구조에 의해 결정된다는 점을 확인할 수 있었다. 이 활동을 통해 수학적 추론을 프로그래밍으로 검증할 수 있다는 것을 알게되었고, 하나의 규칙도 다양한 관점에서 분석하고 스스로 가설을 세워 확인하는 탐구 자세의 중요성을 배울 수 있었다.

통계 분석(+야구)
저는 어릴 때부터 야구를 좋아했으며, 일상에서 나타나는 다양한 현상을 수치로 분석하는 것에도 큰 흥미를 가지고 있습니다. 이러한 관심으로 '수학을 품은 야구공'을 읽으며 야구가 타율, OPS, 평균자책점, 승률 등 다양한 통계 지표를 통해 수학과 밀접하게 연결되어 있음을 이해하게 되었습니다. 단순히 경기를 관람하는 데 그치지 않고 타자의 타석 수와 안타 수를 이용해 타율을 직접 계산하고, 팀의 시즌 결과를 정리하여 승률의 변화를 분석해 보았습니다. 또한 같은 경기 결과라도 어떤 통계 지표를 활용하느냐에 따라 선수와 팀의 경기력을 다르게 해석할 수 있다는 점이 매우 인상 깊었습니다. 특히 시즌 초반 성적이 좋지 않더라도 출루율이나 OPS와 같은 세부 지표가 우수한 팀은 장기적으로 좋은 성적을 거둘 가능성이 높다는 점을 보며, 데이터를 단순히 계산하는 것을 넘어 해석하는 능력이 중요하다는 사실을 깨달았습니다. 이 경험을 통해 수학적 통계는 실제 현상을 객관적으로 이해하는 강력한 도구임을 알게 되었으며, 앞으로도 다양한 데이터를 스스로 분석하고 근거를 바탕으로 판단하는 탐구 자세를 꾸준히 키워 나가고자 합니다.

원뿔과 구의 부피 공식에 대한 기하학적 증명 탐구
구의 부피 공식을 단순히 암기하는 것이 아니라 공식이 만들어지는 과정을 이해하고자 탐구를 진행하였다. 특히 구를 매우 얇은 원기둥 모양의 단면으로 나누어 각 단면의 부피를 합하는 구분구적법에 초점을 맞추어, 무한히 작은 부분들의 합이 전체의 부피를 이루는 원리를 학습하였다. 또한 구분의 개수를 점점 늘릴수록 실제 구의 부피에 가까워지는 과정을 살펴보며, 복잡한 입체도 작은 부분으로 나누어 분석하면 전체를 정확하게 설명할 수 있다는 수학적 사고를 이해할 수 있었다. 이 과정에서 하나의 공식을 단순히 결과로 받아들이기보다, 어떠한 논리와 과정을 거쳐 도출되는지를 탐구하는 것이 더욱 중요하다는 점을 깨달았다. 특히 구분구적법은 중학교에서 학습한 도형의 넓이와 부피 개념을 더욱 일반화한 방법이라는 점이 흥미로웠으며, 작은 요소를 체계적으로 분석하여 전체를 이해하는 수학의 논리성과 체계성을 느낄 수 있었다. 앞으로도 다양한 증명 방법을 탐구하며 수학적 개념의 원리를 깊이 이해하는 학습을 이어가고 싶다는 생각을 하게 되었다.",,2026-08-02T23:24:01.000Z (학생-자소서),2026-08-03 19:05:08.887429+00
99da7dee-257f-4541-8ef7-eeb3b868d470,V0xhoiHLP133A,1,"피보나치 수열(+Python 프로그램)
(개인)피보나치 수열을 학습하면서 단순한 점화식으로 만들어지는 수열이 자연현상, 건축, 예술 등 다양한 분야와 연결되며 연속한 두 항의 비가 황금비에 가까워진다는 사실에 흥미를 느꼈다. 특히 이러한 현상이 왜 나타나는지 궁금해 직접 Python 프로그램을 활용하여 피보나치 수열을 생성하고, 연속한 두 항의 비를 계산해 황금비로 수렴하는 과정을 표와 그래프로 분석하였다. 더 나아가 점화식의 계수를 변화시킨 여러 수열을 만들어 같은 방법으로 비교하며 수렴값과 성장 속도가 어떻게 달라지는지 탐구하였다. 그 결과 피보나치 수열의 성질은 단순히 하나의(or그) 수열만의 특징이 아니라 점화식의 구조에 의해 결정된다는 점을 확인할 수 있었다. 이 활동을 통해 수학적 추론을 프로그래밍으로 검증할 수 있다는 것을 알게되었고, 하나의 규칙도 다양한 관점에서 분석하고 스스로 가설을 세워 확인하는 탐구 자세의 중요성을 배울 수 있었다.

통계 분석(+야구)
(개인)저는 어릴 때부터 야구를 좋아했으며, 일상에서 나타나는 다양한 현상을 수치로 분석하는 것에도 큰 흥미를 가지고 있습니다. 이러한 관심으로 '수학을 품은 야구공'을 읽으며 야구가 타율, OPS, 평균자책점, 승률 등 다양한 통계 지표를 통해 수학과 밀접하게 연결되어 있음을 이해하게 되었습니다. 단순히 경기를 관람하는 데 그치지 않고 타자의 타석 수와 안타 수를 이용해 타율을 직접 계산하고, 팀의 시즌 결과를 정리하여 승률의 변화를 분석해 보았습니다. 또한 같은 경기 결과라도 어떤 통계 지표를 활용하느냐에 따라 선수와 팀의 경기력을 다르게 해석할 수 있다는 점이 매우 인상 깊었습니다. 특히 시즌 초반 성적이 좋지 않더라도 출루율이나 OPS와 같은 세부 지표가 우수한 팀은 장기적으로 좋은 성적을 거둘 가능성이 높다는 점을 보며, 데이터를 단순히 계산하는 것을 넘어 해석하는 능력이 중요하다는 사실을 깨달았습니다. 이 경험을 통해 수학적 통계는 실제 현상을 객관적으로 이해하는 강력한 도구임을 알게 되었으며, 앞으로도 다양한 데이터를 스스로 분석하고 근거를 바탕으로 판단하는 탐구 자세를 꾸준히 키워 나가고자 합니다.

원뿔과 구의 부피 공식에 대한 기하학적 증명 탐구
(개인)구의 부피 공식을 단순히 암기하는 것이 아니라 공식이 만들어지는 과정을 이해하고자 탐구를 진행하였다. 특히 구를 매우 얇은 원기둥 모양의 단면으로 나누어 각 단면의 부피를 합하는 구분구적법에 초점을 맞추어, 무한히 작은 부분들의 합이 전체의 부피를 이루는 원리를 학습하였다. 또한 구분의 개수를 점점 늘릴수록 실제 구의 부피에 가까워지는 과정을 살펴보며, 복잡한 입체도 작은 부분으로 나누어 분석하면 전체를 정확하게 설명할 수 있다는 수학적 사고를 이해할 수 있었다. 이 과정에서 하나의 공식을 단순히 결과로 받아들이기보다, 어떠한 논리와 과정을 거쳐 도출되는지를 탐구하는 것이 더욱 중요하다는 점을 깨달았다. 특히 구분구적법은 중학교에서 학습한 도형의 넓이와 부피 개념을 더욱 일반화한 방법이라는 점이 흥미로웠으며, 작은 요소를 체계적으로 분석하여 전체를 이해하는 수학의 논리성과 체계성을 느낄 수 있었다. 앞으로도 다양한 증명 방법을 탐구하며 수학적 개념의 원리를 깊이 이해하는 학습을 이어가고 싶다는 생각을 하게 되었다.",,최신,2026-08-03 19:05:08.887429+00
9e17f839-0319-4c38-90a5-ada4bbefcef3,2g6pgsJlna5wAK,2,"(개인)스윙바이에 대해 연구하면서 스윙바이의 원리, 사례, 장단점, 보이저 2호의 스윙바이 전후 속도와 행성의 공전속도로 행성 진입 각도 계산및 궤도 분석하기, 미래의 스윙바이 기술에 대해 연구했다. 스윙바이의 원리에 대해 조사하던중 운동량 보존 법칙을 알게됬고 보이저2호의 스윙바이후 속도를 구하는 과정에서 직접 제2코사인법칙을 유도하였습니다. 스윙바이에 대해 발표할때 쉽게 설명하기 위해 달려오는 기차로 향하는 공의 충돌후 속도변화로 비유해서 설명했습니다.미래의 스윙바이 기술을 연구하는 동안 스윙바이의 정확도를 높이기 위해 우주에 인공구조물을 띄워서 미세중력을 이용하는 방법을 구상했습니다. 이때 인공구조물은 위치가 변하면 안되기 때문에 중력평형점에 안착시켜야합니다. 중력평형지점인 라그랑주 포인트를 알게됬습니다. 스윙바이는 행성의 중력을 이용해서 적은 연료로 가속, 감속할수있고 방향도 바꿀수있다는 장점이 있지만 행성의 적절한 배치가 필요해서 기회가 적다는 단점이 있다. 분명한 장점과 단점을 가지고 있어서 미래에 발전할 가능성이 높다는것을 느꼈다. 



(모둠2명) 우주에는 다양한 천체가 존재한다. 이에 흥미를 느껴서 식변광성과 맥동변광성이 밝기가 변하는 이유에 대해 소개하는 영상을 만들었다. 영상내용에 대한 자막과 음성녹음을 했다. 이때 만드는 영상의 길이가 짧아서 근본적인 원리와 핵심내용을 파악하고 반 친구들이 이해하기 쉽게 영상에 사진을 띄웠다.  근본적인 원리는 식변광성은 쌍성계에서 별이 서로를 가리면서 밝기가 변하고 맥동변광성은 별이 팽창, 수축하면서 밝기가 변한다는것이고 핵심 내용은 식변광성의 밝기 주기변화는 공전주기와 같아서 일정하고 맥동변광성의 주기, 광도사이 관계로 주기를 알면 절대등급을 구할 수 있어서 겉보기 등급과 절대등급을 이용해 거리를 측정할 수 있다는것이다.
",,2026-07-25T11:49:15.000Z (학생-자소서),2026-08-03 19:05:08.887429+00
c166d6ec-a52d-4d7c-905b-724543f30385,2g6pgsJlna5wAK,2,"(개인)스윙바이에 대해 연구하면서 스윙바이의 원리, 사례, 장단점, 보이저 2호의 스윙바이 전후 속도와 행성의 공전속도로 행성 진입 각도 계산및 궤도 분석하기, 미래의 스윙바이 기술에 대해 연구했다. 스윙바이의 원리에 대해 조사하던중 운동량 보존 법칙을 알게됬고 보이저2호의 스윙바이후 속도를 구하는 과정에서 직접 제2코사인법칙을 유도하였습니다. 미래의 스윙바이 기술을 연구하는 동안 스윙바이의 기회가 적다는 점을 보완하기위해 우주에 인공구조물을 설치하여 미세중력을 이용하는 방법을 구상했습니다. 이때 인공구조물은 위치가 변하면 안되기 때문에 중력평형점에 설치해야한다. 중력평형지점인 라그랑주 포인트를 알게됬습니다. 스윙바이는 행성의 중력을 이용해서 적은 연료로 가속, 감속할수있고 방향도 바꿀수있다는 장점이 있지만 행성의 적절한 배치가 필요해서 기회가 적다는 단점이 있다. 분명한 장점과 단점을 가지고 있어서 미래에 발전할 가능성이 높다는것을 느꼈다. (모둠2명) 우주에는 다양한 천체가 존재한다. 이에 흥미를 느껴서 특이한 천체 식변광성, 맥동변광성, 펄서에 대해 탐구했다. 변광성은 시간에 따라 밝기가 변하는 별로 그 원인에 따라 종류가 나뉜다. 그중 식변광성은 두개의 별이 서로 공전하는 쌍성계에서 나타나는 변광성이다. 쌍성의 공전궤도면이 지구 시선과 일치할때 두 별이 서로를 가리면서 밝기가 변한다. 식변광성은 밝기가 변하는 주기가 일정하다. ",,2026-07-18T12:04:29.000Z (학생-자소서),2026-08-03 19:05:08.887429+00
1fb408de-ac13-41c7-9d0c-2ec3902a6b69,2g6pgsJlna5wAK,2,"(개인)스윙바이에 대해 연구하면서 스윙바이의 원리, 사례, 장단점, 보이저 2호의 스윙바이 전후 속도와 행성의 공전속도로 행성 진입 각도 계산및 궤도 분석하기, 미래의 스윙바이 기술에 대해 연구했다. 스윙바이의 원리에 대해 조사하던중 운동량 보존 법칙을 알게됬고 보이저2호의 스윙바이후 속도를 구하는 과정에서 직접 제2코사인법칙을 유도하였습니다. 미래의 스윙바이 기술을 연구하는 동안 스윙바이의 기회가 적다는 점을 보완하기위해 우주에 인공구조물을 설치하여 미세중력을 이용하는 방법을 구상했습니다. 이때 인공구조물은 위치가 변하면 안되기 때문에 중력평형점에 설치해야한다. 중력평형지점인 라그랑주 포인트를 알게됬습니다. 스윙바이는 행성의 중력을 이용해서 적은 연료로 가속, 감속할수있고 방향도 바꿀수있다는 장점이 있지만 행성의 적절한 배치가 필요해서 기회가 적다는 단점이 있다. 분명한 장점과 단점을 가지고 있어서 미래에 발전할 가능성이 높다는것을 느꼈다. (모둠2명) 우주에는 다양한 천체가 존재한다. 이에 흥미를 느껴서 특이한 천체 식변광성, 맥동변광성, 펄서에 대해 탐구했다. 변광성은 시간에 따라 밝기가 변하는 별로 그 원인에 따라 종류가 나뉜다. 그중 식변광성은 두개의 별이 서로 공전하는 쌍성계에서 나타나는 변광성이다. 쌍성의 공전궤도면이 지구 시선과 일치할때 두 별이 서로를 가리면서 밝기가 변한다. 식변광성은 밝기가 변하는 주기가 일정하다. ",,2026-07-18T12:04:10.000Z (학생-자소서),2026-08-03 19:05:08.887429+00
2f6f17b3-8451-40c0-a2d0-c0800a876f55,2g6pgsJlna5wAK,2,ㅇㅇㅇㅇㅇㅇㅇㅇㅇㅇㅇㅇㅇㅇ,,2026-07-18T12:04:37.000Z (학생-자소서),2026-08-03 19:05:08.887429+00
32c29fe5-54a3-4a3f-b96d-2298ae89f8df,2g6pgsJlna5wAK,2,"(개인)스윙바이에 대해 연구하면서 스윙바이의 원리, 사례, 장단점, 보이저 2호의 스윙바이 전후 속도와 행성의 공전속도로 행성 진입 각도 계산및 궤도 분석하기, 미래의 스윙바이 기술에 대해 연구했다. 스윙바이의 원리에 대해 조사하던중 운동량 보존 법칙을 알게됬고 보이저2호의 스윙바이후 속도를 구하는 과정에서 직접 제2코사인법칙을 유도하였습니다. 미래의 스윙바이 기술을 연구하는 동안 스윙바이의 기회가 적다는 점을 보완하기위해 우주에 인공구조물을 설치하여 미세중력을 이용하는 방법을 구상했습니다. 이때 인공구조물은 위치가 변하면 안되기 때문에 중력평형점에 설치해야한다. 중력평형지점인 라그랑주 포인트를 알게됬습니다. 스윙바이는 행성의 중력을 이용해서 적은 연료로 가속, 감속할수있고 방향도 바꿀수있다는 장점이 있지만 행성의 적절한 배치가 필요해서 기회가 적다는 단점이 있다. 분명한 장점과 단점을 가지고 있어서 미래에 발전할 가능성이 높다는것을 느꼈다. (모둠2명) 우주에는 다양한 천체가 존재한다. 이에 흥미를 느껴서 특이한 천체 식변광성, 맥동변광성, 펄서에 대해 탐구했다. 변광성은 시간에 따라 밝기가 변하는 별로 그 원인에 따라 종류가 나뉜다. 그중 식변광성은 두개의 별이 서로 공전하는 쌍성계에서 나타나는 변광성이다. 쌍성의 공전궤도면이 지구 시선과 일치할때 두 별이 서로를 가리면서 밝기가 변한다. 식변광성은 밝기가 변하는 주기가 일정하다. ",,2026-07-18T12:03:47.999Z (학생-자소서),2026-08-03 19:05:08.887429+00
d760f7e2-da9a-424a-b84a-46045b57caf0,2g6pgsJlna5wAK,2,"(개인)스윙바이에 대해 연구하면서 스윙바이의 원리, 사례, 장단점, 보이저 2호의 스윙바이 전후 속도와 행성의 공전속도로 행성 진입 각도 계산및 궤도 분석하기, 미래의 스윙바이 기술에 대해 연구했다. 스윙바이의 원리에 대해 조사하던중 운동량 보존 법칙을 알게됬고 보이저2호의 스윙바이후 속도를 구하는 과정에서 직접 제2코사인법칙을 유도하였습니다. 미래의 스윙바이 기술을 연구하는 동안 스윙바이의 기회가 적다는 점을 보완하기위해 우주에 인공구조물을 설치하여 미세중력을 이용하는 방법을 구상했습니다. 이때 인공구조물은 위치가 변하면 안되기 때문에 중력평형점에 설치해야한다. 중력평형지점인 라그랑주 포인트를 알게됬습니다. 스윙바이는 행성의 중력을 이용해서 적은 연료로 가속, 감속할수있고 방향도 바꿀수있다는 장점이 있지만 행성의 적절한 배치가 필요해서 기회가 적다는 단점이 있다. 분명한 장점과 단점을 가지고 있어서 미래에 발전할 가능성이 높다는것을 느꼈다. (모둠2명) 우주에는 다양한 천체가 존재한다. 이에 흥미를 느껴서 특이한 천체 식변광성, 맥동변광성, 펄서에 대해 탐구했다. 변광성은 시간에 따라 밝기가 변하는 별로 그 원인에 따라 종류가 나뉜다. 그중 식변광성은 두개의 별이 서로 공전하는 쌍성계에서 나타나는 변광성이다. 쌍성의 공전궤도면이 지구 시선과 일치할때 두 별이 서로를 가리면서 밝기가 변한다. 식변광성은 밝기가 변하는 주기가 일정하다. ",,2026-07-18T12:04:51.999Z (학생-자소서),2026-08-03 19:05:08.887429+00
4922767d-ff94-4619-99a2-c4506b072cae,2g6pgsJlna5wAK,2,"(개인)스윙바이에 대해 연구하면서 스윙바이의 원리, 사례, 장단점, 보이저 2호의 스윙바이 전후 속도와 행성의 공전속도로 행성 진입 각도 계산및 궤도 분석하기, 미래의 스윙바이 기술에 대해 연구했다. 스윙바이의 원리에 대해 조사하던중 운동량 보존 법칙을 알게됬고 보이저2호의 스윙바이후 속도를 구하는 과정에서 직접 제2코사인법칙을 유도하였습니다. 미래의 스윙바이 기술을 연구하는 동안 스윙바이의 기회가 적다는 점을 보완하기위해 우주에 인공구조물을 설치하여 미세중력을 이용하는 방법을 구상했습니다. 이때 인공구조물은 위치가 변하면 안되기 때문에 중력평형점에 설치해야한다. 중력평형지점인 라그랑주 포인트를 알게됬습니다. 스윙바이는 행성의 중력을 이용해서 적은 연료로 가속, 감속할수있고 방향도 바꿀수있다는 장점이 있지만 행성의 적절한 배치가 필요해서 기회가 적다는 단점이 있다. 분명한 장점과 단점을 가지고 있어서 미래에 발전할 가능성이 높다는것을 느꼈다. (모둠2명) 우주에는 다양한 천체가 존재한다. 이에 흥미를 느껴서 특이한 천체 식변광성, 맥동변광성, 펄서에 대해 탐구했다. 변광성은 시간에 따라 밝기가 변하는 별로 그 원인에 따라 종류가 나뉜다. 그중 식변광성은 두개의 별이 서로 공전하는 쌍성계에서 나타나는 변광성이다. 쌍성의 공전궤도면이 지구 시선과 일치할때 두 별이 서로를 가리면서 밝기가 변한다. 식변광성은 밝기가 변하는 주기가 일정하다. ",,2026-07-18T13:42:58.000Z (학생-자소서),2026-08-03 19:05:08.887429+00
713e51f6-f7c8-4a34-978b-cec8c72e998a,2g6pgsJlna5wAK,2,"(개인)스윙바이에 대해 연구하면서 스윙바이의 원리, 사례, 장단점, 보이저 2호의 스윙바이 전후 속도와 행성의 공전속도로 행성 진입 각도 계산및 궤도 분석하기, 미래의 스윙바이 기술에 대해 연구했다. 스윙바이의 원리에 대해 조사하던중 운동량 보존 법칙을 알게됬고 보이저2호의 스윙바이후 속도를 구하는 과정에서 직접 제2코사인법칙을 유도하였습니다. 미래의 스윙바이 기술을 연구하는 동안 스윙바이의 기회가 적다는 점을 보완하기위해 우주에 인공구조물을 설치하여 미세중력을 이용하는 방법을 구상했습니다. 이때 인공구조물은 위치가 변하면 안되기 때문에 중력평형점에 설치해야한다. 중력평형지점인 라그랑주 포인트를 알게됬습니다. 스윙바이는 행성의 중력을 이용해서 적은 연료로 가속, 감속할수있고 방향도 바꿀수있다는 장점이 있지만 행성의 적절한 배치가 필요해서 기회가 적다는 단점이 있다. 분명한 장점과 단점을 가지고 있어서 미래에 발전할 가능성이 높다는것을 느꼈다. (모둠2명) 우주에는 다양한 천체가 존재한다. 이에 흥미를 느껴서 특이한 천체 식변광성, 맥동변광성, 펄서에 대해 탐구했다. 변광성은 시간에 따라 밝기가 변하는 별로 그 원인에 따라 종류가 나뉜다. 그중 식변광성은 두개의 별이 서로 공전하는 쌍성계에서 나타나는 변광성이다. 쌍성의 공전궤도면이 지구 시선과 일치할때 두 별이 서로를 가리면서 밝기가 변한다. 식변광성은 밝기가 변하는 주기가 일정하다. ",,2026-07-18T12:03:41.000Z (학생-자소서),2026-08-03 19:05:08.887429+00
8d173696-1345-4bb3-9e53-c5cdc7711662,2g6pgsJlna5wAK,2,"(개인)스윙바이에 대해 연구하면서 스윙바이의 원리, 사례, 장단점, 보이저 2호의 스윙바이 전후 속도와 행성의 공전속도로 행성 진입 각도 계산및 궤도 분석하기, 미래의 스윙바이 기술에 대해 연구했다. 스윙바이의 원리에 대해 조사하던중 운동량 보존 법칙을 알게됬고 보이저2호의 스윙바이후 속도를 구하는 과정에서 직접 제2코사인법칙을 유도하였습니다. 미래의 스윙바이 기술을 연구하는 동안 스윙바이의 기회가 적다는 점을 보완하기위해 우주에 인공구조물을 설치하여 미세중력을 이용하는 방법을 구상했습니다. 이때 인공구조물은 위치가 변하면 안되기 때문에 중력평형점에 설치해야한다. 중력평형지점인 라그랑주 포인트를 알게됬습니다. 스윙바이는 행성의 중력을 이용해서 적은 연료로 가속, 감속할수있고 방향도 바꿀수있다는 장점이 있지만 행성의 적절한 배치가 필요해서 기회가 적다는 단점이 있다. 분명한 장점과 단점을 가지고 있어서 미래에 발전할 가능성이 높다는것을 느꼈다. (모둠2명) 우주에는 다양한 천체가 존재한다. 이에 흥미를 느껴서 특이한 천체 식변광성, 맥동변광성, 펄서에 대해 탐구했다. 변광성은 시간에 따라 밝기가 변하는 별로 그 원인에 따라 종류가 나뉜다. 그중 식변광성은 두개의 별이 서로 공전하는 쌍성계에서 나타나는 변광성이다. 쌍성의 공전궤도면이 지구 시선과 일치할때 두 별이 서로를 가리면서 밝기가 변한다. 식변광성은 밝기가 변하는 주기가 일정하다. ",,2026-07-18T12:03:08.000Z (학생-자소서),2026-08-03 19:05:08.887429+00
850703b1-de4f-44ec-9ea0-2b9cca653c3c,2g6pgsJlna5wAK,2,"스윙바이에 대해 연구하면서 스윙바이의 원리, 사례, 장단점, 보이저 2호의 스윙바이 전후 속도와 행성의 공전속도로 행성 진입 각도 계산및 궤도 분석하기, 미래의 스윙바이 기술에 대해 연구했다. 스윙바이의 원리에 대해 조사하던중 운동량 보존 법칙을 알게됬고 보이저2호의 스윙바이후 속도를 구하는 과정에서 직접 제2코사인법칙을 유도하였습니다. 미래의 스윙바이 기술을 연구하는 동안 스윙바이의 기회가 적다는 점을 보완하기위해 우주에 인공구조물을 설치하여 미세중력을 이용하는 방법을 구상했습니다. 이때 인공구조물은 위치가 변하면 안되기 때문에 중력평형지점인 라그랑주 포인트를 알게됬습니다. 스윙바이는 행성의 중력을 이용해서 적은 연료로 가속, 감속할수있고 방향도 바꿀수있다는 장점이 있지만 행성의 적절한 배치가 필요해서 기회가 적다는 단점이 있다. 분명한 장점과 단점을 가지고 있어서 미래에 발전할 가능성이 높다는것을 느꼈다.",,2026-07-18T11:41:36.000Z (학생-자소서),2026-08-03 19:05:08.887429+00
28b59347-5479-4aad-b367-48fce9956e16,2g6pgsJlna5wAK,2,,"주제1

1) 스위방이후 속돌르 구하는 과정에서 제2 코사인 법칙이 필요한 이유?
2) 스윙바이 설명시 기차로 향하는 공의 충돌후 속도변화 비유방법 그대로 작성
3) 스윙바이에 대한 설명보다 그것을 통해 배운 것에 대한 설명이 더 필요함. 

주제2

1) 맥동 변광성 영상을 만들면서 성장하고 변화한점 작성필요.;
2) 맥동 변광성과 교과과정에서 배우는 부분을 대응시킬필요 있음

주제3. 
제목
전동기의 에나멜선의 피복과 회전관성을 이용한 정류자와 자석 반전을 통한 자기력 원리 탐구

1) 전동기 부분만 사용할 것",2026-08-03T21:24:16.000Z (선생님-피드백),2026-08-03 19:05:08.887429+00
04a70700-86fa-4056-ba9b-8a40f0fca022,2g6pgsJlna5wAK,2,"(개인)스윙바이에 대해 연구하면서 스윙바이의 원리, 사례, 장단점, 보이저 2호의 스윙바이 전후 속도와 행성의 공전속도로 행성 진입 각도 계산및 궤도 분석하기, 미래의 스윙바이 기술에 대해 연구했다. 스윙바이의 원리에 대해 조사하던중 운동량 보존 법칙을 알게됬고 보이저2호의 스윙바이후 속도를 구하는 과정에서 직접 제2코사인법칙을 유도하였습니다. 스윙바이에 대해 발표할때 쉽게 설명하기 위해 달려오는 기차로 향하는 공의 충돌후 속도변화로 비유해서 설명했습니다.미래의 스윙바이 기술을 연구하는 동안 스윙바이의 정확도를 높이기 위해 우주에 인공구조물을 띄워서 미세중력을 이용하는 방법을 구상했습니다. 이때 인공구조물은 위치가 변하면 안되기 때문에 중력평형점에 안착시켜야합니다. 중력평형지점인 라그랑주 포인트를 알게됬습니다. 스윙바이는 행성의 중력을 이용해서 적은 연료로 가속, 감속할수있고 방향도 바꿀수있다는 장점이 있지만 행성의 적절한 배치가 필요해서 기회가 적다는 단점이 있다. 분명한 장점과 단점을 가지고 있어서 미래에 발전할 가능성이 높다는것을 느꼈다. 



(모둠2명) 우주에는 다양한 천체가 존재한다. 이에 흥미를 느껴서 식변광성과 맥동변광성이 밝기가 변하는 이유에 대해 소개하는 영상을 만들었다. 영상내용에 대한 자막과 음성녹음을 했다. 이때 만드는 영상의 길이가 짧아서 근본적인 원리와 핵심내용을 파악하고 반 친구들이 이해하기 쉽게 영상에 사진을 띄웠다.  근본적인 원리는 식변광성은 쌍성계에서 별이 서로를 가리면서 밝기가 변하고 맥동변광성은 별이 팽창, 수축하면서 밝기가 변한다는것이고 핵심 내용은 식변광성의 밝기 주기변화는 공전주기와 같아서 일정하고 맥동변광성의 주기, 광도사이 관계로 주기를 알면 절대등급을 구할 수 있어서 겉보기 등급과 절대등급을 이용해 거리를 측정할 수 있다는것이다.



(개인) 전류가 흐르는 방향에 따른 자기장 변화와 전동기의 구조및 작동원리를 직접 관찰하고 이해하고싶어서 직접 실험해보았습니다. 1번째 실험은 전류의 자기작용을 이해하는 실험이었습니다. 에나멜선을 감아서 고리를 만들고 전류 방향을 바꿔가며 나침반의 변화를 관찰했다. 전류의 방향이 반대로 바뀌면 나침반 방향도 반대로 바뀌었습니다. 이 실험에서 에나멜선 고리에 흐르는 전류에 의한 자기장은 에나멜선 고리의 구멍을 통과하는 방향으로 생겨서 에나멜선 고리를 나침반이 있는 평면에 수직으로 놓아야한다는 사실을 알게되었습니다. 2번째 실험은 전동기를 만들어서 전동기의 원리와 구조를 이해하는 실험입니다. 여기서는 에나멜선고리의 한쪽 끝은 사포로 완전히 갈고 반대쪽 끝은 사포로 반만 갈았습니다. 그리고 건전지의 각 극에 전선을 연결하여 에나멜선의 양쪽 끝에 각각 접촉시킨다음 건전지 위에 네오디뮴자석을 놓았습니다. 이 실험에서는 정류자 장치를 만들 수 없어서 에나멜선 한쪽 끝을 사포로 반만 갈아 반바퀴 회전할때 마다 전류를 차단시켜 회전관성을 이용해 계속 한 방향으로 돌 수 있습니다. 네오디뮴 자석을 뒤집으면 회전 방향이 바뀌는것을 보고 네오디뮴 자석의 자기력선 모양을 추론해보고 사실과 비교해보았습니다. 이론적으로 배운 내용에서는 정류자 장치가 있었고 네오디뮴 자석이 아니라 양쪽에 N,S극 자석을 놓은 모습이었습니다. 여러 요소를 바꿔서 실험하는 과정을 통해 새로운 지식을 알게되었다.",,2026-07-27T19:35:18.999Z (학생-자소서),2026-08-03 19:05:08.887429+00
dd1f99f4-a501-421a-bb9d-8ca783593c5c,2g6pgsJlna5wAK,2,"1,2차방정식은 근의 공식이 있어서 쉽게 풀수있다. 하지만 3차이상의 방정식은 실수범위에서 인수분해가 불가능할때 어떻게 해결할지 궁금해서 고차방정식의 해법에 대해 탐구했다. 3차방정식의 해법은 카르다노의 해법이 있다. 이 해법은 3차방정식을 2차항이 없는 3차방정식을 만든 후 미지수를 서로다른 두개의 미지수 합으로 나타내고 2개의 미지수로 연립방정식을 세워서 해결하는 방법이다. 카르다노의 해법의 원리를 이해하고 직접 유도하면서 매개변수 치환법을 알게되었다. 4차방정식의 해법은 페라리, 오일러, 데카르트의 해법이 있다. 이중 가장 인상깊었던 해법은 오일러의 해법이다. 오일러의 해법은 페라리,데카르트의 해법과 달리 카르다노의 해법을 사용하지 않고 미정계수법을 사용한 풀이다. 오일러의 해법을 탐구하면서 미정계수법을 알게되었다. 5차이상의 방정식은 일반해가 없다는것을 알게되었다. 이것의 증명과정은 내가 잏하기에 어려워서 고등학생때 다시 도전해서 증명할것이다. 3,4차 방정식의 근의공식을 유도해보면서 근이 계수들로 나타내어지는 일반해가 존재한다는것이 직관적으로 이해되지는 않아서 직접 증명과정이 놀라웠다. 이 일을 계기로 배운것을 확장해서 일반해를 유도해보는 태도가 중요하다는것을 느꼈서 나의 태도도 변하게 됬다. 



눈금없는자와 컴퍼스만을 사용해서 도형을 작도하는것이 기하학적인 원리를 완벽히 이해하고있어야만 할 수 있다는 점에서 작도에 관심을 가지게 되었고 여러가지 문제를 풀어보았습니다. 그중 가장 기억에 남는 문제가 있습니다. 문제는 주어진 예각삼각형ABC에서 선분BP=PQ=QC인 AB위의 점P, AC위의 점Q를 작도하는 문제입니다. 저는 이와 비슷한 문제를 회전변환으로 원주각의 크기가 같도록하여 내접사각형을 만들어 작도한 경험이 있어서 비슷한 방법으로 접근했습니다. 삼각형BPQ, CPQ를 각각 선분CQ, BP에 붙여서 P,Q를 두개의 외심으로 만들고 사각형BPQC와 합동인 사각형을 만들어서 풀어보려했지만 실패했습니다. 다른 방법으로는 사각형BPQC를 선분BC의 중점을 중심으로 180도 회전시켜 합동인 사각형BQ'P'C를 만들고 합동인 이등변 삼각형BPQ', 삼각형CQP'과 평행사변형PQP'Q'을 이용해서 작도하려했으나 실패했습니다. 이때 새로운 방법으로 도전해야겠다는 생각이 들었습니다. 먼저 일반성을 잃지않고 선분AB<선분AC라 하고 선분AB=AD인 선분AC위의 점D를 잡았습니다. 왜냐하면 마름모PQCR을 작도하면 점R이 BD위의 점이기 때문입니다. 이후 선분BD위의 임의의 점R'을 잡고 AB, BC와 만나는 원을 그린 다음 닮음으로 점R을 작도하여 문제를 해결할 수 있었습니다. 이 문제가 가장 기억에 남는 이유는 2주이상 매일 고민해서 결국 완벽한게 풀었기 때문입니다. 작도 문제를 풀면서 여러 방법을 구상하고 시도해는 과정이 즐거웠고 이 과정에서 기하 실력이 상승한것이 느껴졌습니다. 작도 문제를 풀면서 수학은 끝까지 고민해야한다는것과 고민하는 과정이 중요하다는것을 배웠습니다. 이때부터 수학 문제는 풀릴때 까지 포기하지않는 자세를 갖게 되었습니다. 





저는 수학을 잘하기 위해 가장 필요한 능력중 하나가 직관이라고 생각합니다. 수학에서의 직관력은 추론을 통해 올바른 증명을 찾아내게 하는 힘입니다. 그래서 저는 문제를 풀때 무작정 식을 세우지 않고 직관으로 풀려고 합니다. 그러다 보면 복잡한 식으로 풀리던 문제가 아이디어로 간단히 증명되곤 한다. 직관으로 푼 문제들중 저의 좋은 아이디어가 담긴 문제가 있습니다. 이 문제는 k가 0이상 n이하인 모든 정수일때 {(n+k)Ck}/2의 k제곱의 합=2의 n제곱임을 증명하라는 문제입니다. 먼저 앞면이 보이는 n+k개의 같은 카드를 일렬로 나열하고  앞의 n개를 A묶음, 뒤의 k개를 B묶음이라고 정의 했습니다. (n+k)Ck= n+k개의 카드에서 k개를 뒤집었을때 가능한 카드 배열(P배열) 경우의 수, 2의 k제곱= n+k개의 카드중 k개를 선택하여 뒤집는데 선택된 카드가 A묶음의 카드라면 뒤집지 않을때 나올 수 있는 카드 배열(Q배열) 경우의수로 해석했습니다. k가 0이상 n이하인 모든 정수이므로 P배열은 Q배열을 포함하고 Q배열의 A묶음 카드는 모두 앞면입니다. 카드는 앞면 또는 뒷면이므로 P배열 경우의 수/Q배열 경우의 수= 2의 n제곱입니다. ",,2026-07-27T19:25:23.000Z (학생-자소서),2026-08-03 19:05:08.887429+00
3e9bd5c5-01ee-465e-bc0f-9de13eb3f141,2g6pgsJlna5wAK,2,"(개인)스윙바이에 대해 연구하면서 스윙바이의 원리, 사례, 장단점, 보이저 2호의 스윙바이 전후 속도와 행성의 공전속도로 행성 진입 각도 계산및 궤도 분석하기, 미래의 스윙바이 기술에 대해 연구했다. 스윙바이의 원리에 대해 조사하던중 운동량 보존 법칙을 알게됬고 보이저2호의 스윙바이후 속도를 구하는 과정에서 직접 제2코사인법칙을 유도하였습니다. 스윙바이에 대해 발표할때 쉽게 설명하기 위해 달려오는 기차로 향하는 공의 충돌후 속도변화로 비유해서 설명했습니다.미래의 스윙바이 기술을 연구하는 동안 스윙바이의 정확도를 높이기 위해 우주에 인공구조물을 띄워서 미세중력을 이용하는 방법을 구상했습니다. 이때 인공구조물은 위치가 변하면 안되기 때문에 중력평형점에 안착시켜야합니다. 중력평형지점인 라그랑주 포인트를 알게됬습니다. 스윙바이는 행성의 중력을 이용해서 적은 연료로 가속, 감속할수있고 방향도 바꿀수있다는 장점이 있지만 행성의 적절한 배치가 필요해서 기회가 적다는 단점이 있다. 분명한 장점과 단점을 가지고 있어서 미래에 발전할 가능성이 높다는것을 느꼈다. 



(모둠2명) 우주에는 다양한 천체가 존재한다. 이에 흥미를 느껴서 식변광성과 맥동변광성이 밝기가 변하는 이유에 대해 소개하는 영상을 만들었다. 영상내용에 대한 자막과 음성녹음을 했다. 이때 만드는 영상의 길이가 짧아서 근본적인 원리와 핵심내용을 파악하고 반 친구들이 이해하기 쉽게 영상에 사진을 띄웠다.  근본적인 원리는 식변광성은 쌍성계에서 별이 서로를 가리면서 밝기가 변하고 맥동변광성은 별이 팽창, 수축하면서 밝기가 변한다는것이고 핵심 내용은 식변광성의 밝기 주기변화는 공전주기와 같아서 일정하고 맥동변광성의 주기, 광도사이 관계로 주기를 알면 절대등급을 구할 수 있어서 겉보기 등급과 절대등급을 이용해 거리를 측정할 수 있다는것이다.



(개인) 전류가 흐르는 방향에 따른 자기장 변화와 전동기의 구조및 작동원리를 직접 관찰하고 이해하고싶어서 직접 실험해보았습니다. 1번째 실험은 전류의 자기작용을 이해하는 실험이었습니다. 에나멜선을 감아서 고리를 만들고 전류 방향을 바꿔가며 나침반의 변화를 관찰했다. 전류의 방향이 반대로 바뀌면 나침반 방향도 반대로 바뀌었습니다. 이 실험에서 에나멜선 고리에 흐르는 전류에 의한 자기장은 에나멜선 고리의 구멍을 통과하는 방향으로 생겨서 에나멜선 고리를 나침반이 있는 평면에 수직으로 놓아야한다는 사실을 알게되었습니다. 2번째 실험은 전동기를 만들어서 전동기의 원리와 구조를 이해하는 실험입니다. 여기서는 에나멜선고리의 한쪽 끝은 사포로 완전히 갈고 반대쪽 끝은 사포로 반만 갈았습니다. 그리고 건전지의 각 극에 전선을 연결하여 에나멜선의 양쪽 끝에 각각 접촉시킨다음 건전지 위에 네오디뮴자석을 놓았습니다. 이 실험에서는 정류자 장치를 만들 수 없어서 에나멜선 한쪽 끝을 사포로 반만 갈아 반바퀴 회전할때 마다 전류를 차단시켜 회전관성을 이용해 계속 한 방향으로 돌 수 있습니다. 네오디뮴 자석을 뒤집으면 회전 방향이 바뀌는것을 보고 네오디뮴 자석의 자기력선 모양을 추론해보고 사실과 비교해보았습니다. 이론적으로 배운 내용에서는 정류자 장치가 있었고 네오디뮴 자석이 아니라 양쪽에 N,S극 자석을 놓은 모습이었습니다. 여러 요소를 바꿔서 실험하는 과정을 통해 새로운 지식을 알게되었다.",,2026-07-27T19:01:55.999Z (학생-자소서),2026-08-03 19:05:08.887429+00
6a837c9d-ba46-4cb8-8eb3-e79cc03f5475,2g6pgsJlna5wAK,2,"(개인)스윙바이에 대해 연구하면서 스윙바이의 원리, 사례, 장단점, 보이저 2호의 스윙바이 전후 속도와 행성의 공전속도로 행성 진입 각도 계산및 궤도 분석하기, 미래의 스윙바이 기술에 대해 연구했다. 스윙바이의 원리에 대해 조사하던중 운동량 보존 법칙을 알게됬고 보이저2호의 스윙바이후 속도를 구하는 과정에서 직접 제2코사인법칙을 유도하였습니다. 스윙바이에 대해 발표할때 쉽게 설명하기 위해 달려오는 기차로 향하는 공의 충돌후 속도변화로 비유해서 설명했습니다.미래의 스윙바이 기술을 연구하는 동안 스윙바이의 정확도를 높이기 위해 우주에 인공구조물을 띄워서 미세중력을 이용하는 방법을 구상했습니다. 이때 인공구조물은 위치가 변하면 안되기 때문에 중력평형점에 안착시켜야합니다. 중력평형지점인 라그랑주 포인트를 알게됬습니다. 스윙바이는 행성의 중력을 이용해서 적은 연료로 가속, 감속할수있고 방향도 바꿀수있다는 장점이 있지만 행성의 적절한 배치가 필요해서 기회가 적다는 단점이 있다. 분명한 장점과 단점을 가지고 있어서 미래에 발전할 가능성이 높다는것을 느꼈다. 



(모둠2명) 우주에는 다양한 천체가 존재한다. 이에 흥미를 느껴서 식변광성과 맥동변광성이 밝기가 변하는 이유에 대해 소개하는 영상을 만들었다. 영상내용에 대한 자막과 음성녹음을 했다. 이때 만드는 영상의 길이가 짧아서 근본적인 원리와 핵심내용을 파악하고 반 친구들이 이해하기 쉽게 영상에 사진을 띄웠다.  근본적인 원리는 식변광성은 쌍성계에서 별이 서로를 가리면서 밝기가 변하고 맥동변광성은 별이 팽창, 수축하면서 밝기가 변한다는것이고 핵심 내용은 식변광성의 밝기 주기변화는 공전주기와 같아서 일정하고 맥동변광성의 주기, 광도사이 관계로 주기를 알면 절대등급을 구할 수 있어서 겉보기 등급과 절대등급을 이용해 거리를 측정할 수 있다는것이다.



(개인) 전류가 흐르는 방향에 따른 자기장 변화와 전동기의 구조및 작동원리를 직접 관찰하고 이해하고싶어서 직접 실험해보았습니다. 1번째 실험은 전류의 자기작용을 이해하는 실험이었습니다. 에나멜선을 감아서 고리를 만들고 전류 방향을 바꿔가며 나침반의 변화를 관찰했다. 전류의 방향이 반대로 바뀌면 나침반 방향도 반대로 바뀌었습니다. 이 실험에서 에나멜선 고리에 흐르는 전류에 의한 자기장은 에나멜선 고리의 구멍을 통과하는 방향으로 생겨서 에나멜선 고리를 나침반이 있는 평면에 수직으로 놓아야한다는 사실을 알게되었습니다. 2번째 실험은 전동기를 만들어서 전동기의 원리와 구조를 이해하는 실험입니다. 여기서는 에나멜선고리의 한쪽 끝은 사포로 완전히 갈고 반대쪽 끝은 사포로 반만 갈았습니다. 그리고 건전지의 각 극에 전선을 연결하여 에나멜선의 양쪽 끝에 각각 접촉시킨다음 건전지 위에 네오디뮴자석을 놓았습니다. 이 실험에서는 정류자 장치를 만들 수 없어서 에나멜선 한쪽 끝을 사포로 반만 갈아 반바퀴 회전할때 마다 전류를 차단시켜 회전관성을 이용해 계속 한 방향으로 돌 수 있습니다. 네오디뮴 자석을 뒤집으면 회전 방향이 바뀌는것을 보고 네오디뮴 자석의 자기력선 모양을 추론해보고 사실과 비교해보았습니다. 이론적으로 배운 내용에서는 정류자 장치가 있었고 네오디뮴 자석이 아니라 양쪽에 N,S극 자석을 놓은 모습이었습니다. 여러 요소를 바꿔서 실험하는 과정을 통해 새로운 지식을 알게되었다.",,2026-07-27T03:13:29.000Z (학생-자소서),2026-08-03 19:05:08.887429+00
3a47ba58-c549-4132-8842-de1a56f047a2,2g6pgsJlna5wAK,2,"(개인)스윙바이에 대해 연구하면서 스윙바이의 원리, 사례, 장단점, 보이저 2호의 스윙바이 전후 속도와 행성의 공전속도로 행성 진입 각도 계산및 궤도 분석하기, 미래의 스윙바이 기술에 대해 연구했다. 스윙바이의 원리에 대해 조사하던중 운동량 보존 법칙을 알게됬고 보이저2호의 스윙바이후 속도를 구하는 과정에서 직접 제2코사인법칙을 유도하였습니다. 스윙바이에 대해 발표할때 쉽게 설명하기 위해 달려오는 기차로 향하는 공의 충돌후 속도변화로 비유해서 설명했습니다.미래의 스윙바이 기술을 연구하는 동안 스윙바이의 정확도를 높이기 위해 우주에 인공구조물을 띄워서 미세중력을 이용하는 방법을 구상했습니다. 이때 인공구조물은 위치가 변하면 안되기 때문에 중력평형점에 안착시켜야합니다. 중력평형지점인 라그랑주 포인트를 알게됬습니다. 스윙바이는 행성의 중력을 이용해서 적은 연료로 가속, 감속할수있고 방향도 바꿀수있다는 장점이 있지만 행성의 적절한 배치가 필요해서 기회가 적다는 단점이 있다. 분명한 장점과 단점을 가지고 있어서 미래에 발전할 가능성이 높다는것을 느꼈다. 



(모둠2명) 우주에는 다양한 천체가 존재한다. 이에 흥미를 느껴서 식변광성과 맥동변광성이 밝기가 변하는 이유에 대해 소개하는 영상을 만들었다. 영상내용에 대한 자막과 음성녹음을 했다. 이때 만드는 영상의 길이가 짧아서 근본적인 원리와 핵심내용을 파악하고 반 친구들이 이해하기 쉽게 영상에 사진을 띄웠다.  근본적인 원리는 식변광성은 쌍성계에서 별이 서로를 가리면서 밝기가 변하고 맥동변광성은 별이 팽창, 수축하면서 밝기가 변한다는것이고 핵심 내용은 식변광성의 밝기 주기변화는 공전주기와 같아서 일정하고 맥동변광성의 주기, 광도사이 관계로 주기를 알면 절대등급을 구할 수 있어서 겉보기 등급과 절대등급을 이용해 거리를 측정할 수 있다는것이다.
",,2026-07-25T13:59:54.000Z (학생-자소서),2026-08-03 19:05:08.887429+00
8cf34f80-7f21-48b1-86d7-823c1a12c493,2g6pgsJlna5wAK,2,"(개인)스윙바이에 대해 연구하면서 스윙바이의 원리, 사례, 장단점, 보이저 2호의 스윙바이 전후 속도와 행성의 공전속도로 행성 진입 각도 계산및 궤도 분석하기, 미래의 스윙바이 기술에 대해 연구했다. 스윙바이의 원리에 대해 조사하던중 운동량 보존 법칙을 알게됬고 보이저2호의 스윙바이후 속도를 구하는 과정에서 직접 제2코사인법칙을 유도하였습니다. 미래의 스윙바이 기술을 연구하는 동안 스윙바이의 기회가 적다는 점을 보완하기위해 우주에 인공구조물을 설치하여 미세중력을 이용하는 방법을 구상했습니다. 이때 인공구조물은 위치가 변하면 안되기 때문에 중력평형점에 설치해야한다. 중력평형지점인 라그랑주 포인트를 알게됬습니다. 스윙바이는 행성의 중력을 이용해서 적은 연료로 가속, 감속할수있고 방향도 바꿀수있다는 장점이 있지만 행성의 적절한 배치가 필요해서 기회가 적다는 단점이 있다. 분명한 장점과 단점을 가지고 있어서 미래에 발전할 가능성이 높다는것을 느꼈다. (모둠2명) 우주에는 다양한 천체가 존재한다. 이에 흥미를 느껴서 특이한 천체 식변광성, 맥동변광성, 펄서에 대해 탐구했다. 변광성은 시간에 따라 밝기가 변하는 별로 그 원인에 따라 종류가 나뉜다. 그중 식변광성은 두개의 별이 서로 공전하는 쌍성계에서 나타나는 변광성이다. 쌍성의 공전궤도면이 지구 시선과 일치할때 두 별이 서로를 가리면서 밝기가 변한다. 식변광성은 밝기가 변하는 주기가 일정하다. ",,2026-07-18T13:59:09.000Z (학생-자소서),2026-08-03 19:05:08.887429+00
02d3e2a2-986a-4b28-b8f6-a5874c6ec1c0,2g6pgsJlna5wAK,2,"(개인)스윙바이에 대해 연구하면서 스윙바이의 원리, 사례, 장단점, 보이저 2호의 스윙바이 전후 속도와 행성의 공전속도로 행성 진입 각도 계산및 궤도 분석하기, 미래의 스윙바이 기술에 대해 연구했다. 스윙바이의 원리에 대해 조사하던중 운동량 보존 법칙을 알게됬고 보이저2호의 스윙바이후 속도를 구하는 과정에서 직접 제2코사인법칙을 유도하였습니다. 스윙바이에 대해 발표할때 쉽게 설명하기 위해 달려오는 기차로 향하는 공의 충돌후 속도변화로 비유해서 설명했습니다.미래의 스윙바이 기술을 연구하는 동안 스윙바이의 정확도를 높이기 위해 우주에 인공구조물을 띄워서 미세중력을 이용하는 방법을 구상했습니다. 이때 인공구조물은 위치가 변하면 안되기 때문에 중력평형점에 안착시켜야합니다. 중력평형지점인 라그랑주 포인트를 알게됬습니다. 스윙바이는 행성의 중력을 이용해서 적은 연료로 가속, 감속할수있고 방향도 바꿀수있다는 장점이 있지만 행성의 적절한 배치가 필요해서 기회가 적다는 단점이 있다. 분명한 장점과 단점을 가지고 있어서 미래에 발전할 가능성이 높다는것을 느꼈다. 



(모둠2명) 우주에는 다양한 천체가 존재한다. 이에 흥미를 느껴서 식변광성과 맥동변광성이 밝기가 변하는 이유에 대해 소개하는 영상을 만들었다. 영상내용에 대한 자막과 음성녹음을 했다. 이때 만드는 영상의 길이가 짧아서 근본적인 원리와 핵심내용을 파악하고 반 친구들이 이해하기 쉽게 영상에 사진을 띄웠다.  근본적인 원리는 식변광성은 쌍성계에서 별이 서로를 가리면서 밝기가 변하고 맥동변광성은 별이 팽창, 수축하면서 밝기가 변한다는것이고 핵심 내용은 식변광성의 밝기 주기변화는 공전주기와 같아서 일정하고 맥동변광성의 주기, 광도사이 관계로 주기를 알면 절대등급을 구할 수 있어서 겉보기 등급과 절대등급을 이용해 거리를 측정할 수 있다는것이다.
",,2026-07-25T13:17:33.999Z (학생-자소서),2026-08-03 19:05:08.887429+00
25a02f0f-d73f-44fd-a193-e9589b57ce6b,2g6pgsJlna5wAK,2,"(개인)스윙바이에 대해 연구하면서 스윙바이의 원리, 사례, 장단점, 보이저 2호의 스윙바이 전후 속도와 행성의 공전속도로 행성 진입 각도 계산및 궤도 분석하기, 미래의 스윙바이 기술에 대해 연구했다. 스윙바이의 원리에 대해 조사하던중 운동량 보존 법칙을 알게됬고 보이저2호의 스윙바이후 속도를 구하는 과정에서 직접 제2코사인법칙을 유도하였습니다. 스윙바이에 대해 발표할때 쉽게 설명하기 위해 달려오는 기차로 향하는 공의 충돌후 속도변화로 비유해서 설명했습니다.미래의 스윙바이 기술을 연구하는 동안 스윙바이의 정확도를 높이기 위해 우주에 인공구조물을 띄워서 미세중력을 이용하는 방법을 구상했습니다. 이때 인공구조물은 위치가 변하면 안되기 때문에 중력평형점에 안착시켜야합니다. 중력평형지점인 라그랑주 포인트를 알게됬습니다. 스윙바이는 행성의 중력을 이용해서 적은 연료로 가속, 감속할수있고 방향도 바꿀수있다는 장점이 있지만 행성의 적절한 배치가 필요해서 기회가 적다는 단점이 있다. 분명한 장점과 단점을 가지고 있어서 미래에 발전할 가능성이 높다는것을 느꼈다. 



(모둠2명) 우주에는 다양한 천체가 존재한다. 이에 흥미를 느껴서 특이한 천체 식변광성, 맥동변광성, 펄서에 대해 탐구했다. 변광성은 시간에 따라 밝기가 변하는 원인에 따라 종류가 나뉜다. 그중 식변광성은 두개의 별이 서로 공전하는 쌍성계에서 나타나는 변광성이다. 쌍성의 공전궤도면이 지구 시선과 일치할때 두 별이 서로를 가리면서 밝기가 변한다. 식변광성은 밝기가 변하는 주기가 일정하다. 맥동변광성은 어떤 이유로 별의 중력과 팽창력이 균형을 이루지 못해서 팽창, 수축을 반복하여 별의 밝기가 변하는 별이다. 맥동변광성의 주기와 광도에는 일정한 관계가 있어서 주기를 알면 별의 절대등급를 구할수있고 겉보기등급을 구해서 거리를 측정할 수 있다.",,2026-07-25T11:03:10.000Z (학생-자소서),2026-08-03 19:05:08.887429+00
aec91604-ca07-4a48-9290-d0185ed8c7e5,2g6pgsJlna5wAK,2,"(개인)스윙바이에 대해 연구하면서 스윙바이의 원리, 사례, 장단점, 보이저 2호의 스윙바이 전후 속도와 행성의 공전속도로 행성 진입 각도 계산및 궤도 분석하기, 미래의 스윙바이 기술에 대해 연구했다. 스윙바이의 원리에 대해 조사하던중 운동량 보존 법칙을 알게됬고 보이저2호의 스윙바이후 속도를 구하는 과정에서 직접 제2코사인법칙을 유도하였습니다. 스윙바이에 대해 발표할때 쉽게 설명하기 위해 달려오는 기차로 향하는 공의 충돌후 속도변화로 비유해서 설명했습니다.미래의 스윙바이 기술을 연구하는 동안 스윙바이의 정확도를 높이기 위해 우주에 인공구조물을 띄워서 미세중력을 이용하는 방법을 구상했습니다. 이때 인공구조물은 위치가 변하면 안되기 때문에 중력평형점에 안착시켜야합니다. 중력평형지점인 라그랑주 포인트를 알게됬습니다. 스윙바이는 행성의 중력을 이용해서 적은 연료로 가속, 감속할수있고 방향도 바꿀수있다는 장점이 있지만 행성의 적절한 배치가 필요해서 기회가 적다는 단점이 있다. 분명한 장점과 단점을 가지고 있어서 미래에 발전할 가능성이 높다는것을 느꼈다. 



(모둠2명) 우주에는 다양한 천체가 존재한다. 이에 흥미를 느껴서 식변광성과 맥동변광성이 밝기가 변하는 이유에 대해 소개하는 영상을 만들었다. 영상내용에 대한 자막과 음성녹음을 했다. 이때 만드는 영상의 길이가 짧아서 근본적인 원리와 핵심내용을 파악하고 반 친구들이 이해하기 쉽게  식변광성은 쌍성계에서 별이 서로를 가리면서 밝기가 변하고 맥동변광성은 별이 팽창, 수축하면서 밝기가 변한다. 
",,2026-07-25T11:42:02.000Z (학생-자소서),2026-08-03 19:05:08.887429+00
1a4cc4dc-3b16-46e0-b695-734e5683c3af,V0xhoiHLP133A,2,"샤프심 슬릿을 이용한 레이저 포인터 파장 측정
(모둠)샤프심을 슬릿으로 이용하고, 레이저 포인터를 통과시켜 형성된 무늬를 측정해 레이저의 파장을 계산하였다. 실험 결과는 약 500 nm로 계산되어 실제 빨간색 레이저 포인터의 파장보다 작게 나타났다. 결과를 분석하는 과정에서 단순한 측정 실수뿐 아니라 샤프심과 레이저 포인터의 간격을 정확하게 측정하기 어려웠던 점, 만들어진 무늬의 길이를 정확히 측정하기 어려웠던 점, 레이저가 슬릿에 완전히 수직으로 입사하지 않았을 가능성, 스크린과의 정렬 상태 등이 오차에 영향을 줄 수 있음을 확인하였다. 이번 활동을 통해 빛의 간섭과 회절 원리를 실제 실험으로 확인할 수 있었으며, 정확한 측정과 실험 장치의 정밀도가 결과의 신뢰성을 높이는 핵심 요소라는 사실을 이해하였다. 앞으로는 오차의 원인을 체계적으로 분석하고 개선하는 탐구 과정을 더욱 중요하게 생각해야겠다고 느꼈다.

같은 몰농도의 탄산수소나트륨과 구연산 수용액 제조와 반응비 측정 및 정량적 화학량론 분석
(모둠)탄산수소 나트륨 0.1몰 수용액과 구연산 1몰 수용액을 제조한 뒤, 두 용액의 양을 달리하여 반응시키고 발생한 이산화탄소의 양을 풍선의 크기로 비교하여 가장 효율적인 반응 비율을 탐구하였다. 실험 결과, 두 물질은 일정한 몰수 비율에서 가장 많은 이산화탄소를 생성하였으며, 이를 통해 화학 반응에서는 반응물의 양보다 화학량론적 비율이 중요함을 이해하였다. 또한 풍선의 둘레를 측정하여 그래프로 분석하고, 이론과 달리 반응물의 양과 용액의 농도를 정확히 맞추기 어려웠던 점, 풍선의 탄성, 기체 누출, 혼합 시간 등의 요인이 오차를 발생시켰음을 분석하였다. 이번 활동을 통해 정확한 측정과 변수 통제가 실험의 신뢰성을 높인다는 점을 배웠으며, 이러한 원리가 베이킹이나 탄산 입욕제 제작처럼 재료를 적절한 비율로 혼합해야 하는 실생활에도 적용됨을 이해하였다.

포물선 운동과 힘의 분리를 활용한 야구공의 운동 분석
(개인)평소 야구를 좋아하며 투수의 투구와 외야수의 송구, 홈런 타구의 궤적이 어떤 원리로 결정되는지 궁금해하였다. 이러한 관심을 바탕으로 포물선 운동을 탐구하며 물체의 이동 거리가 발사각과 힘의 분리에 의해 결정된다는 사실을 이해하였다. 이론적으로는 발사각이 45도일 때 가장 멀리 이동하지만, 실제 실험에서는 공기 저항, 발사 장치의 오차, 측정 오차 등의 영향으로 결과에 차이가 발생함을 확인하였다. 이를 통해 과학에서는 이론뿐 아니라 실제 환경의 다양한 변수를 함께 고려해야 함을 배웠으며, 야구에서도 선수들이 단순히 힘만 사용하는 것이 아니라 발사각과 공의 회전 등을 고려하여 더 멀리 타구를 보내거나 정확한 송구를 한다는 점을 이해하게 되었다. 이러한 탐구를 통해 일상에서 즐기는 스포츠를 과학적으로 분석하는 능력을 기를 수 있었다.",,최신,2026-08-03 19:05:08.887429+00
a6f184cf-c13c-4afd-b8e1-5f28f3e5b729,V0xhoiHLP133A,2,"샤프심 슬릿을 이용한 레이저 포인터 파장 측정
샤프심을 슬릿으로 이용하고, 레이저 포인터를 통과시켜 형성된 무늬를 측정해 레이저의 파장을 계산하였다. 실험 결과는 약 500 nm로 계산되어 실제 빨간색 레이저 포인터의 파장보다 작게 나타났다. 결과를 분석하는 과정에서 단순한 측정 실수뿐 아니라 샤프심과 레이저 포인터의 간격을 정확하게 측정하기 어려웠던 점, 만들어진 무늬의 길이를 정확히 측정하기 어려웠던 점, 레이저가 슬릿에 완전히 수직으로 입사하지 않았을 가능성, 스크린과의 정렬 상태 등이 오차에 영향을 줄 수 있음을 확인하였다. 이번 활동을 통해 빛의 간섭과 회절 원리를 실제 실험으로 확인할 수 있었으며, 정확한 측정과 실험 장치의 정밀도가 결과의 신뢰성을 높이는 핵심 요소라는 사실을 이해하였다. 앞으로는 오차의 원인을 체계적으로 분석하고 개선하는 탐구 과정을 더욱 중요하게 생각해야겠다고 느꼈다.

몰농도를 이용한 탄산수소 나트륨과 구연산의 최적 반응 비율 탐구
탄산수소 나트륨과 구연산을 각각 같은 몰농도의 수용액으로 제조한 뒤, 두 용액의 양을 다양하게 조절하여 반응시켰다. 반응 과정에서 발생한 이산화탄소의 양을 풍선의 크기로 비교하여 가장 많은 기체가 생성되는 반응 비율을 탐구하였다. 실험 결과 탄산수소 나트륨과 구연산은 일정한 몰수 비율에서 가장 효율적으로 반응한다는 것을 확인하였고, 이를 통해 화학 반응에서는 반응물의 양을 무조건 늘리는 것이 아니라 일정한 화학량론적 비율을 맞추는 것이 중요하다는 사실을 이해하였다. 또한 풍선의 크기를 정량적으로 비교하기 위해 둘레를 측정하고 그래프로 나타내어 결과를 분석하였으며, 풍선의 탄성 차이, 기체의 일부 누출, 용액 혼합 시간의 차이, 반응이 완전히 종료되기 전 측정한 점 등이 실험 오차의 원인이 될 수 있음을 분석하였다. 이번 활동을 통해 화학 반응식을 이용한 이론적 계산과 실제 실험 결과를 비교하며 화학량론의 의미를 깊이 이해할 수 있었고, 정확한 측정과 체계적인 변수 통제가 실험의 신뢰성을 높인다는 점을 배울 수 있었다.

",,2026-08-02T23:24:01.000Z (학생-자소서),2026-08-03 19:05:08.887429+00
08b79428-fb58-40a9-a4e5-3e8cd2f83f2f,V0xhoiHLP133A,3,"수학+정보
수열은 규칙을 통해 수의 변화를 표현하는 수학적 도구라고 생각하여 흥미를 느껴 꾸준히 탐구해 왔다. 특히 Python을 활용하여 피보나치 수열을 생성하고 연속한 두 항의 비가 황금비에 수렴하는 과정을 직접 계산하고 시각화하며, 수학적 성질을 스스로 확인하는 탐구를 진행하였다. 이후 점화식의 계수를 변화시키며 수열의 성장 속도와 수렴 양상을 비교·분석하는 과정에서 하나의 점화식도 조건에 따라 전혀 다른 특성을 나타낼 수 있다는 점에 흥미를 느꼈고, 이를 통해 하나의 질문이 또 다른 탐구 주제로 이어지는 연구의 즐거움을 경험하였다. 이러한 탐구를 귀교에서 더욱 심화하고 싶다. 피보나치 수열뿐만 아니라 루카스 수열과 일반화된 점화식을 함께 비교하여 초기값과 점화식의 구조가 수렴 특성에 어떤 영향을 미치는지 탐구하고, Python을 활용해 다양한 조건에서 수열을 모델링하며 공통적인 규칙을 찾아보고자 한다. 더 나아가 이러한 탐구를 정수론과 다양한 수학 분야로 확장하여 스스로 질문을 만들고 해결하는 연구 역량을 키우고, 새로운 수학적 구조와 원리를 탐구하는 수학자로 성장하고 싶다


수학(대수, 정수)
수열의 규칙을 통해 수의 변화를 표현하는 구조(기능)적 특징에 흥미를 느껴 꾸준히 탐구해 왔다. 특히 피보나치 수열을 학습하면서 연속한 두 항의 비가 황금비에 수렴하는 현상에 흥미를 느꼈고, 이러한 현상이 나타나는 이유와 점화식의 구조에 따라 수열의 성질이 어떻게 달라지는지를 탐구하였다. 또한 점화식의 계수를 변화시키며 수열의 성장 특성과 수렴 양상을 비교하는 과정에서 작은 조건의 변화가 수열 전체의 성질에 큰 영향을 미친다는 점을 알게 되었고, 이를 통해 하나의 수열에서도 다양한 연구 주제가 파생(확장)될 수 있음을 깨달았다. 이러한 탐구를 바탕으로 귀교에서는 피보나치 수열을 루카스 수열과 비교하여 서로 다른 초기값을 가지면서도 같은 수렴 특성을 보이는 이유를 탐구하고, 더 나아가 일반화된 점화식에서 나타나는 다양한 수열의 성질과 규칙을 연구해 보고 싶다. 또한 여러 수열 사이의 공통점과 차이점을 분석하며 대수학적, 정수학적 관점에서 수열의 구조를 이해하고, 새로운 규칙을 발견하는 탐구를 이어가고자 한다. 앞으로 이러한 연구를 바탕으로 수열과 점화식을 중심으로 연구하는 대수학자가 되어 수학의 새로운 성질을 밝혀내는 연구를 할 것이다.",,최신,2026-08-03 19:05:08.887429+00
9e6d5eaa-68dd-405a-922d-7fe63e96cd56,V0xhoiHLP133A,4,"1학년부터 같은 학년과 다른 학년 학생들을 대상으로 수학 멘토링을 꾸준히 진행하며 제가 알고 있는 지식을 나누고 함께 성장하기 위해 노력했습니다. 멘티마다 이해하는 속도와 문제푸는데 소요되는 시간이 다르다는 점을 존중하며, 눈높이에 맞춰 여러 방법으로 설명하고 스스로 이해할 때까지 함께 고민했습니다. 예를 들어, 피타고라스 정리의 교과서 내 넓이를 이용한 증명이 어렵다는 멘티에게 넓이를 이용한 증명 대신 삼각형의 닮음을 활용한 다른 증명 방법을 설명하여 이해를 도왔습니다. 이 경험을 통해 상대방을 배려하는 마음은 자신의 기준이 아닌 상대의 입장에서 생각하는 것에서 시작된다는 것을 배웠으며, 지식을 나누고 함께 문제를 해결하는 과정에서 협력의 가치와 서로 존중하며 함께 성장하는 기쁨을 느낄 수 있었습니다.

",,2026-07-20T22:35:18.999Z (학생-자소서),2026-08-03 19:05:08.887429+00
2e9651e2-8639-405c-81d9-d394b838dee9,V0xhoiHLP133A,4,"1학년부터 같은 학년과 다른 학년 학생들을 대상으로 수학 멘토링을 꾸준히 진행하며 제가 알고 있는 지식을 나누고 함께 성장하기 위해 노력했습니다. 멘티마다 이해하는 속도와 문제 푸는 데 걸리 시간이 다르다는 점을 존중하며, 눈높이에 맞춰 여러 방법으로 설명하고 스스로 이해할 때까지 함께 고민했습니다. 예를 들어, 피타고라스 정리의 교과서 내 넓이를 이용한 증명이 어렵다는 멘티에게 넓이를 이용한 증명 대신 삼각형의 닮음을 활용한 다른 증명 방법을 설명하여 이해를 도왔습니다. 이 경험을 통해 상대방을 배려하는 마음은 자신의 기준이 아닌 상대의 입장에서 생각하는 것에서 시작된다는 것을 배웠으며, 지식을 나누고 함께 문제를 해결하는 과정에서 협력의 가치와 서로 존중하며 함께 성장하는 기쁨을 느낄 수 있었습니다.

",,2026-07-20T22:56:02.000Z (학생-자소서),2026-08-03 19:05:08.887429+00
aa05f7d4-2ddc-49e9-8660-bb73ca1dd98e,V0xhoiHLP133A,4,"1학년부터 같은 학년과 다른 학년 학생들을 대상으로 수학 멘토링을 꾸준히 진행하며 제가 알고 있는 지식을 나누고 함께 성장하기 위해 노력했습니다. 멘티마다 이해하는 속도와 문제 푸는 데 걸리 시간이 다르다는 점을 존중하며, 눈높이에 맞춰 여러 방법으로 설명하고 스스로 이해할 때까지 함께 고민했습니다. 예를 들어, 피타고라스 정리의 교과서 내 넓이를 이용한 증명이 어렵다는 멘티에게 넓이를 이용한 증명 대신 삼각형의 닮음을 활용한 다른 증명 방법을 설명하여 이해를 도왔습니다. 이 경험을 통해 상대방을 배려하는 마음은 자신의 기준이 아닌 상대의 입장에서 생각하는 것에서 시작된다는 것을 배웠으며, 지식을 나누고 함께 문제를 해결하는 과정에서 협력의 가치와 서로 존중하며 함께 성장하는 기쁨을 느낄 수 있었습니다.

",,2026-07-23T17:59:49.000Z (학생-자소서),2026-08-03 19:05:08.887429+00
fc1dcba6-843b-4a01-a18b-42148a7b484b,V0xhoiHLP133A,4,"1학년부터 같은 학년과 다른 학년 학생들을 대상으로 수학 멘토링을 꾸준히 진행하며 제가 알고 있는 지식을 나누고 함께 성장하기 위해 노력했습니다. 멘티마다 이해하는 속도와 문제 푸는 데 걸리 시간이 다르다는 점을 존중하며, 눈높이에 맞춰 여러 방법으로 설명하고 스스로 이해할 때까지 함께 고민했습니다. 예를 들어, 피타고라스 정리의 교과서 내 넓이를 이용한 증명이 어렵다는 멘티에게 넓이를 이용한 증명 대신 삼각형의 닮음을 활용한 다른 증명 방법을 설명하여 이해를 도왔습니다. 이 경험을 통해 상대방을 배려하는 마음은 자신의 기준이 아닌 상대의 입장에서 생각하는 것에서 시작된다는 것을 배웠으며, 지식을 나누고 함께 문제를 해결하는 과정에서 협력의 가치와 서로 존중하며 함께 성장하는 기쁨을 느낄 수 있었습니다.

",,최신,2026-08-03 19:05:08.887429+00
c57dde92-b219-46a6-aabd-f70227da8162,V0xhoiHLP133A,4,"1학년부터 같은 학년과 다른 학년 학생들을 대상으로 수학 멘토링을 꾸준히 진행하며 제가 알고 있는 지식을 나누고 함께 성장하기 위해 노력했습니다. 멘티마다 이해하는 속도와 문제 푸는 데 걸리 시간이 다르다는 점을 존중하며, 눈높이에 맞춰 여러 방법으로 설명하고 스스로 이해할 때까지 함께 고민했습니다. 예를 들어, 피타고라스 정리의 교과서 내 넓이를 이용한 증명이 어렵다는 멘티에게 넓이를 이용한 증명 대신 삼각형의 닮음을 활용한 다른 증명 방법을 설명하여 이해를 도왔습니다. 이 경험을 통해 상대방을 배려하는 마음은 자신의 기준이 아닌 상대의 입장에서 생각하는 것에서 시작된다는 것을 배웠으며, 지식을 나누고 함께 문제를 해결하는 과정에서 협력의 가치와 서로 존중하며 함께 성장하는 기쁨을 느낄 수 있었습니다.

",,2026-08-02T23:24:01.000Z (학생-자소서),2026-08-03 19:05:08.887429+00
6bbdbc19-4221-4ac5-b0a5-4a23d05a7c86,2g6pgsJlna5wAK,1,"1,2차방정식은 근의 공식이 있어서 쉽게 풀수있다. 하지만 3차이상의 방정식은 실수범위에서 인수분해가 불가능할때 어떻게 해결할지 궁금해서 고차방정식의 해법에 대해 탐구했다. 3차방정식의 해법은 카르다노의 해법이 있다. 이 해법은 3차방정식을 2차항이 없는 3차방정식을 만든 후 미지수를 서로다른 두개의 미지수 합으로 나타내고 2개의 미지수로 연립방정식을 세워서 해결하는 방법이다. 카르다노의 해법의 원리를 이해하고 직접 유도하면서 매개변수 치환법을 알게되었다. 4차방정식의 해법은 페라리, 오일러, 데카르트의 해법이 있다. 이중 가장 인상깊었던 해법은 오일러의 해법이다. 오일러의 해법은 페라리,데카르트의 해법과 달리 카르다노의 해법을 사용하지 않고 미정계수법을 사용한 풀이다. 오일러의 해법을 탐구하면서 미정계수법을 알게되었다. 5차이상의 방정식은 일반해가 없다는것을 알게되었다. 이것의 증명과정은 내가 잏하기에 어려워서 고등학생때 다시 도전해서 증명할것이다. 3,4차 방정식의 근의공식을 유도해보면서 근이 계수들로 나타내어지는 일반해가 존재한다는것이 직관적으로 이해되지는 않아서 직접 증명과정이 놀라웠다. 이 일을 계기로 배운것을 확장해서 일반해를 유도해보는 태도가 중요하다는것을 느꼈서 나의 태도도 변하게 됬다. 



눈금없는자와 컴퍼스만을 사용해서 도형을 작도하는것이 기하학적인 원리를 완벽히 이해하고있어야만 할 수 있다는 점에서 작도에 관심을 가지게 되었고 여러가지 문제를 풀어보았습니다. 그중 가장 기억에 남는 문제가 있습니다. 문제는 주어진 예각삼각형ABC에서 선분BP=PQ=QC인 AB위의 점P, AC위의 점Q를 작도하는 문제입니다. 저는 이와 비슷한 문제를 회전변환으로 원주각의 크기가 같도록하여 내접사각형을 만들어 작도한 경험이 있어서 비슷한 방법으로 접근했습니다. 삼각형BPQ, CPQ를 각각 선분CQ, BP에 붙여서 P,Q를 두개의 외심으로 만들고 사각형BPQC와 합동인 사각형을 만들어서 풀어보려했지만 실패했습니다. 다른 방법으로는 사각형BPQC를 선분BC의 중점을 중심으로 180도 회전시켜 합동인 사각형BQ'P'C를 만들고 합동인 이등변 삼각형BPQ', 삼각형CQP'과 평행사변형PQP'Q'을 이용해서 작도하려했으나 실패했습니다. 이때 새로운 방법으로 도전해야겠다는 생각이 들었습니다. 먼저 일반성을 잃지않고 선분AB<선분AC라 하고 선분AB=AD인 선분AC위의 점D를 잡았습니다. 왜냐하면 마름모PQCR을 작도하면 점R이 BD위의 점이기 때문입니다. 이후 선분BD위의 임의의 점R'을 잡고 AB, BC와 만나는 원을 그린 다음 닮음으로 점R을 작도하여 문제를 해결할 수 있었습니다. 이 문제가 가장 기억에 남는 이유는 2주이상 매일 고민해서 결국 완벽한게 풀었기 때문입니다. 작도 문제를 풀면서 여러 방법을 구상하고 시도해는 과정이 즐거웠고 이 과정에서 기하 실력이 상승한것이 느껴졌습니다. 작도 문제를 풀면서 수학은 끝까지 고민해야한다는것과 고민하는 과정이 중요하다는것을 배웠습니다. 이때부터 수학 문제는 풀릴때 까지 포기하지않는 자세를 갖게 되었습니다. 






저는 수학을 잘하기 위해 가장 필요한 능력중 하나가 직관이라고 생각합니다. 수학에서의 직관력은 추론을 통해 올바른 증명을 찾아내게 하는 힘입니다. 그래서 저는 문제를 풀때 무작정 식을 세우지 않고 직관으로 풀려고 합니다. 그러다 보면 복잡한 식으로 풀리던 문제가 아이디어로 간단히 증명되곤 한다. 직관으로 푼 문제들중 저의 좋은 아이디어가 담긴 문제가 있습니다. 이 문제는 k가 0이상 n이하인 모든 정수일때 {(n+k)Ck}/2의 k제곱의 합=2의 n제곱임을 증명하라는 문제입니다. 먼저 앞면이 보이는 n+k개의 같은 카드를 일렬로 나열하고  앞의 n개를 A묶음, 뒤의 k개를 B묶음이라고 정의 했습니다. (n+k)Ck= n+k개의 카드에서 k개를 뒤집었을때 가능한 카드 배열(P배열) 경우의 수, 2의 k제곱= n+k개의 카드중 k개를 선택하여 뒤집는데 선택된 카드가 A묶음의 카드라면 뒤집지 않을때 나올 수 있는 카드 배열(Q배열) 경우의수로 해석했습니다. k가 0이상 n이하인 모든 정수이므로 P배열은 Q배열을 포함하고 Q배열의 A묶음 카드는 모두 앞면입니다. 카드는 앞면 또는 뒷면이므로 P배열 경우의 수/Q배열 경우의 수= 2의 n제곱이므로 문제가 증명되었습니다. 문제의 상황을 직관적으로 완벽히 이해하여 대수적인 기술을 전혀 사용하지 않고 간단한 개수세기로 문제를 해결했습니다. 이 경험을 통해 문제를 접근하는 사고방식이 문제의 본질과 구조를 파악하려는 방식으로 변화했습니다. 이러한 사고방식은 수학의 여러 분야에서 저의 성장을 도와주는 역할을 하고있습니다. ",,최신,2026-08-03 19:05:07.810073+00
286854a7-5d95-401a-9d45-fd3028f9b327,2opqZTOFa37VK3v,1,"확률을 주제로 수학신문을 만들어보던 중 몬티홀 딜레마에 대해 알게 되었고, 문을 바꾸는것이 왜 유리한지 어느정도 이해가 되었지만, 이를 정확하게 증명하고 싶어 방법을 탐구하게 되었다. 이 과정에서 조건부확률에 대해 알게 되었고, 이를 이용하여 문을 바꿨을때 경품을 얻을 확률이 그렇지 않을때의 확률보다 높은것을 알게 되었다. 그 후 문의 개수가 늘어나는 등 조건이 바뀔 때는 확률이 어떻게 바뀔지 궁금해졌고 여러 변형에서의 경품을 얻을 확률을 직접 구해보게 되었다. 이 과정에서 직관과 실제가 얼마나 다를 수 있을지를 깨달았고, 여러 변형에서의 확률을 구해보며 단순히 정해진 답 하나만이 아니라 한 원리를 바탕으로 새로운 규칙을 찾아내는 능력을 기르게 되었다.

피타고라스 정리를 배울때 직각삼각형에서 정리가 성립하는것은 증명할 수 있었지만, 반대로 빗변의 길이의 제곱이 나머지 두 변의 길이의 제곱의 합과 같은 세 변이 주어졌을때는 반드시 직각삼각형이 될 지 궁금해져 이에 대해 탐구하게 되었다. 그러던 중 동일법을 이용한 피타고라스 정리의 역 증명법을 알게 되었고, 이 외에 다른 증명방법은 없는지 찾아보면서 탐구하게 되었다. 이 과정에서 귀류법, 좌표평면, 내접원의 반지름 등을 이용한 증명법들을 추가로 알게 되었다. 각 증명법들을 이용해 피타고라스 정리의 역을 직접 증명해보면서 하나의 수학적 사실도 접근 방법에 따라 다양하게 해석될 수 있다는 것을 알게 되었고, 그저 공식을 적용하는것 뿐만 아니라 당연해보이는 명제도 의심해보고 여러 방법으로 증명해보며 문제의 타당성을 의심하고 탐구하는 태도를 기르게 되었다.

여름에 아이스크림을 먹던 중 사각기둥이나 원기둥모양의 아이스크림의 부피는 쉽게 구할 수 있는데 스크류바같이 꼬여있는 기둥모양의 입체도형의 부피는 어떻게 구할 수 있을지가 궁금해졌고, 이를 구할 방법을 찾다가 카발리에리의 원리에 대해 알게 되었다. 이를 이용해 스크류바의 부피를 구할 수 있었고 원기둥, 삼각뿔, 구 등 다른 입체도형의 부피와 구의 겉넓이도 유도해봤다. 학교에서 배운 공식을 단순히 아는 것에서 그치지 않고 직접 유도해보며 왜 이런 공식이 나오는지 확인해볼 수 있어 뜻깊은 경험이었다.",,2026-08-03T11:02:54.000Z (학생-자소서),2026-08-03 19:05:07.810073+00
884dd5d4-128f-4d08-a30d-73a029f8a349,2opqZTOFa37VK3v,1,"확률을 주제로 수학신문을 만들어보던 중 몬티홀 딜레마에 대해 알게 되었고, 문을 바꾸는것이 왜 유리한지 어느정도 이해가 되었지만, 이를 정확하게 증명하고 싶어 방법을 탐구하게 되었다. 이 과정에서 조건부확률에 대해 알게 되었고, 이를 이용하여 문을 바꿨을때 경품을 얻을 확률이 그렇지 않을때의 확률보다 높은것을 알게 되었다. 그 후 문의 개수가 늘어나는 등 조건이 바뀔 때는 확률이 어떻게 바뀔지 궁금해졌고 여러 변형에서의 경품을 얻을 확률을 직접 구해보게 되었다. 이 과정에서 직관과 실제가 얼마나 다를 수 있을지를 깨달았고, 여러 변형에서의 확률을 구해보며 단순히 정해진 답 하나만이 아니라 한 원리를 바탕으로 새로운 규칙을 찾아내는 능력을 기르게 되었다.

피타고라스 정리를 배울때 직각삼각형에서 정리가 성립하는것은 증명할 수 있었지만, 반대로 빗변의 길이의 제곱이 나머지 두 변의 길이의 제곱의 합과 같은 세 변이 주어졌을때는 모두 직각삼각형이 될 지 궁금해져 이에 대해 탐구하게 되었다. 그러던 중 동일법을 이용한 피타고라스 정리의 역 증명법을 알게 되었고, 이 외에 다른 증명방법은 없는지 찾아보면서 탐구하게 되었다. 이 과정에서 귀류법, 좌표평면, 내접원의 반지름 등을 이용한 증명법들을 추가로 알게 되었다.

여름에 아이스크림을 먹던 중 사각기둥이나 원기둥모양의 아이스크림의 부피는 쉽게 구할 수 있는데 스크류바같이 꼬여있는 기둥모양의 입체도형의 부피는 어떻게 구할 수 있을지가 궁금해졌고, 이를 구할 방법을 찾다가 카발리에리의 원리에 대해 알게 되었다. 이를 이용해 스크류바의 부피를 구할 수 있었고 원기둥, 삼각뿔, 구 등 다른 입체도형의 부피와 구의 겉넓이도 유도해봤다. 학교에서 배운 공식을 단순히 아는 것에서 그치지 않고 직접 유도해보며 왜 이런 공식이 나오는지 확인해볼 수 있어 뜻깊은 경험이었다.",,2026-08-03T10:49:57.000Z (학생-자소서),2026-08-03 19:05:07.810073+00
0e90d89f-700b-41c8-99e9-d339b40569c2,2opqZTOFa37VK3v,1,"확률을 주제로 수학신문을 만들어보던 중 몬티홀 딜레마에 대해 알게 되었고, 문을 바꾸는것이 왜 유리한지 어느정도 이해가 되었지만, 이를 정확하게 증명하고 싶어 방법을 탐구하게 되었다. 이 과정에서 조건부확률에 대해 알게 되었고, 이를 이용하여 문을 바꿨을때 경품을 얻을 확률이 그렇지 않을때의 확률보다 높은것을 알게 되었다. 그 후 문의 개수가 늘어나는 등 조건이 바뀔 때는 확률이 어떻게 바뀔지 궁금해졌고 여러 변형에서의 경품을 얻을 확률을 직접 구해보게 되었다. 이 과정에서 직관과 실제가 얼마나 다를 수 있을지를 깨달았고, 여러 변형에서의 확률을 구해보며 단순히 정해진 답 하나만이 아니라 한 원리를 바탕으로 새로운 규칙을 찾아내는 능력을 기르게 되었다.

피타고라스 정리를 배울때 직각삼각형에서 성립하는것은 증명할 수 있었지만, 반대로 조건을 만족하는 세 변이 주어졌을때는 모두 직각삼각형이 될 지 궁금해져 이에 대해 탐구하게 되었다. 

여름에 아이스크림을 먹던 중 사각기둥이나 원기둥모양의 아이스크림의 부피는 쉽게 구할 수 있는데 스크류바같이 꼬여있는 기둥모양의 입체도형의 부피는 어떻게 구할 수 있을지가 궁금해졌고, 이를 구할 방법을 찾다가 카발리에리의 원리에 대해 알게 되었다. 이를 이용해 스크류바의 부피를 구할 수 있었고 구의 부피와 겉넓이도 유도해봤다. 학교에서 배운 공식을 단순히 아는 것에서 그치지 않고 직접 유도해보며 왜 이런 공식이 나오는지 확인해볼 수 있어 뜻깊은 경험이었다.",,2026-08-03T03:22:36.000Z (학생-자소서),2026-08-03 19:05:07.810073+00
492ae0da-bc97-4f4f-8bc9-468ca4cdd94b,2opqZTOFa37VK3v,1,"확률을 주제로 수학신문을 만들어보던 중 몬티홀 딜레마에 대해 알게 되었고, 문을 바꾸는것이 왜 유리한지 어느정도 이해가 되었지만, 이를 정확하게 증명하고 싶어 방법을 탐구하게 되었다. 이 과정에서 조건부확률에 대해 알게 되었고, 이를 이용하여 문을 바꿨을때 경품을 얻을 확률이 그렇지 않을때의 확률보다 높은것을 알게 되었다. 그 후 문의 개수가 늘어나는 등 조건이 바뀔 때는 확률이 어떻게 바뀔지 궁금해졌고 여러 변형에서의 경품을 얻을 확률을 직접 구해보게 되었다. 이 과정에서 직관과 실제가 얼마나 다를 수 있을지를 깨달았고, 여러 변형에서의 확률을 구해보며 단순히 정해진 답 하나만이 아니라 한 원리를 바탕으로 새로운 규칙을 찾아내는 능력을 기르게 되었다.

피타고라스 정리를 배울때 직각삼각형에서 성립하는것은 증명할 수 있었지만, 반대로 조건을 만족하는 세 변이 주어졌을때는 모두 직각삼각형이 될 지 궁금해져 이에 대해 탐구하게 되었다. 

여름에 아이스크림을 먹던 중 사각기둥이나 원기둥모양의 아이스크림의 부피는 쉽게 구할 수 있는데 스크류바같이 꼬여있는 기둥모양의 입체도형의 부피는 어떻게 구할 수 있을지가 궁금해졌고, 이를 구할 방법을 찾다가 카발리에리의 원리에 대해 알게 되었다. 이를 이용해 스크류바의 부피를 구할 수 있었고 구의 부피와 겉넓이도 유도해봤다. 학교에서 배운 공식을 단순히 아는 것에서 그치지 않고 직접 유도해보며 왜 이런 공식이 나오는지 확인해볼 수 있어 뜻깊은 경험이었다.",,2026-08-03T03:08:28.000Z (학생-자소서),2026-08-03 19:05:07.810073+00
5805492f-768a-4b5c-bd23-e58e1f55dfce,2opqZTOFa37VK3v,1,"확률을 주제로 수학신문을 만들어보던 중 몬티홀 딜레마에 대해 알게 되었고, 문을 바꾸는것이 왜 유리한지 어느정도 이해가 되었지만, 이를 정확하게 증명하고 싶어 방법을 탐구하게 되었다. 이 과정에서 조건부확률에 대해 알게 되었고, 이를 이용하여 문을 바꿨을때 경품을 얻을 확률이 그렇지 않을때의 확률보다 높은것을 알게 되었다. 그 후 문의 개수가 늘어나는 등 조건이 바뀔 때는 확률이 어떻게 바뀔지 궁금해졌고 여러 변형에서의 경품을 얻을 확률을 직접 구해보게 되었다. 이 과정에서 직관과 실제가 얼마나 다를 수 있을지를 깨달았고, 여러 변형에서의 확률을 구해보며 단순히 정해진 답 하나만이 아니라 한 원리를 바탕으로 새로운 규칙을 찾아내는 능력을 기르게 되었다.

피타고라스 정리를 배울때 직각삼각형에서 성립하는것은 증명할 수 있었지만, 반대로 조건을 만족하는 세 변이 주어졌을때는 모두 직각삼각형이 될 지 궁금해져 이에 대해 탐구하게 되었다. 

여름에 아이스크림을 먹던 중 사각기둥이나 원기둥모양의 아이스크림의 부피는 쉽게 구할 수 있는데 스크류바같이 꼬여있는 기둥모양의 입체도형의 부피는 어떻게 구할 수 있을지가 궁금해졌고, 이를 구할 방법을 찾다가 카발리에리의 원리에 대해 알게 되었다. 이를 이용해 스크류바의 부피를 구할 수 있었고 구의 부피와 겉넓이도 유도해봤다. 학교에서 배운 공식을 단순히 아는 것에서 그치지 않고 직접 유도해보며 왜 이런 공식이 나오는지 확인해볼 수 있어 뜻깊은 경험이었다.",,2026-08-03T01:58:49.000Z (학생-자소서),2026-08-03 19:05:07.810073+00
a782a257-e1a8-4bb9-bb2d-fc440432ad59,2opqZTOFa37VK3v,1,"확률을 주제로 수학신문을 만들어보던 중 몬티홀 딜레마에 대해 알게 되었고, 문을 바꾸는것이 왜 유리한지 어느정도 이해가 되었지만, 이를 정확하게 증명하고 싶어 방법을 탐구하게 되었다. 이 과정에서 조건부확률에 대해 알게 되었고, 이를 이용하여 문을 바꿨을때 경품을 얻을 확률이 그렇지 않을때의 확률보다 높은것을 알게 되었다. 그 후 문의 개수가 늘어나며 조건이 바뀔 때는 확률이 어떻게 바뀔지 궁금해졌고

피타고라스 정리를 배울때 직각삼각형에서 성립하는것은 증명할 수 있었지만, 반대로 세 변이 주어졌을때 직각임을 어떻게 증명할 수 있을지 궁금해져 증명과정을 탐구하게 되었다.  

여름에 아이스크림을 먹던 중 사각기둥이나 원기둥모양의 아이스크림의 부피는 쉽게 구할 수 있는데 스크류바같이 꼬여있는 기둥모양의 입체도형의 부피는 어떻게 구할 수 있을지가 궁금해졌고, 이를 구할 방법을 찾다가 카발리에리의 원리에 대해 알게 되었다. 이를 이용해 스크류바의 부피를 구할 수 있었고 구의 부피와 겉넓이도 유도해봤다. 학교에서 배운 공식을 단순히 아는 것에서 그치지 않고 직접 유도해보며 왜 이런 공식이 나오는지 확인해볼 수 있어 뜻깊은 경험이었다.",,2026-08-03T01:08:40.000Z (학생-자소서),2026-08-03 19:05:07.810073+00
6c90f31c-9dd4-4417-9cf9-100e0270aba1,2opqZTOFa37VK3v,1,"확률을 주제로 수학신문을 만들어보던 중 몬티홀 딜레마에 대해 알게 되었고, 문을 바꾸는것이 왜 유리한지 어느정도 이해가 되었지만, 이를 정확하게 증명하고 싶어 방법을 탐구하게 되었다. 이 과정에서 조건부확률에 대해 알게 되었고,

학교에서 작도에 대해 배울 때 자를 챙겨오지 않아 작도를 못하겠다고 말한 친구가 있었는데, 그 말을 듣고 작도를 할 때 꼭 자와 컴퍼스 둘 다 필요한지 의문이 생겨 찾아보았다. 그러던 중 자와 컴퍼스 중 하나만을 사용하여 작도를 하는 결손작도에 대해 알게 되었고, 직접 결손작도로 평행선을 작도해보았다. 

여름에 아이스크림을 먹던 중 사각기둥이나 원기둥모양의 아이스크림의 부피는 쉽게 구할 수 있는데 스크류바같이 꼬여있는 기둥모양의 입체도형의 부피는 어떻게 구할 수 있을지가 궁금해졌고, 이를 구할 방법을 찾다가 카발리에리의 원리에 대해 알게 되었다. 이를 이용해 스크류바의 부피를 구할 수 있었고 원기둥,삼각기둥 등의 다른 입체도형의 부피도 유도해봤다. 학교에서 배운 공식을 단순히 아는 것에서 그치지 않고 직접 유도해보며 왜 이런 공식이 나오는지 확인해볼 수 있어 뜻깊은 경험이었다.",,2026-07-31T11:27:39.000Z (학생-자소서),2026-08-03 19:05:07.810073+00
9f34d844-906a-4c4b-a46a-2f3429908e8b,2opqZTOFa37VK3v,1,"확률을 주제로 수학신문을 만들어보던 중 몬티홀 딜레마에 대해 알게 되었고, 문을 바꾸는것이 왜 유리한지 어느정도 이해가 되었지만, 이를 정확하게 증명하고 싶어 방법을 탐구하게 되었다. 이 과정에서 조건부확률에 대해 알게 되었고,

학교에서 작도에 대해 배울 때 자를 챙겨오지 않아 작도를 못하겠다고 말한 친구가 있었는데, 그 말을 듣고 작도를 할 때 꼭 자와 컴퍼스 둘 다 필요한지 의문이 생겨 찾아보았다. 그러던 중 자와 컴퍼스 중 하나만을 사용하여 작도를 하는 결손작도에 대해 알게 되었고, 직접 결손작도로 평행선을 작도해보았다. 

여름에 아이스크림을 먹던 중 사각기둥이나 원기둥모양의 아이스크림의 부피는 쉽게 구할 수 있는데 스크류바같이 꼬여있는 기둥모양의 입체도형의 부피는 어떻게 구할 수 있을지가 궁금해졌고, 이를 구할 방법을 찾다가 카발리에리의 원리에 대해 알게 되었다. 이를 이용해 스크류바의 부피를 구할 수 있었고 원기둥,삼각기둥 등의 다른 입체도형의 부피도 유도해봤다. 학교에서 배운 공식을 단순히 아는 것에서 그치지 않고 직접 유도해보며 왜 이런 공식이 나오는지 확인해볼 수 있어 뜻깊은 경험이었다.",,2026-07-31T10:59:32.000Z (학생-자소서),2026-08-03 19:05:07.810073+00
559b4a4d-4116-4114-b24c-5bfb4008ed0f,2opqZTOFa37VK3v,1,"확률을 주제로 수학신문을 만들어보던 중 몬티홀 딜레마에 대해 알게 되었고, 문을 바꾸는것이 왜 유리한지 어느정도 이해가 되었지만, 이를 정확하게 증명하고 싶어 방법을 탐구하게 되었다. 이 과정에서 조건부확률에 대해 알게 되었고,

학교에서 작도에 대해 배울 때 자를 챙겨오지 않아 작도를 못하겠다고 말한 친구가 있었는데, 그 말을 듣고 작도를 할 때 꼭 자와 컴퍼스 둘 다 필요한지 의문이 생겨 찾아보았다. 그러던 중 자와 컴퍼스 중 하나만을 사용하여 작도를 하는 결손작도에 대해 알게 되었고, 직접 결손작도로 평행선을 작도해보았다. 

여름에 아이스크림을 먹던 중 사각기둥이나 원기둥모양의 아이스크림의 부피는 쉽게 구할 수 있는데 스크류바같이 꼬여있는 기둥모양의 입체도형의 부피는 어떻게 구할 수 있을지가 궁금해졌고, 이를 구할 방법을 찾다가 카발리에리의 원리에 대해 알게 되었다. 이를 이용해 스크류바의 부피를 구할 수 있었고 원기둥,삼각기둥 등의 다른 입체도형의 부피도 유도해봤다. 학교에서 배운 공식을 단순히 아는 것에서 그치지 않고 직접 유도해보며 왜 이런 공식이 나오는지 확인해볼 수 있어 뜻깊은 경험이었다.",,2026-07-27T20:00:00.999Z (학생-자소서),2026-08-03 19:05:07.810073+00
869519f4-87d7-4164-b278-a78ebbdcaba9,2opqZTOFa37VK3v,1,"확률을 주제로 수학신문을 만들어보던 중 몬티홀 딜레마에 대해 알게 되었고, 문을 바꾸는것이 왜 유리한지 어느정도 이해가 되었지만, 이를 정확하게 증명하고 싶어 방법을 탐구하게 되었다. 이 과정에서 조건부확률에 대해 알게 되었고,

피타고라스 정리에 대해 배운 뒤 직각삼각형에서 성립하는것은 쉽게 증명하였으나 반대로 세 변의 길이가 주어졌을때 어떻게 직각임을 증명할 수 있을지에 대해 알고 싶어 방법을 탐구하게 되었다. 

여름에 아이스크림을 먹던 중 사각기둥이나 원기둥모양의 아이스크림의 부피는 쉽게 구할 수 있는데 스크류바같이 꼬여있는 기둥모양의 입체도형의 부피는 어떻게 구할 수 있을지가 궁금해졌고, 이를 구할 방법을 찾다가 카발리에리의 원리에 대해 알게 되었다. 이를 이용해 스크류바의 부피를 구할 수 있었고 원기둥,삼각기둥 등의 다른 입체도형의 부피도 유도해봤다. 학교에서 배운 공식을 단순히 아는 것에서 그치지 않고 직접 유도해보며 왜 이런 공식이 나오는지 확인해볼 수 있어 뜻깊은 경험이었다.",,2026-07-27T19:41:18.000Z (학생-자소서),2026-08-03 19:05:07.810073+00
88d4397d-eb65-40e7-908c-0bf1a53b0efa,2opqZTOFa37VK3v,1,"몬티홀 딜레마에 대해 알게 되었고, 문을 바꾸는것이 왜 유리한지 어느정도 이해가 되었지만, 이를 정확하게 증명하고 싶어 방법을 탐구하게 되었다. 

피타고라스 정리에 대해 배운 뒤 직각삼각형에서 성립하는것은 쉽게 증명하였으나 반대로 세 변의 길이가 주어졌을때 어떻게 직각임을 증명할 수 있을지에 대해 알고 싶어 방법을 탐구하게 되었다.

여름에 아이스크림을 먹던 중 스크류바같이 꼬여있는 기둥모양의 입체도형의 부피는 어떻게 구할 수 있을지가 궁금해졌고, 이를 구할 방법을 찾다가 카발리에리의 원리에 대해 알게 되었다. 스크류바는 축을 중심으로 단면이 돌면서 위로 올라가는 구조인데, 카발리에리의 원리에 따르면 스크류바의 구조와 단면을 회전시키지 않고 위로 쌓아올린 구조는 한 평면에 평행하게 자른 단면의 넓이가 모두 같으므로 두 입체도형의 부피가 같다는 것을 알아냈다. 이를 이용해 스크류바의 부피를 구하려 했으나 스크류바의 단면적을 구하지 못하는 문제가 발생했는데, ",,2026-07-25T13:58:42.000Z (학생-자소서),2026-08-03 19:05:07.810073+00
8c8c0214-fbde-4678-9174-10fc30e51d81,2opqZTOFa37VK3v,1,"확률을 주제로 수학신문을 만들어보던 중 몬티홀 딜레마에 대해 알게 되었고, 문을 바꾸는것이 왜 유리한지 어느정도 이해가 되었지만, 이를 정확하게 증명하고 싶어 방법을 탐구하게 되었다. 이 과정에서 조건부확률에 대해 알게 되었고, 이를 이용하여 문을 바꿨을때 경품을 얻을 확률이 그렇지 않을때의 확률보다 높은것을 알게 되었다. 그 후 문의 개수가 늘어나는 등 조건이 바뀔 때는 확률이 어떻게 바뀔지 궁금해졌고 여러 변형에서의 경품을 얻을 확률을 직접 구해보게 되었다. 이 과정에서 직관과 실제가 얼마나 다를 수 있을지를 깨달았고, 여러 변형에서의 확률을 구해보며 단순히 정해진 답 하나만이 아니라 한 원리를 바탕으로 새로운 규칙을 찾아내는 능력을 기르게 되었다.

피타고라스 정리를 배울때 직각삼각형에서 정리가 성립하는것은 증명할 수 있었지만, 반대로 빗변의 길이의 제곱이 나머지 두 변의 길이의 제곱의 합과 같은 세 변이 주어졌을때는 반드시 직각삼각형이 될 지 궁금해져 이에 대해 탐구하게 되었다. 그러던 중 동일법을 이용한 피타고라스 정리의 역 증명법을 알게 되었고, 이 외에 다른 증명방법은 없는지 찾아보면서 탐구하게 되었다. 이 과정에서 귀류법, 좌표평면, 내접원의 반지름 등을 이용한 증명법들을 추가로 알게 되었다. 각 증명법들을 이용해 피타고라스 정리의 역을 직접 증명해보면서 하나의 수학적 사실도 접근 방법에 따라 다양하게 해석될 수 있다는 것을 알게 되었고, 그저 공식을 적용하는것 뿐만 아니라 당연해보이는 명제도 의심해보고 여러 방법으로 증명해보며 문제의 타당성을 의심하고 탐구하는 태도를 기르게 되었다.

여름에 아이스크림을 먹던 중 사각기둥이나 원기둥모양의 아이스크림의 부피는 쉽게 구할 수 있는데 스크류바같이 꼬여있는 기둥모양의 입체도형의 부피는 어떻게 구할 수 있을지가 궁금해졌고, 이를 구할 방법을 찾다가 카발리에리의 원리에 대해 알게 되었다. 이를 이용해 스크류바의 부피를 구할 수 있었고 원기둥, 삼각뿔, 구 등 다른 입체도형의 부피와 구의 겉넓이도 유도해봤다. 학교에서 배운 공식을 단순히 아는 것에서 그치지 않고 직접 유도해보며 왜 이런 공식이 나오는지 확인해볼 수 있어 뜻깊은 경험이었다.",,최신,2026-08-03 19:05:07.810073+00
f4539caa-665d-40bc-9b1b-ec7defe7fd52,2opqZTOFa37VK3v,1,"몬티홀 딜레마
피타고라스 정리의 반대를 어떻게 증명할 수 있을 지 고민을 해봤고,",,2026-07-25T10:46:09.000Z (학생-자소서),2026-08-03 19:05:07.810073+00
d5a7d2a6-1f55-4f07-9a88-383a5706515f,2opqZTOFa37VK3v,1,"몬티홀 딜레마에 대해 알게 되었고, 문을 바꾸는것이 왜 유리한지 어느정도 이해가 되었지만, 이를 정확하게 증명하고 싶어 방법을 탐구하게 되었다. 

피타고라스 정리에 대해 배운 뒤 직각삼각형에서 성립하는것은 쉽게 증명하였으나 반대로 세 변의 길이가 주어졌을때 어떻게 직각임을 증명할 수 있을지에 대해 알고 싶어 방법을 탐구하게 되었다.

여름에 아이스크림을 먹던 중 스크류바같이 꼬여있는 기둥모양의 입체도형의 부피는 어떻게 구할 수 있을지가 궁금해졌고, 이를 구할 방법을 찾다가 카발리에리의 원리에 대해 알게 되었다. 스크류바는 축을 중심으로 단면이 돌면서 위로 올라가는 구조인데, 카발리에리의 원리에 따르면 스크류바의 구조와 단면을 회전시키지 않고 위로 쌓아올린 구조는 ",,2026-07-25T13:43:17.999Z (학생-자소서),2026-08-03 19:05:07.810073+00
edde825d-8187-4bf3-893f-1bc24f8ab66c,2opqZTOFa37VK3v,1,"몬티홀 딜레마
피타고라스 정리의 반대를 어떻게 증명할 수 있을 지 고민을 해봤고,",,2026-07-18T13:59:30.999Z (학생-자소서),2026-08-03 19:05:07.810073+00
189bb755-058b-41b6-8b7d-f2157e32845f,2opqZTOFa37VK3v,1,"확률을 주제로 수학신문을 만들어보던 중 몬티홀 딜레마에 대해 알게 되었고, 문을 바꾸는것이 왜 유리한지 어느정도 이해가 되었지만, 이를 정확하게 증명하고 싶어 방법을 탐구하게 되었다. 이 과정에서 조건부확률에 대해 알게 되었고, 이를 이용하여 문을 바꿨을때 경품을 얻을 확률이 그렇지 않을때의 확률보다 높은것을 알게 되었다. 그 후 문의 개수가 늘어나는 등 조건이 바뀔 때는 확률이 어떻게 바뀔지 궁금해졌고 여러 변형에서의 경품을 얻을 확률을 직접 구해보게 되었다. 이 과정에서 직관과 실제가 얼마나 다를 수 있을지를 깨달았고, 여러 변형에서의 확률을 구해보며 단순히 정해진 답 하나만이 아니라 한 원리를 바탕으로 새로운 규칙을 찾아내는 능력을 기르게 되었다.

피타고라스 정리를 배울때 직각삼각형에서 정리가 성립하는것은 증명할 수 있었지만, 반대로 빗변의 길이의 제곱이 나머지 두 변의 길이의 제곱의 합과 같은 세 변이 주어졌을때는 모두 직각삼각형이 될 지 궁금해져 이에 대해 탐구하게 되었다. 그러던 중 동일법을 이용한 피타고라스 정리의 역 증명법을 알게 되었고, 이 외에 다른 증명방법은 없는지 찾아보면서 탐구하게 되었다. 이 과정에서 귀류법, 좌표평면, 내접원의 반지름 등을 이용한 증명법들을 추가로 알게 되었다. 각 증명법들을 이용해 피타고라스 정리의 역을 직접 증명해보면서 하나의 수학적 사실도 접근 방법에 따라 다양하게 해석될 수 있다는 것을 알게 되었고, 그저 공식을 적용하는것 뿐만 아니라 어쩌면 당연해보이는 정리의 역을 의심해보고 여러 방법으로 증명해보며 문제의 타당성을 스스로 의심하고 질문해보는 태도를 기르게 되었다.

여름에 아이스크림을 먹던 중 사각기둥이나 원기둥모양의 아이스크림의 부피는 쉽게 구할 수 있는데 스크류바같이 꼬여있는 기둥모양의 입체도형의 부피는 어떻게 구할 수 있을지가 궁금해졌고, 이를 구할 방법을 찾다가 카발리에리의 원리에 대해 알게 되었다. 이를 이용해 스크류바의 부피를 구할 수 있었고 원기둥, 삼각뿔, 구 등 다른 입체도형의 부피와 구의 겉넓이도 유도해봤다. 학교에서 배운 공식을 단순히 아는 것에서 그치지 않고 직접 유도해보며 왜 이런 공식이 나오는지 확인해볼 수 있어 뜻깊은 경험이었다.",,2026-08-03T11:00:27.000Z (학생-자소서),2026-08-03 19:05:07.810073+00
9298b9f1-09fb-427f-86aa-64d53c048f21,2g6pgsJlna5wAK,2,"스윙바이에 대해 연구하면서 스윙바이의 원리, 사례, 장단점, 보이저 2호의 스윙바이 전후 속도와 행성의 공전속도로 행성 진입 각도 계산및 궤도 분석하기, 미래의 스윙바이 기술에 대해 연구했다. 스윙바이의 원리에 대해 조사하던중 운동량 보존 법칙을 알게됬고 ",,2026-07-18T11:25:57.000Z (학생-자소서),2026-08-03 19:05:07.810073+00
5581da79-c91a-4bf2-a430-89d980a67a82,2g6pgsJlna5wAK,2,"(개인)스윙바이에 대해 연구하면서 스윙바이의 원리, 사례, 장단점, 보이저 2호의 스윙바이 전후 속도와 행성의 공전속도로 행성 진입 각도 계산및 궤도 분석하기, 미래의 스윙바이 기술에 대해 연구했다. 스윙바이의 원리에 대해 조사하던중 운동량 보존 법칙을 알게됬고 보이저2호의 스윙바이후 속도를 구하는 과정에서 직접 제2코사인법칙을 유도하였습니다. 스윙바이에 대해 발표할때 쉽게 설명하기 위해 달려오는 기차로 향하는 공의 충돌후 속도변화로 비유해서 설명했습니다.미래의 스윙바이 기술을 연구하는 동안 스윙바이의 정확도를 높이기 위해 우주에 인공구조물을 띄워서 미세중력을 이용하는 방법을 구상했습니다. 이때 인공구조물은 위치가 변하면 안되기 때문에 중력평형점에 안착시켜야합니다. 중력평형지점인 라그랑주 포인트를 알게됬습니다. 스윙바이는 행성의 중력을 이용해서 적은 연료로 가속, 감속할수있고 방향도 바꿀수있다는 장점이 있지만 행성의 적절한 배치가 필요해서 기회가 적다는 단점이 있다. 분명한 장점과 단점을 가지고 있어서 미래에 발전할 가능성이 높다는것을 느꼈다. 



(모둠2명) 우주에는 다양한 천체가 존재한다. 이에 흥미를 느껴서 식변광성과 맥동변광성이 밝기가 변하는 이유에 대해 소개하는 영상을 만들었다. 영상내용에 대한 자막과 음성녹음을 했다. 이때 만드는 영상의 길이가 짧아서 근본적인 원리와 핵심내용을 파악하고 반 친구들이 이해하기 쉽게 영상에 사진을 띄웠다.  근본적인 원리는 식변광성은 쌍성계에서 별이 서로를 가리면서 밝기가 변하고 맥동변광성은 별이 팽창, 수축하면서 밝기가 변한다는것이고 핵심 내용은 식변광성의 밝기 주기변화는 공전주기와 같아서 일정하고 맥동변광성의 주기, 광도사이 관계로 주기를 알면 절대등급을 구할 수 있어서 겉보기 등급과 절대등급을 이용해 거리를 측정할 수 있다는것이다.



(개인) 전류가 흐르는 방향에 따른 자기장 변화와 전동기의 구조및 작동원리를 직접 관찰하고 이해하고싶어서 직접 실험해보았습니다. 1번째 실험은 전류의 자기작용을 이해하는 실험이었습니다. 에나멜선을 감아서 고리를 만들고 전류 방향을 바꿔가며 나침반의 변화를 관찰했다. 전류의 방향이 반대로 바뀌면 나침반 방향도 반대로 바뀌었습니다. 이 실험에서 에나멜선 고리에 흐르는 전류에 의한 자기장은 에나멜선 고리의 구멍을 통과하는 방향으로 생겨서 에나멜선 고리를 나침반이 있는 평면에 수직으로 놓아야한다는 사실을 알게되었습니다. 2번째 실험은 전동기를 만들어서 전동기의 원리와 구조를 이해하는 실험입니다. 여기서는 에나멜선고리의 한쪽 끝은 사포로 완전히 갈고 반대쪽 끝은 사포로 반만 갈았습니다. 그리고 건전지의 각 극에 전선을 연결하여 에나멜선의 양쪽 끝에 각각 접촉시킨다음 건전지 위에 네오디뮴자석을 놓았습니다. 이 실험에서는 정류자 장치를 만들 수 없어서 에나멜선 한쪽 끝을 사포로 반만 갈아 반바퀴 회전할때 마다 전류를 차단시켜 회전관성을 이용해 계속 한 방향으로 돌 수 있습니다. 네오디뮴 자석을 뒤집으면 회전 방향이 바뀌는것을 보고 네오디뮴 자석의 자기력선 모양을 추론해보고 사실과 비교해보았습니다. 이론적으로 배운 내용에서는 정류자 장치가 있었고 네오디뮴 자석이 아니라 양쪽에 N,S극 자석을 놓은 모습이었습니다. 여러 요소를 바꿔서 실험하는 과정을 통해 새로운 지식을 알게되었다.","주제1

1) 스위방이후 속돌르 구하는 과정에서 제2 코사인 법칙이 필요한 이유?
2) 스윙바이 설명시 기차로 향하는 공의 충돌후 속도변화 비유방법 그대로 작성
3) 스윙바이에 대한 설명보다 그것을 통해 배운 것에 대한 설명이 더 필요함. 

주제2

1) 맥동 변광성 영상을 만들면서 성장하고 변화한점 작성필요.;
2) 맥동 변광성과 교과과정에서 배우는 부분을 대응시킬필요 있음

주제3. 
제목
전동기의 에나멜선의 피복과 회전관성을 이용한 정류자와 자석 반전을 통한 자기력 원리 탐구

1) 전동기 부분만 사용할 것",최신,2026-08-03 19:05:07.810073+00
1f8bd35d-ccad-4991-8824-4357cb59262a,2opqZTOFa37VK3v,2,"평소 텀블러를 두고 공부하다가 텀블러에 맻힌 물방울이 책상에 떨어져 책에 물이 묻거나 텀블러가 미끄러져 물을 종종 엎질러 불편을 겪게 되었고, 이를 해결하기 위해 잘 엎질러지지 않고 물방울로 인해 바닥이 젖지 않는 컵홀더를 만들 계획을 하게 되었다. 컵홀더가 미끄러지지 않게 하기 위해 바닥면에 고무패드를 붙이고, 물방울이 책상 등에 떨어지지 않도록 컵홀더 바닥면에 홈을 파고 그 안에 스펀지를 넣은 뒤 탈부착 가능하게 설계하여 물방울이 컵홀더 바닥에 고이게 하고, 고인 물을 쉽게 버릴 수 있도록 하였다. 이렇게 일상 속의 불편함을 해결할 방법을 고민하면서 아주 기초적이고 간단한 원리로도 유용한 것들을 만들 수 있다는 깨달음을 얻었다.
구슬이 경사로를 따라 이동하다가 가장 늦게 떨어지게 하기 위해 구슬이 한 경사로에 오래 머물게 하고, 구슬의 이동거리가 길어지도록 길을 설계할 방법을 동료 1명과 함께 고민하게 되었다. 처음에는 경사로를 일자로 쭉 띄엄띄엄 설치하여 구슬이 틈새를 거치며 속력이 느려지도록 설계하였는데, 시험삼아 구슬을 굴려보니 구슬이 틈에 걸려 멈춰버리거나 경로 밖으로 튀어나가는 문제가 발생했다. 이로 인해 다른 방법을 고민하던 중 차지하는 공간에 비해 길이가 매우 긴 소장의 구조를 떠올리게 되었고, 이를 응용하여 경사가 완만하고 구불구불한 구조로 경사로를 설계하게 되었다. 이 과정에서 설치할 경사로가 모자라는 문제가 발생했는데 동료가 경사로를 고정하는 이쑤시개를 활용하자 재안했고, 이를 수용하여 테이프로 붙인 이쑤시개 두 줄을 레일처럼 만들어 경사로에 덧대는 식으로 문제를 해결했으며 최종적으로 구슬을 굴려봤더니 구슬이 A3용지 정도 크기의 공간에서 50초가 넘도록 머무르다 떨어지게 되었다. 이 과정에서 아이디어를 공유하며 부족한 점을 보완해나가는 협동의 중요성을 다시 한번 깨달았고, 소장의 구조를 응용하여 좋은 결과를 얻게 된 경험을 바탕으로 생명공학에 관심을 갖게 되었다.
<이기적 유전자>를 읽고 자신의 복제만을 위해 존재하는 ""이기적 유전자""에 대해 흥미가 생겼다. 이기적 유전자 중 세포의 생존을 신경쓰지 않고 자신의 복제에만 신경쓰며 그 과정에서 DNA를 망가뜨리는 트랜스포존에 대해 알게 되었고, 세포들이 어떻게 이러한 유전자의 무분별한 발현을 제어하는지 궁금해져 관련 내용을 찾아보다가 RNA 간섭에 대해 알게 되었다. 이를 통해 세포가 특정 RNA를 분해하여 기능을 못하게 만든다는 사실을 알게 되었고, RNA 간섭의 활용 사례로 코로나와 같은 바이러스의 백신 제작에도 쓰인다는 것을 알게 되어 바이오의약품연구원이라는 꿈을 가지게 되었다.",,2026-07-27T19:41:18.000Z (학생-자소서),2026-08-03 19:05:07.810073+00
51413721-5a6c-44cb-ae4e-ec54e6158295,2opqZTOFa37VK3v,2,"평소 텀블러를 두고 공부하다가 텀블러에 맻힌 물방울이 책상에 떨어져 책에 물이 묻거나 텀블러가 미끄러져 물을 종종 엎질러 불편을 겪게 되었고, 이를 해결하기 위해 잘 엎질러지지 않고 물방울로 인해 바닥이 젖지 않는 컵홀더를 만들 계획을 하게 되었다. 컵홀더가 미끄러지지 않게 하기 위해 바닥면에 고무패드를 붙이고, 물방울이 책상 등에 떨어지지 않도록 컵홀더 바닥면에 홈을 파고 탈부착 가능하게 설계하여 물방울이 컵홀더 바닥에 고이게 하고, 고인 물을 쉽게 버릴 수 있도록 하였다. 이렇게 일상 속의 불편함을 해결할 방법을 고민하면서 
<이기적 유전자>를 읽고 
RNA 간섭",,2026-07-25T10:46:09.000Z (학생-자소서),2026-08-03 19:05:07.810073+00
c0964ec9-7120-44c0-a222-5d71bbef8f09,2opqZTOFa37VK3v,2,"평소 텀블러를 두고 공부하다가 텀블러에 맻힌 물방울이 책상에 떨어져 책에 물이 묻거나 텀블러가 미끄러져 물을 종종 엎질러 불편을 겪게 되었고, 이를 해결하기 위해 잘 엎질러지지 않고 물방울로 인해 바닥이 젖지 않는 컵홀더를 만들 계획을 하게 되었다. 컵홀더가 미끄러지지 않게 하기 위해 바닥면에 높은 마찰계수를 가진 고무패드를 붙여 바닥과 컵홀더 사이의 마찰력을 높였고, 물방울이 책상 등에 떨어지지 않도록 컵홀더 바닥면에 홈을 파고 그 안에 스펀지를 넣은 뒤 탈부착 가능하게 설계하여 스펀지의 모세관 현상을 통해 떨어진 물방울이 빠르게 흡수되게 하고 스펀지의 세척 등이 용이하도록 하였다. 이렇게 일상 속의 불편함을 해결할 방법을 고민하면서 아주 기초적이고 간단한 원리로도 유용한 것들을 만들 수 있다는 깨달음을 얻었다.
구슬이 경사로를 따라 이동하다가 가장 늦게 떨어지게 하기 위해 구슬이 한 경사로에 오래 머물게 하고, 구슬의 이동거리가 길어지도록 길을 설계할 방법을 동료 1명과 함께 고민하게 되었다. 처음에는 경사로를 일자로 쭉 띄엄띄엄 설치하여 구슬이 틈새를 거치며 속력이 느려지도록 설계하였는데, 시험삼아 구슬을 굴려보니 구슬이 틈에 걸려 멈춰버리거나 경로 밖으로 튀어나가는 문제가 발생했다. 이로 인해 다른 방법을 고민하던 중 차지하는 공간에 비해 길이가 매우 긴 소장의 구조를 떠올리게 되었고, 이를 응용하여 경사가 완만하고 구불구불한 구조로 경사로를 설계함으로써 구슬의 이동거리를 늘리고 가속도를 줄였으며 구슬이 외벽에 충돌하는 것과 방향을 바꿀 때의 마찰, 이동방향의 반대로 작용하는 관성이 속도의 증폭을 억제하도록 했다. 이 과정에서 설치할 경사로가 모자라는 문제가 발생했는데 동료가 경사로를 고정하는 이쑤시개를 활용하자 재안했고, 이를 수용하여 테이프로 붙인 이쑤시개 두 줄을 레일처럼 만들어 경사로에 덧대는 식으로 문제를 해결했으며 최종적으로 구슬을 굴려봤더니 구슬이 A3용지 정도 크기의 공간에서 50초가 넘도록 머무르다 떨어지게 되었다. 이 과정에서 아이디어를 공유하며 부족한 점을 보완해나가는 협동의 중요성을 다시 한번 깨달았고, 소장의 구조를 응용하여 좋은 결과를 얻게 된 경험을 바탕으로 생명공학에 관심을 갖게 되었다.
<이기적 유전자>를 읽고 자신의 복제만을 위해 존재하는 ""이기적 유전자""에 대해 흥미가 생겼다. 이기적 유전자 중 세포의 생존을 신경쓰지 않고 자신의 복제에만 신경쓰며 그 과정에서 DNA를 망가뜨리는 트랜스포존에 대해 알게 되었고, 세포들이 어떻게 이러한 유전자의 무분별한 발현을 제어하는지 궁금해져 관련 내용을 찾아보다가 RNA 간섭에 대해 알게 되었다. 이를 통해 세포가 특정 RNA를 분해하여 기능을 못하게 만든다는 사실을 알게 되었고, RNA 간섭의 활용 사례로 코로나와 같은 바이러스의 백신 제작에도 쓰인다는 것을 알게 되어 바이오의약품연구원이라는 꿈을 가지게 되었다.",,2026-07-31T10:59:32.000Z (학생-자소서),2026-08-03 19:05:07.810073+00
74ddf74e-a686-43d7-b0bd-6703309b1359,2opqZTOFa37VK3v,2,"평소 텀블러를 두고 공부하다가 텀블러에 맻힌 물방울이 책상에 떨어져 책에 물이 묻거나 텀블러가 미끄러져 물을 종종 엎질러 불편을 겪게 되었고, 이를 해결하기 위해 잘 엎질러지지 않고 물방울로 인해 바닥이 젖지 않는 컵홀더를 만들 계획을 하게 되었다. 컵홀더가 미끄러지지 않게 하기 위해 바닥면에 고무패드를 붙이고, 물방울이 책상 등에 떨어지지 않도록 컵홀더 바닥면에 홈을 파고 그 안에 스펀지를 넣은 뒤 탈부착 가능하게 설계하여 물방울이 컵홀더 바닥에 고이게 하고, 고인 물을 쉽게 버릴 수 있도록 하였다. 이렇게 일상 속의 불편함을 해결할 방법을 고민하면서 아주 기초적이고 간단한 원리로도 유용한 것들을 만들 수 있다는 깨달음을 얻었다.
구슬이 경사로를 따라 이동하다가 가장 늦게 떨어지게 하기 위해 구슬이 한 경사로에 오래 머물게 하고, 구슬의 이동거리가 길어지도록 길을 설계할 방법을 동료 1명과 함께 고민하게 되었다. 처음에는 경사로를 일자로 쭉 띄엄띄엄 설치하여 구슬이 틈새를 거치며 속력이 느려지도록 설계하였는데, 시험삼아 구슬을 굴려보니 구슬이 틈에 걸려 멈춰버리거나 경로 밖으로 튀어나가는 문제가 발생했다. 이로 인해 다른 방법을 고민하던 중 차지하는 공간에 비해 길이가 매우 긴 소장의 구조를 떠올리게 되었고, 이를 응용하여 경사가 완만하고 구불구불한 구조로 경사로를 설계하게 되었다. 이 과정에서 설치할 경사로가 모자라는 문제가 발생했는데 동료가 경사로를 고정하는 이쑤시개를 활용하자 재안했고, 이를 수용하여 테이프로 붙인 이쑤시개 두 줄을 레일처럼 만들어 경사로에 덧대는 식으로 문제를 해결했으며 최종적으로 구슬을 굴려봤더니 구슬이 A3용지 정도 크기의 공간에서 50초가 넘도록 머무르다 떨어지게 되었다. 이 과정에서 아이디어를 공유하며 부족한 점을 보완해나가는 협동의 중요성을 다시 한번 깨달았고, 소장의 구조를 응용하여 좋은 결과를 얻게 된 경험을 바탕으로 생명공학에 관심을 갖게 되었다.
<이기적 유전자>를 읽고 자신의 복제만을 위해 존재하는 ""이기적 유전자""에 대해 흥미가 생겼다. 이기적 유전자 중 세포의 생존을 신경쓰지 않고 자신의 복제에만 신경쓰며 그 과정에서 DNA를 망가뜨리는 트랜스포존에 대해 알게 되었고, 세포들이 어떻게 이러한 유전자의 무분별한 발현을 제어하는지 궁금해져 관련 내용을 찾아보다가 RNA 간섭에 대해 알게 되었다. 이를 통해 세포가 특정 RNA를 분해하여 기능을 못하게 만든다는 사실을 알게 되었고, RNA 간섭의 활용 사례로 코로나와 같은 바이러스의 백신 제작에도 쓰인다는 것을 알게 되어 바이오의약품연구원이라는 꿈을 가지게 되었다.",,2026-07-27T20:00:00.999Z (학생-자소서),2026-08-03 19:05:07.810073+00
932b5d81-cd5d-414d-b8e8-8262799c9923,2opqZTOFa37VK3v,2,"평소 텀블러를 두고 공부하다가 텀블러에 맻힌 물방울이 책상에 떨어져 책에 물이 묻거나 텀블러가 미끄러져 물을 종종 엎질러 불편을 겪게 되었고, 이를 해결하기 위해 잘 엎질러지지 않고 물방울로 인해 바닥이 젖지 않는 컵홀더를 만들 계획을 하게 되었다. 컵홀더가 미끄러지지 않게 하기 위해 바닥면에 높은 마찰계수를 가진 고무패드를 붙여 바닥과 컵홀더 사이의 마찰력을 높였고, 물방울이 책상 등에 떨어지지 않도록 컵홀더 바닥면에 홈을 파고 그 안에 스펀지를 넣은 뒤 탈부착 가능하게 설계하여 스펀지의 모세관 현상을 통해 떨어진 물방울이 빠르게 흡수되게 하고 스펀지의 세척 등이 용이하도록 하였다. 이렇게 일상 속의 불편함을 해결할 방법을 고민하면서 아주 기초적이고 간단한 원리로도 유용한 것들을 만들 수 있다는 깨달음을 얻었다.
구슬이 경사로를 따라 이동하다가 가장 늦게 떨어지게 하기 위해 구슬이 한 경사로에 오래 머물게 하고, 구슬의 이동거리가 길어지도록 길을 설계할 방법을 동료 1명과 함께 고민하게 되었다. 처음에는 경사로를 일자로 쭉 띄엄띄엄 설치하여 구슬이 틈새를 거치며 속력이 느려지도록 설계하였는데, 시험삼아 구슬을 굴려보니 구슬이 틈에 걸려 멈춰버리거나 경로 밖으로 튀어나가는 문제가 발생했다. 이로 인해 다른 방법을 고민하던 중 차지하는 공간에 비해 길이가 매우 긴 소장의 구조를 떠올리게 되었고, 이를 응용하여 경사가 완만하고 구불구불한 구조로 경사로를 설계함으로써 구슬의 이동거리를 늘리고 가속도를 줄였으며 구슬이 외벽에 충돌하는 것과 방향을 바꿀 때의 마찰, 이동방향의 반대로 작용하는 관성이 속도의 증폭을 억제하도록 했다. 이 과정에서 설치할 경사로가 모자라는 문제가 발생했는데 동료가 경사로를 고정하는 이쑤시개를 활용하자 재안했고, 이를 수용하여 테이프로 붙인 이쑤시개 두 줄을 레일처럼 만들어 경사로에 덧대는 식으로 문제를 해결했으며 최종적으로 구슬을 굴려봤더니 구슬이 A3용지 정도 크기의 공간에서 50초가 넘도록 머무르다 떨어지게 되었다. 이 과정에서 아이디어를 공유하며 부족한 점을 보완해나가는 협동의 중요성을 다시 한번 깨달았고, 소장의 구조를 응용하여 좋은 결과를 얻게 된 경험을 바탕으로 생명공학에 관심을 갖게 되었다.
<이기적 유전자>를 읽고 자신의 복제만을 위해 존재하는 ""이기적 유전자""에 대해 흥미가 생겼다. 이기적 유전자 중 세포의 생존을 신경쓰지 않고 자신의 복제에만 신경쓰며 그 과정에서 DNA를 망가뜨리는 트랜스포존에 대해 알게 되었고, 세포들이 어떻게 이러한 유전자의 무분별한 발현을 제어하는지 궁금해져 관련 내용을 찾아보다가 RNA 간섭에 대해 알게 되었다. 이를 통해 세포가 특정 RNA를 분해하여 기능을 못하게 만든다는 사실을 알게 되었고, RNA 간섭의 활용 사례로 코로나와 같은 바이러스의 백신 제작에도 쓰인다는 것을 알게 되어 바이오의약품연구원이라는 꿈을 가지게 되었다.",,2026-08-03T01:58:49.000Z (학생-자소서),2026-08-03 19:05:07.810073+00
6703e2aa-db6e-4dde-8bee-3d9e57eb03eb,2opqZTOFa37VK3v,2,"평소 텀블러를 두고 공부하다가 텀블러에 맻힌 물방울이 책상에 떨어져 책에 물이 묻거나 텀블러가 미끄러져 물을 종종 엎질러 불편을 겪게 되었고, 이를 해결하기 위해 잘 엎질러지지 않고 물방울로 인해 바닥이 젖지 않는 컵홀더를 만들 계획을 하게 되었다. 컵홀더가 미끄러지지 않게 하기 위해 바닥면에 높은 마찰계수를 가진 고무패드를 붙여 바닥과 컵홀더 사이의 마찰력을 높였고, 물방울이 책상 등에 떨어지지 않도록 컵홀더 바닥면에 홈을 파고 그 안에 스펀지를 넣은 뒤 탈부착 가능하게 설계하여 스펀지의 모세관 현상을 통해 떨어진 물방울이 빠르게 흡수되게 하고 스펀지의 세척 등이 용이하도록 하였다. 이렇게 일상 속의 불편함을 해결할 방법을 고민하면서 아주 기초적이고 간단한 원리로도 유용한 것들을 만들 수 있다는 깨달음을 얻었다.
구슬이 경사로를 따라 이동하다가 가장 늦게 떨어지게 하기 위해 구슬이 한 경사로에 오래 머물게 하고, 구슬의 이동거리가 길어지도록 길을 설계할 방법을 동료 1명과 함께 고민하게 되었다. 처음에는 경사로를 일자로 쭉 띄엄띄엄 설치하여 구슬이 틈새를 거치며 속력이 느려지도록 설계하였는데, 시험삼아 구슬을 굴려보니 구슬이 틈에 걸려 멈춰버리거나 경로 밖으로 튀어나가는 문제가 발생했다. 이로 인해 다른 방법을 고민하던 중 차지하는 공간에 비해 길이가 매우 긴 소장의 구조를 떠올리게 되었고, 이를 응용하여 경사가 완만하고 구불구불한 구조로 경사로를 설계함으로써 구슬의 이동거리를 늘리고 가속도를 줄였으며 구슬이 외벽에 충돌하는 것과 방향을 바꿀 때의 마찰, 이동방향의 반대로 작용하는 관성이 속도의 증폭을 억제하도록 했다. 이 과정에서 설치할 경사로가 모자라는 문제가 발생했는데 동료가 경사로를 고정하는 이쑤시개를 활용하자 재안했고, 이를 수용하여 테이프로 붙인 이쑤시개 두 줄을 레일처럼 만들어 경사로에 덧대는 식으로 문제를 해결했으며 최종적으로 구슬을 굴려봤더니 구슬이 A3용지 정도 크기의 공간에서 50초가 넘도록 머무르다 떨어지게 되었다. 이 과정에서 아이디어를 공유하며 부족한 점을 보완해나가는 협동의 중요성을 다시 한번 깨달았고, 소장의 구조를 응용하여 좋은 결과를 얻게 된 경험을 바탕으로 생명공학에 관심을 갖게 되었다.
<이기적 유전자>를 읽고 자신의 복제만을 위해 존재하는 ""이기적 유전자""에 대해 흥미가 생겼다. 이기적 유전자 중 세포의 생존을 신경쓰지 않고 자신의 복제에만 신경쓰며 그 과정에서 DNA를 망가뜨리는 트랜스포존에 대해 알게 되었고, 세포들이 어떻게 이러한 유전자의 무분별한 발현을 제어하는지 궁금해져 관련 내용을 찾아보다가 RNA 간섭에 대해 알게 되었다. 이를 통해 세포가 특정 RNA를 분해하여 기능을 못하게 만든다는 사실을 알게 되었고, RNA 간섭의 활용 사례로 코로나와 같은 바이러스의 백신 제작에도 쓰인다는 것을 알게 되어 바이오의약품연구원이라는 꿈을 가지게 되었다.","주제1

제목
고무판을 이용한 미끄럼 방지와 모세관 원리를 이용한 주변이 젖지 않는 방지한 컵홀더 제작

1) 글자수부족
2) 이 활동을 통해 깨달은 것을 활용한 사례를 제시 필요

주제2

제목
소장의 길고 구불구불한 구조를 이용한 낙하 시간 지연 구슬 경사로 제작 및 협동 탐구

1) 처음 실패한 이유를 간단하게 정리
2) 소장의 원리도 간단하게 정리
3) 글자수가 많음

주제3

1) 이기적유전자를 읽고 현재 공부한 내용과 적용새서 설명할 것
2) 내용수정필요.",최신,2026-08-03 19:05:07.810073+00
ab0eaec0-346b-4ce3-b406-508ec1fc0873,2opqZTOFa37VK3v,2,"학교에서 진행한 과학발명아이디어대회에서 일상생활에서의 불편함을 해소할 발명품을 구상하게 되었고, 평소 텀블러를 두고 공부하다가 텀블러의 물기 때문에 책에 물이 묻거나 텀블러가 미끄러져 물을 종종 엎질렀던 경험을 떠올려 잘 엎질러지지 않고 물기가 덜 생기는 컵홀더를 만들 계획을 하게 되었다. ",,2026-07-18T11:49:48.000Z (학생-자소서),2026-08-03 19:05:07.810073+00
46aa1e02-6e1d-40f9-8c08-50ceded80894,2opqZTOFa37VK3v,2,,"주제1

제목
고무판을 이용한 미끄럼 방지와 모세관 원리를 이용한 주변이 젖지 않는 방지한 컵홀더 제작

1) 글자수부족
2) 이 활동을 통해 깨달은 것을 활용한 사례를 제시 필요

주제2

제목
소장의 길고 구불구불한 구조를 이용한 낙하 시간 지연 구슬 경사로 제작 및 협동 탐구

1) 처음 실패한 이유를 간단하게 정리
2) 소장의 원리도 간단하게 정리
3) 글자수가 많음

주제3

1) 이기적유전자를 읽고 현재 공부한 내용과 적용새서 설명할 것
2) 내용수정필요.",2026-08-03T21:25:01.000Z (선생님-피드백),2026-08-03 19:05:07.810073+00
e1965752-989a-42a8-94fc-fbd07e53bd56,2opqZTOFa37VK3v,2,"평소 텀블러를 두고 공부하다가 텀블러에 맻힌 물방울이 책상에 떨어져 책에 물이 묻거나 텀블러가 미끄러져 물을 종종 엎질러 불편을 겪게 되었고, 이를 해결하기 위해 잘 엎질러지지 않고 물방울로 인해 바닥이 젖지 않는 컵홀더를 만들 계획을 하게 되었다. 컵홀더가 미끄러지지 않게 하기 위해 바닥면에 높은 마찰계수를 가진 고무패드를 붙여 바닥과 컵홀더 사이의 마찰력을 높였고, 물방울이 책상 등에 떨어지지 않도록 컵홀더 바닥면에 홈을 파고 그 안에 스펀지를 넣은 뒤 탈부착 가능하게 설계하여 스펀지의 모세관 현상을 통해 떨어진 물방울이 빠르게 흡수되게 하고 스펀지의 세척 등이 용이하도록 하였다. 이렇게 일상 속의 불편함을 해결할 방법을 고민하면서 아주 기초적이고 간단한 원리로도 유용한 것들을 만들 수 있다는 깨달음을 얻었다.
구슬이 경사로를 따라 이동하다가 가장 늦게 떨어지게 하기 위해 구슬이 한 경사로에 오래 머물게 하고, 구슬의 이동거리가 길어지도록 길을 설계할 방법을 동료 1명과 함께 고민하게 되었다. 처음에는 경사로를 일자로 쭉 띄엄띄엄 설치하여 구슬이 틈새를 거치며 속력이 느려지도록 설계하였는데, 시험삼아 구슬을 굴려보니 구슬이 틈에 걸려 멈춰버리거나 경로 밖으로 튀어나가는 문제가 발생했다. 이로 인해 다른 방법을 고민하던 중 차지하는 공간에 비해 길이가 매우 긴 소장의 구조를 떠올리게 되었고, 이를 응용하여 경사가 완만하고 구불구불한 구조로 경사로를 설계함으로써 구슬의 이동거리를 늘리고 가속도를 줄였으며 구슬이 외벽에 충돌하는 것과 방향을 바꿀 때의 마찰, 이동방향의 반대로 작용하는 관성이 속도의 증폭을 억제하도록 했다. 이 과정에서 설치할 경사로가 모자라는 문제가 발생했는데 동료가 경사로를 고정하는 이쑤시개를 활용하자 재안했고, 이를 수용하여 테이프로 붙인 이쑤시개 두 줄을 레일처럼 만들어 경사로에 덧대는 식으로 문제를 해결했으며 최종적으로 구슬을 굴려봤더니 구슬이 A3용지 정도 크기의 공간에서 50초가 넘도록 머무르다 떨어지게 되었다. 이 과정에서 아이디어를 공유하며 부족한 점을 보완해나가는 협동의 중요성을 다시 한번 깨달았고, 소장의 구조를 응용하여 좋은 결과를 얻게 된 경험을 바탕으로 생명공학에 관심을 갖게 되었다.
<이기적 유전자>를 읽고 자신의 복제만을 위해 존재하는 ""이기적 유전자""에 대해 흥미가 생겼다. 이기적 유전자 중 세포의 생존을 신경쓰지 않고 자신의 복제에만 신경쓰며 그 과정에서 DNA를 망가뜨리는 트랜스포존에 대해 알게 되었고, 세포들이 어떻게 이러한 유전자의 무분별한 발현을 제어하는지 궁금해져 관련 내용을 찾아보다가 RNA 간섭에 대해 알게 되었다. 이를 통해 세포가 특정 RNA를 분해하여 기능을 못하게 만든다는 사실을 알게 되었고, RNA 간섭의 활용 사례로 코로나와 같은 바이러스의 백신 제작에도 쓰인다는 것을 알게 되어 바이오의약품연구원이라는 꿈을 가지게 되었다.",,2026-08-03T03:22:36.000Z (학생-자소서),2026-08-03 19:05:07.810073+00
0babc329-6b72-4158-a1da-54aad1ec958c,2opqZTOFa37VK3v,2,"평소 텀블러를 두고 공부하다가 텀블러에 맻힌 물방울이 책상에 떨어져 책에 물이 묻거나 텀블러가 미끄러져 물을 종종 엎질러 불편을 겪게 되었고, 이를 해결하기 위해 잘 엎질러지지 않고 물방울로 인해 바닥이 젖지 않는 컵홀더를 만들 계획을 하게 되었다. 컵홀더가 미끄러지지 않게 하기 위해 바닥면에 높은 마찰계수를 가진 고무패드를 붙여 바닥과 컵홀더 사이의 마찰력을 높였고, 물방울이 책상 등에 떨어지지 않도록 컵홀더 바닥면에 홈을 파고 그 안에 스펀지를 넣은 뒤 탈부착 가능하게 설계하여 스펀지의 모세관 현상을 통해 떨어진 물방울이 빠르게 흡수되게 하고 스펀지의 세척 등이 용이하도록 하였다. 이렇게 일상 속의 불편함을 해결할 방법을 고민하면서 아주 기초적이고 간단한 원리로도 유용한 것들을 만들 수 있다는 깨달음을 얻었다.
구슬이 경사로를 따라 이동하다가 가장 늦게 떨어지게 하기 위해 구슬이 한 경사로에 오래 머물게 하고, 구슬의 이동거리가 길어지도록 길을 설계할 방법을 동료 1명과 함께 고민하게 되었다. 처음에는 경사로를 일자로 쭉 띄엄띄엄 설치하여 구슬이 틈새를 거치며 속력이 느려지도록 설계하였는데, 시험삼아 구슬을 굴려보니 구슬이 틈에 걸려 멈춰버리거나 경로 밖으로 튀어나가는 문제가 발생했다. 이로 인해 다른 방법을 고민하던 중 차지하는 공간에 비해 길이가 매우 긴 소장의 구조를 떠올리게 되었고, 이를 응용하여 경사가 완만하고 구불구불한 구조로 경사로를 설계함으로써 구슬의 이동거리를 늘리고 가속도를 줄였으며 구슬이 외벽에 충돌하는 것과 방향을 바꿀 때의 마찰, 이동방향의 반대로 작용하는 관성이 속도의 증폭을 억제하도록 했다. 이 과정에서 설치할 경사로가 모자라는 문제가 발생했는데 동료가 경사로를 고정하는 이쑤시개를 활용하자 재안했고, 이를 수용하여 테이프로 붙인 이쑤시개 두 줄을 레일처럼 만들어 경사로에 덧대는 식으로 문제를 해결했으며 최종적으로 구슬을 굴려봤더니 구슬이 A3용지 정도 크기의 공간에서 50초가 넘도록 머무르다 떨어지게 되었다. 이 과정에서 아이디어를 공유하며 부족한 점을 보완해나가는 협동의 중요성을 다시 한번 깨달았고, 소장의 구조를 응용하여 좋은 결과를 얻게 된 경험을 바탕으로 생명공학에 관심을 갖게 되었다.
<이기적 유전자>를 읽고 자신의 복제만을 위해 존재하는 ""이기적 유전자""에 대해 흥미가 생겼다. 이기적 유전자 중 세포의 생존을 신경쓰지 않고 자신의 복제에만 신경쓰며 그 과정에서 DNA를 망가뜨리는 트랜스포존에 대해 알게 되었고, 세포들이 어떻게 이러한 유전자의 무분별한 발현을 제어하는지 궁금해져 관련 내용을 찾아보다가 RNA 간섭에 대해 알게 되었다. 이를 통해 세포가 특정 RNA를 분해하여 기능을 못하게 만든다는 사실을 알게 되었고, RNA 간섭의 활용 사례로 코로나와 같은 바이러스의 백신 제작에도 쓰인다는 것을 알게 되어 바이오의약품연구원이라는 꿈을 가지게 되었다.",,2026-08-03T10:49:57.000Z (학생-자소서),2026-08-03 19:05:07.810073+00
d050326d-1e2a-4195-b25e-17e322e8940b,2opqZTOFa37VK3v,2,"평소 텀블러를 두고 공부하다가 텀블러에 맻힌 물방울이 책상에 떨어져 책에 물이 묻거나 텀블러가 미끄러져 물을 종종 엎질러 불편을 겪게 되었고, 이를 해결하기 위해 잘 엎질러지지 않고 물방울로 인해 바닥이 젖지 않는 컵홀더를 만들 계획을 하게 되었다. 컵홀더가 미끄러지지 않게 하기 위해 바닥면에 높은 마찰계수를 가진 고무패드를 붙여 바닥과 컵홀더 사이의 마찰력을 높였고, 물방울이 책상 등에 떨어지지 않도록 컵홀더 바닥면에 홈을 파고 그 안에 스펀지를 넣은 뒤 탈부착 가능하게 설계하여 스펀지의 모세관 현상을 통해 떨어진 물방울이 빠르게 흡수되게 하고 스펀지의 세척 등이 용이하도록 하였다. 이렇게 일상 속의 불편함을 해결할 방법을 고민하면서 아주 기초적이고 간단한 원리로도 유용한 것들을 만들 수 있다는 깨달음을 얻었다.
구슬이 경사로를 따라 이동하다가 가장 늦게 떨어지게 하기 위해 구슬이 한 경사로에 오래 머물게 하고, 구슬의 이동거리가 길어지도록 길을 설계할 방법을 동료 1명과 함께 고민하게 되었다. 처음에는 경사로를 일자로 쭉 띄엄띄엄 설치하여 구슬이 틈새를 거치며 속력이 느려지도록 설계하였는데, 시험삼아 구슬을 굴려보니 구슬이 틈에 걸려 멈춰버리거나 경로 밖으로 튀어나가는 문제가 발생했다. 이로 인해 다른 방법을 고민하던 중 차지하는 공간에 비해 길이가 매우 긴 소장의 구조를 떠올리게 되었고, 이를 응용하여 경사가 완만하고 구불구불한 구조로 경사로를 설계함으로써 구슬의 이동거리를 늘리고 가속도를 줄였으며 구슬이 외벽에 충돌하는 것과 방향을 바꿀 때의 마찰, 이동방향의 반대로 작용하는 관성이 속도의 증폭을 억제하도록 했다. 이 과정에서 설치할 경사로가 모자라는 문제가 발생했는데 동료가 경사로를 고정하는 이쑤시개를 활용하자 재안했고, 이를 수용하여 테이프로 붙인 이쑤시개 두 줄을 레일처럼 만들어 경사로에 덧대는 식으로 문제를 해결했으며 최종적으로 구슬을 굴려봤더니 구슬이 A3용지 정도 크기의 공간에서 50초가 넘도록 머무르다 떨어지게 되었다. 이 과정에서 아이디어를 공유하며 부족한 점을 보완해나가는 협동의 중요성을 다시 한번 깨달았고, 소장의 구조를 응용하여 좋은 결과를 얻게 된 경험을 바탕으로 생명공학에 관심을 갖게 되었다.
<이기적 유전자>를 읽고 자신의 복제만을 위해 존재하는 ""이기적 유전자""에 대해 흥미가 생겼다. 이기적 유전자 중 세포의 생존을 신경쓰지 않고 자신의 복제에만 신경쓰며 그 과정에서 DNA를 망가뜨리는 트랜스포존에 대해 알게 되었고, 세포들이 어떻게 이러한 유전자의 무분별한 발현을 제어하는지 궁금해져 관련 내용을 찾아보다가 RNA 간섭에 대해 알게 되었다. 이를 통해 세포가 특정 RNA를 분해하여 기능을 못하게 만든다는 사실을 알게 되었고, RNA 간섭의 활용 사례로 코로나와 같은 바이러스의 백신 제작에도 쓰인다는 것을 알게 되어 바이오의약품연구원이라는 꿈을 가지게 되었다.",,2026-08-03T11:02:54.000Z (학생-자소서),2026-08-03 19:05:07.810073+00
7c00b97f-5da6-40c7-a8f1-e3b337aa2238,2opqZTOFa37VK3v,2,"평소 텀블러를 두고 공부하다가 텀블러에 맻힌 물방울이 책상에 떨어져 책에 물이 묻거나 텀블러가 미끄러져 물을 종종 엎질러 불편을 겪게 되었고, 이를 해결하기 위해 잘 엎질러지지 않고 물방울로 인해 바닥이 젖지 않는 컵홀더를 만들 계획을 하게 되었다. 컵홀더가 미끄러지지 않게 하기 위해 바닥면에 높은 마찰계수를 가진 고무패드를 붙여 바닥과 컵홀더 사이의 마찰력을 높였고, 물방울이 책상 등에 떨어지지 않도록 컵홀더 바닥면에 홈을 파고 그 안에 스펀지를 넣은 뒤 탈부착 가능하게 설계하여 스펀지의 모세관 현상을 통해 떨어진 물방울이 빠르게 흡수되게 하고 스펀지의 세척 등이 용이하도록 하였다. 이렇게 일상 속의 불편함을 해결할 방법을 고민하면서 아주 기초적이고 간단한 원리로도 유용한 것들을 만들 수 있다는 깨달음을 얻었다.
구슬이 경사로를 따라 이동하다가 가장 늦게 떨어지게 하기 위해 구슬이 한 경사로에 오래 머물게 하고, 구슬의 이동거리가 길어지도록 길을 설계할 방법을 동료 1명과 함께 고민하게 되었다. 처음에는 경사로를 일자로 쭉 띄엄띄엄 설치하여 구슬이 틈새를 거치며 속력이 느려지도록 설계하였는데, 시험삼아 구슬을 굴려보니 구슬이 틈에 걸려 멈춰버리거나 경로 밖으로 튀어나가는 문제가 발생했다. 이로 인해 다른 방법을 고민하던 중 차지하는 공간에 비해 길이가 매우 긴 소장의 구조를 떠올리게 되었고, 이를 응용하여 경사가 완만하고 구불구불한 구조로 경사로를 설계함으로써 구슬의 이동거리를 늘리고 가속도를 줄였으며 구슬이 외벽에 충돌하는 것과 방향을 바꿀 때의 마찰, 이동방향의 반대로 작용하는 관성이 속도의 증폭을 억제하도록 했다. 이 과정에서 설치할 경사로가 모자라는 문제가 발생했는데 동료가 경사로를 고정하는 이쑤시개를 활용하자 재안했고, 이를 수용하여 테이프로 붙인 이쑤시개 두 줄을 레일처럼 만들어 경사로에 덧대는 식으로 문제를 해결했으며 최종적으로 구슬을 굴려봤더니 구슬이 A3용지 정도 크기의 공간에서 50초가 넘도록 머무르다 떨어지게 되었다. 이 과정에서 아이디어를 공유하며 부족한 점을 보완해나가는 협동의 중요성을 다시 한번 깨달았고, 소장의 구조를 응용하여 좋은 결과를 얻게 된 경험을 바탕으로 생명공학에 관심을 갖게 되었다.
<이기적 유전자>를 읽고 자신의 복제만을 위해 존재하는 ""이기적 유전자""에 대해 흥미가 생겼다. 이기적 유전자 중 세포의 생존을 신경쓰지 않고 자신의 복제에만 신경쓰며 그 과정에서 DNA를 망가뜨리는 트랜스포존에 대해 알게 되었고, 세포들이 어떻게 이러한 유전자의 무분별한 발현을 제어하는지 궁금해져 관련 내용을 찾아보다가 RNA 간섭에 대해 알게 되었다. 이를 통해 세포가 특정 RNA를 분해하여 기능을 못하게 만든다는 사실을 알게 되었고, RNA 간섭의 활용 사례로 코로나와 같은 바이러스의 백신 제작에도 쓰인다는 것을 알게 되어 바이오의약품연구원이라는 꿈을 가지게 되었다.",,2026-08-03T03:08:28.000Z (학생-자소서),2026-08-03 19:05:07.810073+00
a1128d7c-5efe-41db-b4c7-6f69fe1dfac6,2opqZTOFa37VK3v,2,"평소 텀블러를 두고 공부하다가 텀블러에 맻힌 물방울이 책상에 떨어져 책에 물이 묻거나 텀블러가 미끄러져 물을 종종 엎질러 불편을 겪게 되었고, 이를 해결하기 위해 잘 엎질러지지 않고 물방울로 인해 바닥이 젖지 않는 컵홀더를 만들 계획을 하게 되었다. 컵홀더가 미끄러지지 않게 하기 위해 바닥면에 높은 마찰계수를 가진 고무패드를 붙여 바닥과 컵홀더 사이의 마찰력을 높였고, 물방울이 책상 등에 떨어지지 않도록 컵홀더 바닥면에 홈을 파고 그 안에 스펀지를 넣은 뒤 탈부착 가능하게 설계하여 스펀지의 모세관 현상을 통해 떨어진 물방울이 빠르게 흡수되게 하고 스펀지의 세척 등이 용이하도록 하였다. 이렇게 일상 속의 불편함을 해결할 방법을 고민하면서 아주 기초적이고 간단한 원리로도 유용한 것들을 만들 수 있다는 깨달음을 얻었다.
구슬이 경사로를 따라 이동하다가 가장 늦게 떨어지게 하기 위해 구슬이 한 경사로에 오래 머물게 하고, 구슬의 이동거리가 길어지도록 길을 설계할 방법을 동료 1명과 함께 고민하게 되었다. 처음에는 경사로를 일자로 쭉 띄엄띄엄 설치하여 구슬이 틈새를 거치며 속력이 느려지도록 설계하였는데, 시험삼아 구슬을 굴려보니 구슬이 틈에 걸려 멈춰버리거나 경로 밖으로 튀어나가는 문제가 발생했다. 이로 인해 다른 방법을 고민하던 중 차지하는 공간에 비해 길이가 매우 긴 소장의 구조를 떠올리게 되었고, 이를 응용하여 경사가 완만하고 구불구불한 구조로 경사로를 설계함으로써 구슬의 이동거리를 늘리고 가속도를 줄였으며 구슬이 외벽에 충돌하는 것과 방향을 바꿀 때의 마찰, 이동방향의 반대로 작용하는 관성이 속도의 증폭을 억제하도록 했다. 이 과정에서 설치할 경사로가 모자라는 문제가 발생했는데 동료가 경사로를 고정하는 이쑤시개를 활용하자 재안했고, 이를 수용하여 테이프로 붙인 이쑤시개 두 줄을 레일처럼 만들어 경사로에 덧대는 식으로 문제를 해결했으며 최종적으로 구슬을 굴려봤더니 구슬이 A3용지 정도 크기의 공간에서 50초가 넘도록 머무르다 떨어지게 되었다. 이 과정에서 아이디어를 공유하며 부족한 점을 보완해나가는 협동의 중요성을 다시 한번 깨달았고, 소장의 구조를 응용하여 좋은 결과를 얻게 된 경험을 바탕으로 생명공학에 관심을 갖게 되었다.
<이기적 유전자>를 읽고 자신의 복제만을 위해 존재하는 ""이기적 유전자""에 대해 흥미가 생겼다. 이기적 유전자 중 세포의 생존을 신경쓰지 않고 자신의 복제에만 신경쓰며 그 과정에서 DNA를 망가뜨리는 트랜스포존에 대해 알게 되었고, 세포들이 어떻게 이러한 유전자의 무분별한 발현을 제어하는지 궁금해져 관련 내용을 찾아보다가 RNA 간섭에 대해 알게 되었다. 이를 통해 세포가 특정 RNA를 분해하여 기능을 못하게 만든다는 사실을 알게 되었고, RNA 간섭의 활용 사례로 코로나와 같은 바이러스의 백신 제작에도 쓰인다는 것을 알게 되어 바이오의약품연구원이라는 꿈을 가지게 되었다.",,2026-07-31T11:27:39.000Z (학생-자소서),2026-08-03 19:05:07.810073+00
303bfa39-5d02-4575-bee8-0b246ef74ce4,2opqZTOFa37VK3v,2,"평소 텀블러를 두고 공부하다가 텀블러에 맻힌 물방울이 책상에 떨어져 책에 물이 묻거나 텀블러가 미끄러져 물을 종종 엎질러 불편을 겪게 되었고, 이를 해결하기 위해 잘 엎질러지지 않고 물방울로 인해 바닥이 젖지 않는 컵홀더를 만들 계획을 하게 되었다. 컵홀더가 미끄러지지 않게 하기 위해 바닥면에 고무패드를 붙이고, 물방울이 책상 등에 떨어지지 않도록 컵홀더 바닥면에 홈을 파고 탈부착 가능하게 설계하여 물방울이 컵홀더 바닥에 고이게 하고, 고인 물을 쉽게 버릴 수 있도록 하였다. 이렇게 일상 속의 불편함을 해결할 방법을 고민하면서 
<이기적 유전자>를 읽었고, 이를 
RNA 간섭
구슬이 경사로를 따라 이동하다가 가장 늦게 떨어지게 하기 위해 구슬이 한 경사로에 오래 머물게 하고, 구슬의 이동거리가 길어지도록 길을 설계할 방법을 동료 1명과 함께 고민하게 되었다. 처음에는 경사로를 일자로 쭉 띄엄띄엄 설치하여 구슬이 틈새를 거치며 속력이 느려지도록 설계하였는데, 시험삼아 구슬을 굴려보니 구슬이 틈에 걸려 멈춰버리거나 경로 밖으로 튀어나가는 문제가 발생했다. 이로 인해 다른 방법을 고민하던 중 차지하는 공간에 비해 길이가 매우 긴 소장의 구조를 떠올리게 되었고, 이를 응용하여 경사가 완만하고 구불구불한 구조로 경사로를 설계하게 되었다. 이 과정에서 설치할 경사로가 모자라는 문제가 발생했는데 동료가 경사로를 고정하는 이쑤시개를 활용하자 재안했고, 이를 수용하여 테이프로 붙인 이쑤시개 두 줄을 레일처럼 만들어 경사로에 덧대는 식으로 문제를 해결했다. 최종적으로 구슬을 굴려봤더니 구슬이 A3용지 정도 크기의 공간에서 50초가 넘도록 머무르다 떨어지게 되었고, 이 과정에서 혼자서는 해결하기 어려운 문제를 협동을 통해 해결해나갈 수 있다는 것을 깨달았고, 기존의 자기중심적인 태도를 반성하고 되돌아보게 하는 계기가 되었다.",,2026-07-25T13:58:42.000Z (학생-자소서),2026-08-03 19:05:07.810073+00
fd8aa89e-76ad-4d6d-9919-f3550e719559,2opqZTOFa37VK3v,2,"학교에서 진행한 과학발명아이디어대회에서 일상생활에서의 불편함을 해소할 발명품을 구상하게 되었고, 평소 텀블러를 두고 공부하다가 텀블러의 물기 때문에 책에 물이 묻거나 텀블러가 미끄러져 물을 종종 엎질렀던 경험을 떠올려 잘 엎질러지지 않고 물기가 덜 생기는 컵홀더를 만들 계획을 하게 되었다. 컵홀더가 미끄러지지 않게 하기 위해 바닥면에 고무패드를 붙이고, 물기가
이깆적 유전자
RNA 간섭",,2026-07-18T13:59:30.999Z (학생-자소서),2026-08-03 19:05:07.810073+00
acf8510c-ee70-4da6-aaba-ceb5b3845be1,2opqZTOFa37VK3v,2,"평소 텀블러를 두고 공부하다가 텀블러에 맻힌 물방울이 책상에 떨어져 책에 물이 묻거나 텀블러가 미끄러져 물을 종종 엎질러 불편을 겪게 되었고, 이를 해결하기 위해 잘 엎질러지지 않고 물방울로 인해 바닥이 젖지 않는 컵홀더를 만들 계획을 하게 되었다. 컵홀더가 미끄러지지 않게 하기 위해 바닥면에 고무패드를 붙이고, 물방울이 책상 등에 떨어지지 않도록 컵홀더 바닥면에 홈을 파고 탈부착 가능하게 설계하여 물방울이 컵홀더 바닥에 고이게 하고, 고인 물을 쉽게 버릴 수 있도록 하였다. 이렇게 일상 속의 불편함을 해결할 방법을 고민하면서 
<이기적 유전자>를 읽었고, 이를 
RNA 간섭
구슬이 경사로를 따라 이동하다가 가장 늦게 떨어지게 하기 위해 구슬이 한 경사로에 오래 머물게 하고, 구슬의 이동거리가 길어지도록 길을 설계할 방법을 동료 1명과 함께 고민하게 되었다. 처음에는 경사로를 일자로 쭉 띄엄띄엄 설치하여 구슬이 틈새를 거치며 속력이 느려지도록 설계하였는데, 시험삼아 구슬을 굴려보니 구슬이 틈에 걸려 멈춰버리거나 경로 밖으로 튀어나가는 문제가 발생했다. 이로 인해 다른 방법을 고민하던 중 차지하는 공간에 비해 길이가 매우 긴 소장의 구조를 떠올리게 되었고, 이를 응용하여 경사가 완만하고 구불구불한 구조로 경사로를 설계하게 되었다. 이 과정에서 설치할 경사로가 모자라는 문제가 발생했는데 동료가 경사로를 고정하는 이쑤시개를 활용하자 재안했고, 이를 수용하여 테이프로 붙인 이쑤시개 두 줄을 레일처럼 만들어 경사로에 덧대는 식으로 문제를 해결했다. 최종적으로 구슬을 굴려봤더니 구슬이 A3용지 정도 크기의 공간에서 50초가 넘도록 머무르다 떨어지게 되었고, 이 과정에서 혼자서는 해결하기 어려운 문제를 협동을 통해 해결해나갈 수 있다는 것을 깨달았고, 기존의 자기중심적인 태도를 반성하고 되돌아보게 하는 계기가 되었다.",,2026-07-25T13:43:17.999Z (학생-자소서),2026-08-03 19:05:07.810073+00
68c5b417-a5bf-4a93-8016-4df963778794,2opqZTOFa37VK3v,2,"평소 텀블러를 두고 공부하다가 텀블러에 맻힌 물방울이 책상에 떨어져 책에 물이 묻거나 텀블러가 미끄러져 물을 종종 엎질러 불편을 겪게 되었고, 이를 해결하기 위해 잘 엎질러지지 않고 물방울로 인해 바닥이 젖지 않는 컵홀더를 만들 계획을 하게 되었다. 컵홀더가 미끄러지지 않게 하기 위해 바닥면에 높은 마찰계수를 가진 고무패드를 붙여 바닥과 컵홀더 사이의 마찰력을 높였고, 물방울이 책상 등에 떨어지지 않도록 컵홀더 바닥면에 홈을 파고 그 안에 스펀지를 넣은 뒤 탈부착 가능하게 설계하여 스펀지의 모세관 현상을 통해 떨어진 물방울이 빠르게 흡수되게 하고 스펀지의 세척 등이 용이하도록 하였다. 이렇게 일상 속의 불편함을 해결할 방법을 고민하면서 아주 기초적이고 간단한 원리로도 유용한 것들을 만들 수 있다는 깨달음을 얻었다.
구슬이 경사로를 따라 이동하다가 가장 늦게 떨어지게 하기 위해 구슬이 한 경사로에 오래 머물게 하고, 구슬의 이동거리가 길어지도록 길을 설계할 방법을 동료 1명과 함께 고민하게 되었다. 처음에는 경사로를 일자로 쭉 띄엄띄엄 설치하여 구슬이 틈새를 거치며 속력이 느려지도록 설계하였는데, 시험삼아 구슬을 굴려보니 구슬이 틈에 걸려 멈춰버리거나 경로 밖으로 튀어나가는 문제가 발생했다. 이로 인해 다른 방법을 고민하던 중 차지하는 공간에 비해 길이가 매우 긴 소장의 구조를 떠올리게 되었고, 이를 응용하여 경사가 완만하고 구불구불한 구조로 경사로를 설계함으로써 구슬의 이동거리를 늘리고 가속도를 줄였으며 구슬이 외벽에 충돌하는 것과 방향을 바꿀 때의 마찰, 이동방향의 반대로 작용하는 관성이 속도의 증폭을 억제하도록 했다. 이 과정에서 설치할 경사로가 모자라는 문제가 발생했는데 동료가 경사로를 고정하는 이쑤시개를 활용하자 재안했고, 이를 수용하여 테이프로 붙인 이쑤시개 두 줄을 레일처럼 만들어 경사로에 덧대는 식으로 문제를 해결했으며 최종적으로 구슬을 굴려봤더니 구슬이 A3용지 정도 크기의 공간에서 50초가 넘도록 머무르다 떨어지게 되었다. 이 과정에서 아이디어를 공유하며 부족한 점을 보완해나가는 협동의 중요성을 다시 한번 깨달았고, 소장의 구조를 응용하여 좋은 결과를 얻게 된 경험을 바탕으로 생명공학에 관심을 갖게 되었다.
<이기적 유전자>를 읽고 자신의 복제만을 위해 존재하는 ""이기적 유전자""에 대해 흥미가 생겼다. 이기적 유전자 중 세포의 생존을 신경쓰지 않고 자신의 복제에만 신경쓰며 그 과정에서 DNA를 망가뜨리는 트랜스포존에 대해 알게 되었고, 세포들이 어떻게 이러한 유전자의 무분별한 발현을 제어하는지 궁금해져 관련 내용을 찾아보다가 RNA 간섭에 대해 알게 되었다. 이를 통해 세포가 특정 RNA를 분해하여 기능을 못하게 만든다는 사실을 알게 되었고, RNA 간섭의 활용 사례로 코로나와 같은 바이러스의 백신 제작에도 쓰인다는 것을 알게 되어 바이오의약품연구원이라는 꿈을 가지게 되었다.",,2026-08-03T01:08:40.000Z (학생-자소서),2026-08-03 19:05:07.810073+00
22e7c0e9-b0a6-4a46-b15b-2191829a1e58,2opqZTOFa37VK3v,2,"학교에서 진행한 과학발명아이디어대회에서 일상생활에서의 불편함을 해소할 발명품을 구상하게 되었고, 평소 텀블러를 두고 공부하다가 텀블러의 물기 때문에 책에 물이 묻거나 텀블러가 미끄러져 물을 종종 엎질렀던 경험을 떠올려 잘 엎질러지지 않고 물기가 덜 생기는 컵홀더를 만들 계획을 하게 되었다. 컵홀더가 미끄러지지 않게 하기 위해 바닥면에 고무패드를 붙이고, 물기가
이깆적 유전자
RNA 간섭",,2026-07-18T12:30:13.999Z (학생-자소서),2026-08-03 19:05:07.810073+00
e62c69c7-ec47-42f5-9255-0b9904959a0c,2opqZTOFa37VK3v,2,"평소 텀블러를 두고 공부하다가 텀블러에 맻힌 물방울이 책상에 떨어져 책에 물이 묻거나 텀블러가 미끄러져 물을 종종 엎질러 불편을 겪게 되었고, 이를 해결하기 위해 잘 엎질러지지 않고 물방울로 인해 바닥이 젖지 않는 컵홀더를 만들 계획을 하게 되었다. 컵홀더가 미끄러지지 않게 하기 위해 바닥면에 높은 마찰계수를 가진 고무패드를 붙여 바닥과 컵홀더 사이의 마찰력을 높였고, 물방울이 책상 등에 떨어지지 않도록 컵홀더 바닥면에 홈을 파고 그 안에 스펀지를 넣은 뒤 탈부착 가능하게 설계하여 스펀지의 모세관 현상을 통해 떨어진 물방울이 빠르게 흡수되게 하고 스펀지의 세척 등이 용이하도록 하였다. 이렇게 일상 속의 불편함을 해결할 방법을 고민하면서 아주 기초적이고 간단한 원리로도 유용한 것들을 만들 수 있다는 깨달음을 얻었다.
구슬이 경사로를 따라 이동하다가 가장 늦게 떨어지게 하기 위해 구슬이 한 경사로에 오래 머물게 하고, 구슬의 이동거리가 길어지도록 길을 설계할 방법을 동료 1명과 함께 고민하게 되었다. 처음에는 경사로를 일자로 쭉 띄엄띄엄 설치하여 구슬이 틈새를 거치며 속력이 느려지도록 설계하였는데, 시험삼아 구슬을 굴려보니 구슬이 틈에 걸려 멈춰버리거나 경로 밖으로 튀어나가는 문제가 발생했다. 이로 인해 다른 방법을 고민하던 중 차지하는 공간에 비해 길이가 매우 긴 소장의 구조를 떠올리게 되었고, 이를 응용하여 경사가 완만하고 구불구불한 구조로 경사로를 설계함으로써 구슬의 이동거리를 늘리고 가속도를 줄였으며 구슬이 외벽에 충돌하는 것과 방향을 바꿀 때의 마찰, 이동방향의 반대로 작용하는 관성이 속도의 증폭을 억제하도록 했다. 이 과정에서 설치할 경사로가 모자라는 문제가 발생했는데 동료가 경사로를 고정하는 이쑤시개를 활용하자 재안했고, 이를 수용하여 테이프로 붙인 이쑤시개 두 줄을 레일처럼 만들어 경사로에 덧대는 식으로 문제를 해결했으며 최종적으로 구슬을 굴려봤더니 구슬이 A3용지 정도 크기의 공간에서 50초가 넘도록 머무르다 떨어지게 되었다. 이 과정에서 아이디어를 공유하며 부족한 점을 보완해나가는 협동의 중요성을 다시 한번 깨달았고, 소장의 구조를 응용하여 좋은 결과를 얻게 된 경험을 바탕으로 생명공학에 관심을 갖게 되었다.
<이기적 유전자>를 읽고 자신의 복제만을 위해 존재하는 ""이기적 유전자""에 대해 흥미가 생겼다. 이기적 유전자 중 세포의 생존을 신경쓰지 않고 자신의 복제에만 신경쓰며 그 과정에서 DNA를 망가뜨리는 트랜스포존에 대해 알게 되었고, 세포들이 어떻게 이러한 유전자의 무분별한 발현을 제어하는지 궁금해져 관련 내용을 찾아보다가 RNA 간섭에 대해 알게 되었다. 이를 통해 세포가 특정 RNA를 분해하여 기능을 못하게 만든다는 사실을 알게 되었고, RNA 간섭의 활용 사례로 코로나와 같은 바이러스의 백신 제작에도 쓰인다는 것을 알게 되어 바이오의약품연구원이라는 꿈을 가지게 되었다.",,2026-08-03T11:00:27.000Z (학생-자소서),2026-08-03 19:05:07.810073+00
f5553907-a456-4b57-8a79-5d05a2cab7ba,2g6pgsJlna5wAK,3,,,최신,2026-08-03 19:05:07.810073+00
c39db937-213e-4f25-8a5b-6cfb03efbb38,2opqZTOFa37VK3v,3,"생체모방을 해본 경험을 통해 생명공학에 관심을 가지게 되고 나서 <이기적 유전자>를 읽고 관련 내용을 탐구하다가 알게 된 RNA 간섭의 활용 사례를 찾아보며 이러한 기술들을 통해 여러 질병 등을 치료하는 바이오의약품연구원의 꿈을 갖게 되었고, 전자현미경,형광현미경, PCR 등을 비롯한 첨단 기자재를 활용한 심화 실험 환경과 과학적 탐구 역량을 극대화할 수 있는 R&E 프로그램 및 동아리 활동이 체계적으로 구축되어 있어 진로활동에 큰 도움이 되는 본교에 지원하게 되었다. 진산과학고에서 생명학술동아리에 가입하여 활동하면서 나의 진로에 관련된 여러 지식을 학습하고, R&E활동을 통해 여러가지 창의적인 주제를 연구하고 발표하면서 창의력을 가지고 꿈에 도전하며 사회에 봉사하는 인재로 성장하여 나의 진로를 이뤄내고 싶다.",,최신,2026-08-03 19:05:07.810073+00
d93f12da-c8ba-4fa9-bc06-43b3f47bd199,2opqZTOFa37VK3v,3,"생체모방을 해본 경험을 통해 생명공학에 관심을 가지게 되고 나서 <이기적 유전자>를 읽고 관련 내용을 탐구하다가 알게 된 RNA 간섭의 활용 사례를 찾아보며 이러한 기술들을 통해 여러 질병 등을 치료하는 바이오의약품연구원의 꿈을 갖게 되었고, 전자현미경,형광현미경, PCR 등을 비롯한 첨단 기자재를 활용한 심화 실험 환경과 과학적 탐구 역량을 극대화할 수 있는 R&E 프로그램 및 동아리 활동이 체계적으로 구축되어 있어 진로활동에 큰 도움이 되는 본교에 지원하게 되었다. 진산과학고에서 생명학술동아리에 가입하여 활동하면서 나의 진로에 관련된 여러 지식을 학습하고, R&E활동을 통해 여러가지 창의적인 주제를 연구하고 발표하면서 창의력을 가지고 꿈에 도전하며 사회에 봉사하는 인재로 성장하여 나의 진로를 이뤄내고 싶다.",,2026-08-03T10:49:57.000Z (학생-자소서),2026-08-03 19:05:07.810073+00
feb74631-904b-434a-9b2a-30aa0bd98a94,2opqZTOFa37VK3v,3,"생체모방을 해본 경험을 통해 생명공학에 관심을 가지게 되고 나서 <이기적 유전자>를 읽고 관련 내용을 탐구하다가 알게 된 RNA 간섭의 활용 사례를 찾아보며 이러한 기술들을 통해 여러 질병 등을 치료하는 바이오의약품연구원의 꿈을 갖게 되었고, 전자현미경,형광현미경, PCR 등을 비롯한 첨단 기자재를 활용한 심화 실험 환경과 과학적 탐구 역량을 극대화할 수 있는 R&E 프로그램 및 동아리 활동이 체계적으로 구축되어 있어 진로활동에 큰 도움이 되는 본교에 지원하게 되었다. 진산과학고에서 생명학술동아리에 가입하여 활동하면서 나의 진로에 관련된 여러 지식을 학습하고, R&E활동을 통해 여러가지 창의적인 주제를 연구하고 발표하면서 창의력을 가지고 꿈에 도전하며 사회에 봉사하는 인재로 성장하여 나의 진로를 이뤄내고 싶다.",,2026-08-03T11:00:27.000Z (학생-자소서),2026-08-03 19:05:07.810073+00
4e59c263-8726-4710-a201-78f5e7870acb,2opqZTOFa37VK3v,3,"생체모방을 해본 경험을 통해 생명공학에 관심을 가지게 되고 나서 <이기적 유전자>를 읽고 관련 내용을 탐구하다가 알게 된 RNA 간섭의 활용 사례를 찾아보며 이러한 기술들을 통해 여러 질병 등을 치료하는 바이오의약품연구원의 꿈을 갖게 되었고, 전자현미경,형광현미경, PCR 등을 비롯한 첨단 기자재를 활용한 심화 실험 환경과 과학적 탐구 역량을 극대화할 수 있는 R&E 프로그램 및 동아리 활동이 체계적으로 구축되어 있어 진로활동에 큰 도움이 되는 본교에 지원하게 되었다. 진산과학고에서 생명학술동아리에 가입하여 활동하면서 나의 진로에 관련된 여러 지식을 학습하고, R&E활동을 통해 여러가지 창의적인 주제를 연구하고 발표하면서 창의력을 가지고 꿈에 도전하며 사회에 봉사하는 인재로 성장하여 나의 진로를 이뤄내고 싶다.",,2026-08-03T03:22:36.000Z (학생-자소서),2026-08-03 19:05:07.810073+00
741f8ba3-f2e4-4e15-87e2-a290534e3ec6,2opqZTOFa37VK3v,3,"<이기적 유전자>를 읽고 관련 내용을 탐구하다가 알게 된 RNA 간섭의 활용 사례를 찾아보며 이러한 기술들을 통해 여러 질병 등을 치료하는 바이오의약품연구원의 꿈을 갖게 되었고, 전자현미경과 PCR 등을 비롯한 첨단 기자재를 활용한 심화 실험 환경과 과학적 탐구 역량을 극대화할 수 있는 R&E 프로그램 및 동아리 활동이 체계적으로 구축되어 있어 진로활동에 큰 도움이 되는 본교에 지원하게 되었다. 진산과학고에서 ",,2026-08-03T03:08:28.000Z (학생-자소서),2026-08-03 19:05:07.810073+00
2e0d6772-f4dd-4708-9a50-b1fa72259036,2opqZTOFa37VK3v,3,"생체모방을 해본 경험을 통해 생명공학에 관심을 가지게 되고 나서 <이기적 유전자>를 읽고 관련 내용을 탐구하다가 알게 된 RNA 간섭의 활용 사례를 찾아보며 이러한 기술들을 통해 여러 질병 등을 치료하는 바이오의약품연구원의 꿈을 갖게 되었고, 전자현미경,형광현미경, PCR 등을 비롯한 첨단 기자재를 활용한 심화 실험 환경과 과학적 탐구 역량을 극대화할 수 있는 R&E 프로그램 및 동아리 활동이 체계적으로 구축되어 있어 진로활동에 큰 도움이 되는 본교에 지원하게 되었다. 진산과학고에서 생명학술동아리에 가입하여 활동하면서 나의 진로에 관련된 여러 지식을 학습하고, R&E활동을 통해 여러가지 창의적인 주제를 연구하고 발표하면서 창의력을 가지고 꿈에 도전하며 사회에 봉사하는 인재로 성장하여 나의 진로를 이뤄내고 싶다.",,2026-08-03T11:02:54.000Z (학생-자소서),2026-08-03 19:05:07.810073+00
02c371ef-8bb5-4d38-a470-415903e026d8,2g6pgsJlna5wAK,4,,,최신,2026-08-03 19:05:07.810073+00
9e9035ce-4cac-4d88-bd3e-3209ae4e0140,2opqZTOFa37VK3v,4,"학교 자율주제 연구 활동에서 발표에 쓸 자료를 위해 최대한 많은 학생들에게 설문조사를 진행해서 표를 만들어야 했는데, 설문조사지를 들고 사람들 한명한명에게 질문하기에는 너무 번거롭고 남은 시간이 촉박하다고 느꼈다. 그래서 모둠원들에게 설문조사 사이트를 활용하자 제안했고 직접 만들게 되었다. 하지만 이 사이트를 어떻게 단기간에 많은 사람들에게 알릴지에 대한 방법이 떠오르지 않아 문제가 발생했는데, 모둠원 1명이 QR코드를 만든 후 포스터로 인쇄하자 제안했고 포스터를 너무 많이 붙이지 않는 조건으로 선생님의 허락을 받아 나를 포함한 모둠 전체가 각자 포스터 디자인, 학교에서 학생들이 가장 많이 지나다니는 곳, 학교 개시물이 보통 붙여지는 높이 등을 분석하여 포스터를 붙이게 되었다. 그 결과 전교생 중 310명이 설문에 참여하게 되었고, 함께 문제를 해결해나가려 했던 이 경험은 협력의 기쁨과 사회적 관계 성장을 주었다.",,2026-08-03T03:22:36.000Z (학생-자소서),2026-08-03 19:05:07.810073+00
9ab6eea9-41e9-44df-b69d-ede383ad9886,2opqZTOFa37VK3v,4,"학교 자율주제 연구 활동에서 발표에 쓸 자료를 위해 최대한 많은 학생들에게 설문조사를 진행해서 표를 만들어야 했는데, 설문조사지를 들고 사람들 한명한명에게 질문하기에는 너무 번거롭고 남은 시간이 촉박하다고 느꼈다. 그래서 모둠원들에게 설문조사 사이트를 활용하자 제안했고 직접 만들게 되었다. 하지만 이 사이트를 어떻게 단기간에 많은 사람들에게 알릴지에 대한 방법이 떠오르지 않아 문제가 발생했는데, 모둠원 1명이 QR코드를 만든 후 포스터로 인쇄하자 제안했고 포스터를 너무 많이 붙이지 않는 조건으로 선생님의 허락을 받아 나를 포함한 모둠 전체가 각자 포스터 디자인, 학교에서 학생들이 가장 많이 지나다니는 곳, 학교 개시물이 보통 붙여지는 높이 등을 분석하여 포스터를 붙이게 되었다. 그 결과 전교생 중 310명이 설문에 참여하게 되었고, 함께 문제를 해결해나가려 했던 이 경험은 협력의 기쁨과 사회적 관계 성장을 주었다.",,최신,2026-08-03 19:05:07.810073+00
bfb694a9-e6cd-46c5-b284-fd824dd51ed8,2opqZTOFa37VK3v,4,"학교 자율주제 연구 활동에서 발표에 쓸 자료를 위해 최대한 많은 학생들에게 설문조사를 진행해서 표를 만들어야 했는데, 설문조사지를 들고 사람들 한명한명에게 질문하기에는 너무 번거롭고 남은 시간이 촉박하다고 느꼈다. 그래서 모둠원들에게 설문조사 사이트를 활용하자 제안했고 직접 만들게 되었다. 하지만 이 사이트를 어떻게 단기간에 많은 사람들에게 알릴지에 대한 방법이 떠오르지 않아 문제가 발생했는데, 모둠원 1명이 QR코드를 만든 후 포스터로 인쇄하자 제안했고 포스터를 너무 많이 붙이지 않는 조건으로 선생님의 허락을 받아 나를 포함한 모둠 전체가 각자 포스터 디자인, 학교에서 학생들이 가장 많이 지나다니는 곳, 학교 개시물이 보통 붙여지는 높이 등을 분석하여 포스터를 붙이게 되었다. 그 결과 전교생 중 310명이 설문에 참여하게 되었고, 함께 문제를 해결해나가려 했던 이 경험은 협력의 기쁨과 사회적 관계 성장을 주었다.",,2026-08-03T10:49:57.000Z (학생-자소서),2026-08-03 19:05:07.810073+00
da89c28c-86f7-4394-b7e0-37d6fd3b8822,2opqZTOFa37VK3v,4,"학교 자율주제 연구 활동에서 발표에 쓸 자료를 위해 최대한 많은 학생들에게 설문조사를 진행해서 표를 만들어야 했는데, 설문조사지를 들고 사람들 한명한명에게 질문하기에는 너무 번거롭고 남은 시간이 촉박하다고 느꼈다. 그래서 모둠원들에게 설문조사 사이트를 활용하자 제안했고 직접 만들게 되었다. 하지만 이 사이트를 어떻게 단기간에 많은 사람들에게 알릴지에 대한 방법이 떠오르지 않아 문제가 발생했는데, 모둠원 1명이 QR코드를 만든 후 포스터로 인쇄하자 제안했고 포스터를 너무 많이 붙이지 않는 조건으로 선생님의 허락을 받아 나를 포함한 모둠 전체가 각자 포스터 디자인, 학교에서 학생들이 가장 많이 지나다니는 곳, 학교 개시물이 보통 붙여지는 높이 등을 분석하여 포스터를 붙이게 되었다. 그 결과 전교생 중 310명이 설문에 참여하게 되었고, 함께 문제를 해결해나가려 했던 이 경험은 협력의 기쁨과 사회적 관계 성장을 주었다.",,2026-08-03T11:02:54.000Z (학생-자소서),2026-08-03 19:05:07.810073+00
4c96d231-1e7a-468a-ab81-3ce2c0e76191,2opqZTOFa37VK3v,4,"학교 자율주제 연구 활동에서 발표에 쓸 자료를 위해 최대한 많은 학생들에게 설문조사를 진행해서 표를 만들어야 했는데, 설문조사지를 들고 사람들 한명한명에게 질문하기에는 너무 번거롭고 남은 시간이 촉박하다고 느꼈다. 그래서 모둠원들에게 설문조사 사이트를 활용하자 제안했고 직접 만들게 되었다. 하지만 이 사이트를 어떻게 단기간에 많은 사람들에게 알릴지에 대한 방법이 떠오르지 않아 문제가 발생했는데, 모둠원 1명이 QR코드를 만든 후 포스터로 인쇄하자 제안했고 포스터를 너무 많이 붙이지 않는 조건으로 선생님의 허락을 받아 나를 포함한 모둠 전체가 각자 포스터 디자인, 학교에서 학생들이 가장 많이 지나다니는 곳, 학교 개시물이 보통 붙여지는 높이 등을 분석하여 포스터를 붙이게 되었다. 그 결과 전교생 중 310명이 설문에 참여하게 되었고, 함께 문제를 해결해나가려 했던 이 경험은 협력의 기쁨과 사회적 관계 성장을 주었다.",,2026-08-03T01:08:40.000Z (학생-자소서),2026-08-03 19:05:07.810073+00
a5965ff7-9ccd-4db3-a551-af405bc040a1,2opqZTOFa37VK3v,4,"학교 자율주제 연구 활동에서 발표에 쓸 자료를 위해 최대한 많은 학생들에게 설문조사를 진행해서 표를 만들어야 했는데, 설문조사지를 들고 사람들 한명한명에게 질문하기에는 너무 번거롭고 남은 시간이 촉박하다고 느꼈다. 그래서 모둠원들에게 설문조사 사이트를 활용하자 제안했고 직접 만들게 되었다. 하지만 이 사이트를 어떻게 단기간에 많은 사람들에게 알릴지에 대한 방법이 떠오르지 않아 문제가 발생했는데, 모둠원 1명이 QR코드를 만든 후 포스터로 인쇄하자 제안했고 포스터를 너무 많이 붙이지 않는 조건으로 선생님의 허락을 받아 나를 포함한 모둠 전체가 각자 포스터 디자인, 학교에서 학생들이 가장 많이 지나다니는 곳, 학교 개시물이 보통 붙여지는 높이 등을 분석하여 포스터를 붙이게 되었다. 그 결과 전교생 중 310명이 설문에 참여하게 되었고, 함께 문제를 해결해나가려 했던 이 경험은 협력의 기쁨과 사회적 관계 성장을 주었다.",,2026-08-03T03:08:28.000Z (학생-자소서),2026-08-03 19:05:07.810073+00
eb3e4fe5-c055-4b85-8a41-43402e09eb45,2opqZTOFa37VK3v,4,"학교 자율주제 연구 활동에서 발표에 쓸 자료를 위해 최대한 많은 학생들에게 설문조사를 진행해서 표를 만들어야 했는데, 설문조사지를 들고 사람들 한명한명에게 질문하기에는 너무 번거롭고 남은 시간이 촉박하다고 느꼈다. 그래서 모둠원들에게 설문조사 사이트를 활용하자 제안했고 직접 만들게 되었다. 하지만 이 사이트를 어떻게 단기간에 많은 사람들에게 알릴지에 대한 방법이 떠오르지 않아 문제가 발생했는데, 모둠원 1명이 QR코드를 만든 후 포스터로 인쇄하자 제안했고 포스터를 너무 많이 붙이지 않는 조건으로 선생님의 허락을 받아 나를 포함한 모둠 전체가 각자 포스터 디자인, 학교에서 학생들이 가장 많이 지나다니는 곳, 학교 개시물이 보통 붙여지는 높이 등을 분석하여 포스터를 붙이게 되었다. 그 결과 전교생 중 310명이 설문에 참여하게 되었고, 함께 문제를 해결해나가려 했던 이 경험은 협력의 기쁨과 사회적 관계 성장을 주었다.",,2026-08-03T11:00:27.000Z (학생-자소서),2026-08-03 19:05:07.810073+00
67adca7f-2fe1-447e-858f-309fa6ea1975,2opqZTOFa37VK3v,4,"학교 자율주제 연구 활동에서 발표에 쓸 자료를 위해 최대한 많은 학생들에게 설문조사를 진행해서 표를 만들어야 했는데, 설문조사지를 들고 사람들 한명한명에게 질문하기에는 너무 번거롭고 남은 시간이 촉박하다고 느꼈다. 그래서 모둠원들에게 설문조사 사이트를 활용하자 제안했고 직접 만들게 되었다. 하지만 이 사이트를 어떻게 단기간에 많은 사람들에게 알릴지에 대한 방법이 떠오르지 않아 문제가 발생했는데, 모둠원 1명이 QR코드를 만든 후 포스터로 인쇄하자 제안했고 포스터를 너무 많이 붙이지 않는 조건으로 선생님의 허락을 받아 나를 포함한 모둠 전체가 각자 포스터 디자인, 학교에서 학생들이 가장 많이 지나다니는 곳, 포스 터가 눈에 가장 잘 띄는 높이 등을 분석하여 포스터를 붙이게 되었다. 그 결과 전교생 중 310명이 설문에 참 여하게 되었고, 함께 문제를 해결해나가려 했던 이 경험은 협력의 기쁨과 사회적 관계 성장을 주었다.",,2026-07-31T11:27:39.000Z (학생-자소서),2026-08-03 19:05:07.810073+00
63cf156e-60c4-4eb1-b8a3-9f29ec65d809,2opqZTOFa37VK3v,4,"학교 자율주제 연구 활동에서 발표에 쓸 자료를 위해 최대한 많은 학생들에게 설문조사를 진행해서 표를 만들어야 했는데, 설문조사지를 들고 사람들 한명한명에게 질문하기에는 너무 번거롭고 남은 시간이 촉박하다고 느꼈다. 그래서 모둠원들에게 설문조사 사이트를 활용하자 제안했고 직접 만들게 되었다. 하지만 이 사이트를 어떻게 단기간에 많은 사람들에게 알릴지에 대한 방법이 떠오르지 않아 문제가 발생했는데, 모둠원 1명이 QR코드를 만든 후 포스터로 인쇄하자 제안했고 포스터를 너무 많이 붙이지 않는 조건으로 선생님의 허락을 받아 나를 포함한 모둠 전체가 각자 포스터 디자인, 학교에서 학생들이 가장 많이 지나다니는 곳, 학교 개시물이 보통 붙여지는 높이 등을 분석하여 포스터를 붙이게 되었다. 그 결과 전교생 중 310명이 설문에 참여하게 되었고, 함께 문제를 해결해나가려 했던 이 경험은 협력의 기쁨과 사회적 관계 성장을 주었다.",,2026-08-03T01:58:49.000Z (학생-자소서),2026-08-03 19:05:07.810073+00